entity_id,state,last_changed
sensor.sigen_plant_consumed_power,3.185000,2026-02-16T21:57:17.681Z
sensor.sigen_plant_consumed_power,3.201000,2026-02-16T21:57:19.172Z
sensor.sigen_plant_consumed_power,3.208000,2026-02-16T21:57:29.183Z
sensor.sigen_plant_consumed_power,3.217000,2026-02-16T21:57:34.164Z
sensor.sigen_plant_consumed_power,3.246000,2026-02-16T21:57:39.223Z
sensor.sigen_plant_consumed_power,3.249000,2026-02-16T21:57:44.172Z
sensor.sigen_plant_consumed_power,3.226000,2026-02-16T21:57:49.203Z
sensor.sigen_plant_consumed_power,3.242000,2026-02-16T21:57:54.174Z
sensor.sigen_plant_consumed_power,3.239000,2026-02-16T21:57:59.186Z
sensor.sigen_plant_consumed_power,3.232000,2026-02-16T21:58:04.198Z
sensor.sigen_plant_consumed_power,3.246000,2026-02-16T21:58:09.204Z
sensor.sigen_plant_consumed_power,3.213000,2026-02-16T21:58:14.193Z
sensor.sigen_plant_consumed_power,3.254000,2026-02-16T21:58:19.176Z
sensor.sigen_plant_consumed_power,3.206000,2026-02-16T21:58:24.213Z
sensor.sigen_plant_consumed_power,3.234000,2026-02-16T21:58:29.163Z
sensor.sigen_plant_consumed_power,3.199000,2026-02-16T21:58:34.177Z
sensor.sigen_plant_consumed_power,3.219000,2026-02-16T21:58:39.205Z
sensor.sigen_plant_consumed_power,3.217000,2026-02-16T21:58:44.163Z
sensor.sigen_plant_consumed_power,3.228000,2026-02-16T21:58:49.173Z
sensor.sigen_plant_consumed_power,3.213000,2026-02-16T21:58:54.194Z
sensor.sigen_plant_consumed_power,3.199000,2026-02-16T21:58:59.192Z
sensor.sigen_plant_consumed_power,3.250000,2026-02-16T21:59:04.166Z
sensor.sigen_plant_consumed_power,3.219000,2026-02-16T21:59:09.189Z
sensor.sigen_plant_consumed_power,3.241000,2026-02-16T21:59:14.173Z
sensor.sigen_plant_consumed_power,3.239000,2026-02-16T21:59:19.183Z
sensor.sigen_plant_consumed_power,3.242000,2026-02-16T21:59:24.176Z
sensor.sigen_plant_consumed_power,3.249000,2026-02-16T21:59:29.195Z
sensor.sigen_plant_consumed_power,3.248000,2026-02-16T21:59:34.183Z
sensor.sigen_plant_consumed_power,3.225000,2026-02-16T21:59:39.184Z
sensor.sigen_plant_consumed_power,3.227000,2026-02-16T21:59:44.194Z
sensor.sigen_plant_consumed_power,1.078000,2026-02-16T21:59:49.194Z
sensor.sigen_plant_consumed_power,1.081000,2026-02-16T21:59:54.165Z
sensor.sigen_plant_consumed_power,1.061000,2026-02-16T22:00:04.223Z
sensor.sigen_plant_consumed_power,1.074000,2026-02-16T22:00:09.193Z
sensor.sigen_plant_consumed_power,1.081000,2026-02-16T22:00:14.204Z
sensor.sigen_plant_consumed_power,1.043000,2026-02-16T22:00:19.173Z
sensor.sigen_plant_consumed_power,1.050000,2026-02-16T22:00:24.185Z
sensor.sigen_plant_consumed_power,1.060000,2026-02-16T22:00:29.185Z
sensor.sigen_plant_consumed_power,1.063000,2026-02-16T22:00:30.163Z
sensor.sigen_plant_consumed_power,1.074000,2026-02-16T22:00:35.216Z
sensor.sigen_plant_consumed_power,1.082000,2026-02-16T22:00:40.182Z
sensor.sigen_plant_consumed_power,1.068000,2026-02-16T22:00:45.183Z
sensor.sigen_plant_consumed_power,1.048000,2026-02-16T22:00:50.163Z
sensor.sigen_plant_consumed_power,1.050000,2026-02-16T22:00:55.173Z
sensor.sigen_plant_consumed_power,1.044000,2026-02-16T22:01:00.233Z
sensor.sigen_plant_consumed_power,1.045000,2026-02-16T22:01:05.174Z
sensor.sigen_plant_consumed_power,1.051000,2026-02-16T22:01:10.186Z
sensor.sigen_plant_consumed_power,1.054000,2026-02-16T22:01:15.164Z
sensor.sigen_plant_consumed_power,1.051000,2026-02-16T22:01:20.175Z
sensor.sigen_plant_consumed_power,1.058000,2026-02-16T22:01:25.183Z
sensor.sigen_plant_consumed_power,1.081000,2026-02-16T22:01:30.165Z
sensor.sigen_plant_consumed_power,1.047000,2026-02-16T22:01:35.184Z
sensor.sigen_plant_consumed_power,1.045000,2026-02-16T22:01:40.185Z
sensor.sigen_plant_consumed_power,1.027000,2026-02-16T22:01:45.183Z
sensor.sigen_plant_consumed_power,1.068000,2026-02-16T22:01:50.165Z
sensor.sigen_plant_consumed_power,1.085000,2026-02-16T22:01:55.186Z
sensor.sigen_plant_consumed_power,1.079000,2026-02-16T22:02:00.264Z
sensor.sigen_plant_consumed_power,1.066000,2026-02-16T22:02:05.176Z
sensor.sigen_plant_consumed_power,1.097000,2026-02-16T22:02:10.174Z
sensor.sigen_plant_consumed_power,1.088000,2026-02-16T22:02:15.164Z
sensor.sigen_plant_consumed_power,1.061000,2026-02-16T22:02:20.207Z
sensor.sigen_plant_consumed_power,1.073000,2026-02-16T22:02:25.184Z
sensor.sigen_plant_consumed_power,1.076000,2026-02-16T22:02:30.173Z
sensor.sigen_plant_consumed_power,1.051000,2026-02-16T22:02:35.195Z
sensor.sigen_plant_consumed_power,1.071000,2026-02-16T22:02:40.174Z
sensor.sigen_plant_consumed_power,1.096000,2026-02-16T22:02:45.167Z
sensor.sigen_plant_consumed_power,1.094000,2026-02-16T22:02:50.186Z
sensor.sigen_plant_consumed_power,1.093000,2026-02-16T22:02:55.184Z
sensor.sigen_plant_consumed_power,1.068000,2026-02-16T22:03:00.240Z
sensor.sigen_plant_consumed_power,1.089000,2026-02-16T22:03:05.184Z
sensor.sigen_plant_consumed_power,1.094000,2026-02-16T22:03:10.186Z
sensor.sigen_plant_consumed_power,1.103000,2026-02-16T22:03:15.194Z
sensor.sigen_plant_consumed_power,1.076000,2026-02-16T22:03:20.184Z
sensor.sigen_plant_consumed_power,1.097000,2026-02-16T22:03:25.174Z
sensor.sigen_plant_consumed_power,1.075000,2026-02-16T22:03:30.194Z
sensor.sigen_plant_consumed_power,1.085000,2026-02-16T22:03:35.184Z
sensor.sigen_plant_consumed_power,1.066000,2026-02-16T22:03:40.195Z
sensor.sigen_plant_consumed_power,1.072000,2026-02-16T22:03:45.174Z
sensor.sigen_plant_consumed_power,1.084000,2026-02-16T22:03:50.184Z
sensor.sigen_plant_consumed_power,1.068000,2026-02-16T22:03:55.164Z
sensor.sigen_plant_consumed_power,1.069000,2026-02-16T22:04:00.264Z
sensor.sigen_plant_consumed_power,1.062000,2026-02-16T22:04:05.194Z
sensor.sigen_plant_consumed_power,1.074000,2026-02-16T22:04:10.165Z
sensor.sigen_plant_consumed_power,1.068000,2026-02-16T22:04:20.184Z
sensor.sigen_plant_consumed_power,1.059000,2026-02-16T22:04:25.165Z
sensor.sigen_plant_consumed_power,0.948000,2026-02-16T22:04:30.164Z
sensor.sigen_plant_consumed_power,0.971000,2026-02-16T22:04:35.170Z
sensor.sigen_plant_consumed_power,0.966000,2026-02-16T22:04:40.178Z
sensor.sigen_plant_consumed_power,0.995000,2026-02-16T22:04:45.176Z
sensor.sigen_plant_consumed_power,0.969000,2026-02-16T22:04:50.185Z
sensor.sigen_plant_consumed_power,0.948000,2026-02-16T22:04:55.184Z
sensor.sigen_plant_consumed_power,0.968000,2026-02-16T22:05:00.266Z
sensor.sigen_plant_consumed_power,1.000000,2026-02-16T22:05:05.184Z
sensor.sigen_plant_consumed_power,0.964000,2026-02-16T22:05:10.266Z
sensor.sigen_plant_consumed_power,0.977000,2026-02-16T22:05:15.174Z
sensor.sigen_plant_consumed_power,0.968000,2026-02-16T22:05:20.248Z
sensor.sigen_plant_consumed_power,0.983000,2026-02-16T22:05:25.184Z
sensor.sigen_plant_consumed_power,0.968000,2026-02-16T22:05:29.454Z
sensor.sigen_plant_consumed_power,0.952000,2026-02-16T22:05:34.174Z
sensor.sigen_plant_consumed_power,0.964000,2026-02-16T22:05:39.195Z
sensor.sigen_plant_consumed_power,0.952000,2026-02-16T22:05:44.174Z
sensor.sigen_plant_consumed_power,0.971000,2026-02-16T22:05:49.209Z
sensor.sigen_plant_consumed_power,0.959000,2026-02-16T22:05:54.194Z
sensor.sigen_plant_consumed_power,0.968000,2026-02-16T22:05:59.174Z
sensor.sigen_plant_consumed_power,0.954000,2026-02-16T22:06:04.176Z
sensor.sigen_plant_consumed_power,0.978000,2026-02-16T22:06:09.166Z
sensor.sigen_plant_consumed_power,0.959000,2026-02-16T22:06:14.195Z
sensor.sigen_plant_consumed_power,0.979000,2026-02-16T22:06:19.175Z
sensor.sigen_plant_consumed_power,0.941000,2026-02-16T22:06:24.195Z
sensor.sigen_plant_consumed_power,0.942000,2026-02-16T22:06:29.175Z
sensor.sigen_plant_consumed_power,0.955000,2026-02-16T22:06:34.186Z
sensor.sigen_plant_consumed_power,0.929000,2026-02-16T22:06:39.205Z
sensor.sigen_plant_consumed_power,0.979000,2026-02-16T22:06:44.165Z
sensor.sigen_plant_consumed_power,0.948000,2026-02-16T22:06:49.186Z
sensor.sigen_plant_consumed_power,0.959000,2026-02-16T22:06:54.195Z
sensor.sigen_plant_consumed_power,0.946000,2026-02-16T22:06:59.177Z
sensor.sigen_plant_consumed_power,0.952000,2026-02-16T22:07:04.195Z
sensor.sigen_plant_consumed_power,0.933000,2026-02-16T22:07:09.185Z
sensor.sigen_plant_consumed_power,0.928000,2026-02-16T22:07:14.170Z
sensor.sigen_plant_consumed_power,0.945000,2026-02-16T22:07:19.185Z
sensor.sigen_plant_consumed_power,0.930000,2026-02-16T22:07:24.185Z
sensor.sigen_plant_consumed_power,0.957000,2026-02-16T22:07:29.195Z
sensor.sigen_plant_consumed_power,0.949000,2026-02-16T22:07:34.188Z
sensor.sigen_plant_consumed_power,0.953000,2026-02-16T22:07:39.177Z
sensor.sigen_plant_consumed_power,0.934000,2026-02-16T22:07:44.186Z
sensor.sigen_plant_consumed_power,0.981000,2026-02-16T22:07:49.185Z
sensor.sigen_plant_consumed_power,0.988000,2026-02-16T22:07:54.195Z
sensor.sigen_plant_consumed_power,0.992000,2026-02-16T22:07:59.175Z
sensor.sigen_plant_consumed_power,0.987000,2026-02-16T22:08:04.185Z
sensor.sigen_plant_consumed_power,0.984000,2026-02-16T22:08:09.182Z
sensor.sigen_plant_consumed_power,0.999000,2026-02-16T22:08:14.175Z
sensor.sigen_plant_consumed_power,0.978000,2026-02-16T22:08:19.196Z
sensor.sigen_plant_consumed_power,0.988000,2026-02-16T22:08:24.205Z
sensor.sigen_plant_consumed_power,0.978000,2026-02-16T22:08:29.175Z
sensor.sigen_plant_consumed_power,0.990000,2026-02-16T22:08:34.185Z
sensor.sigen_plant_consumed_power,0.953000,2026-02-16T22:08:39.196Z
sensor.sigen_plant_consumed_power,0.981000,2026-02-16T22:08:44.256Z
sensor.sigen_plant_consumed_power,0.977000,2026-02-16T22:08:49.185Z
sensor.sigen_plant_consumed_power,0.985000,2026-02-16T22:08:54.175Z
sensor.sigen_plant_consumed_power,0.991000,2026-02-16T22:08:59.195Z
sensor.sigen_plant_consumed_power,0.960000,2026-02-16T22:09:04.198Z
sensor.sigen_plant_consumed_power,0.931000,2026-02-16T22:09:09.181Z
sensor.sigen_plant_consumed_power,0.950000,2026-02-16T22:09:14.165Z
sensor.sigen_plant_consumed_power,0.925000,2026-02-16T22:09:19.205Z
sensor.sigen_plant_consumed_power,0.956000,2026-02-16T22:09:24.165Z
sensor.sigen_plant_consumed_power,0.934000,2026-02-16T22:09:29.187Z
sensor.sigen_plant_consumed_power,0.957000,2026-02-16T22:09:34.187Z
sensor.sigen_plant_consumed_power,0.965000,2026-02-16T22:09:39.176Z
sensor.sigen_plant_consumed_power,0.957000,2026-02-16T22:09:44.178Z
sensor.sigen_plant_consumed_power,0.963000,2026-02-16T22:09:49.209Z
sensor.sigen_plant_consumed_power,0.977000,2026-02-16T22:09:54.176Z
sensor.sigen_plant_consumed_power,0.953000,2026-02-16T22:09:59.186Z
sensor.sigen_plant_consumed_power,0.945000,2026-02-16T22:10:04.177Z
sensor.sigen_plant_consumed_power,0.953000,2026-02-16T22:10:09.165Z
sensor.sigen_plant_consumed_power,0.968000,2026-02-16T22:10:14.187Z
sensor.sigen_plant_consumed_power,0.972000,2026-02-16T22:10:19.187Z
sensor.sigen_plant_consumed_power,0.974000,2026-02-16T22:10:24.185Z
sensor.sigen_plant_consumed_power,0.962000,2026-02-16T22:10:28.876Z
sensor.sigen_plant_consumed_power,0.974000,2026-02-16T22:10:33.175Z
sensor.sigen_plant_consumed_power,0.955000,2026-02-16T22:10:38.187Z
sensor.sigen_plant_consumed_power,0.965000,2026-02-16T22:10:43.206Z
sensor.sigen_plant_consumed_power,0.978000,2026-02-16T22:10:48.185Z
sensor.sigen_plant_consumed_power,0.983000,2026-02-16T22:10:53.175Z
sensor.sigen_plant_consumed_power,0.981000,2026-02-16T22:10:58.176Z
sensor.sigen_plant_consumed_power,0.971000,2026-02-16T22:11:03.200Z
sensor.sigen_plant_consumed_power,0.973000,2026-02-16T22:11:08.169Z
sensor.sigen_plant_consumed_power,0.981000,2026-02-16T22:11:13.176Z
sensor.sigen_plant_consumed_power,0.971000,2026-02-16T22:11:18.186Z
sensor.sigen_plant_consumed_power,0.960000,2026-02-16T22:11:23.187Z
sensor.sigen_plant_consumed_power,0.956000,2026-02-16T22:11:28.197Z
sensor.sigen_plant_consumed_power,0.989000,2026-02-16T22:11:33.196Z
sensor.sigen_plant_consumed_power,0.959000,2026-02-16T22:11:38.218Z
sensor.sigen_plant_consumed_power,0.908000,2026-02-16T22:11:43.169Z
sensor.sigen_plant_consumed_power,0.953000,2026-02-16T22:11:48.189Z
sensor.sigen_plant_consumed_power,0.925000,2026-02-16T22:11:53.187Z
sensor.sigen_plant_consumed_power,0.936000,2026-02-16T22:11:58.166Z
sensor.sigen_plant_consumed_power,0.986000,2026-02-16T22:12:03.166Z
sensor.sigen_plant_consumed_power,0.963000,2026-02-16T22:12:08.180Z
sensor.sigen_plant_consumed_power,0.939000,2026-02-16T22:12:13.166Z
sensor.sigen_plant_consumed_power,0.956000,2026-02-16T22:12:18.198Z
sensor.sigen_plant_consumed_power,0.971000,2026-02-16T22:12:23.186Z
sensor.sigen_plant_consumed_power,0.936000,2026-02-16T22:12:28.169Z
sensor.sigen_plant_consumed_power,0.844000,2026-02-16T22:12:33.172Z
sensor.sigen_plant_consumed_power,0.970000,2026-02-16T22:12:38.197Z
sensor.sigen_plant_consumed_power,0.957000,2026-02-16T22:12:43.186Z
sensor.sigen_plant_consumed_power,0.978000,2026-02-16T22:12:48.186Z
sensor.sigen_plant_consumed_power,0.936000,2026-02-16T22:12:53.199Z
sensor.sigen_plant_consumed_power,0.962000,2026-02-16T22:12:58.186Z
sensor.sigen_plant_consumed_power,0.942000,2026-02-16T22:13:03.181Z
sensor.sigen_plant_consumed_power,0.944000,2026-02-16T22:13:08.178Z
sensor.sigen_plant_consumed_power,0.954000,2026-02-16T22:13:13.196Z
sensor.sigen_plant_consumed_power,0.946000,2026-02-16T22:13:18.176Z
sensor.sigen_plant_consumed_power,0.932000,2026-02-16T22:13:23.196Z
sensor.sigen_plant_consumed_power,0.935000,2026-02-16T22:13:28.168Z
sensor.sigen_plant_consumed_power,0.904000,2026-02-16T22:13:33.169Z
sensor.sigen_plant_consumed_power,0.922000,2026-02-16T22:13:38.204Z
sensor.sigen_plant_consumed_power,0.935000,2026-02-16T22:13:43.176Z
sensor.sigen_plant_consumed_power,0.944000,2026-02-16T22:13:48.177Z
sensor.sigen_plant_consumed_power,0.941000,2026-02-16T22:13:53.206Z
sensor.sigen_plant_consumed_power,0.968000,2026-02-16T22:13:58.176Z
sensor.sigen_plant_consumed_power,0.974000,2026-02-16T22:14:03.206Z
sensor.sigen_plant_consumed_power,0.959000,2026-02-16T22:14:08.181Z
sensor.sigen_plant_consumed_power,0.968000,2026-02-16T22:14:13.256Z
sensor.sigen_plant_consumed_power,0.960000,2026-02-16T22:14:18.197Z
sensor.sigen_plant_consumed_power,0.974000,2026-02-16T22:14:23.219Z
sensor.sigen_plant_consumed_power,0.961000,2026-02-16T22:14:28.186Z
sensor.sigen_plant_consumed_power,0.955000,2026-02-16T22:14:38.177Z
sensor.sigen_plant_consumed_power,0.957000,2026-02-16T22:14:43.247Z
sensor.sigen_plant_consumed_power,0.972000,2026-02-16T22:14:48.177Z
sensor.sigen_plant_consumed_power,0.961000,2026-02-16T22:14:53.214Z
sensor.sigen_plant_consumed_power,0.953000,2026-02-16T22:14:58.168Z
sensor.sigen_plant_consumed_power,0.956000,2026-02-16T22:15:03.197Z
sensor.sigen_plant_consumed_power,0.957000,2026-02-16T22:15:08.177Z
sensor.sigen_plant_consumed_power,0.959000,2026-02-16T22:15:13.197Z
sensor.sigen_plant_consumed_power,0.981000,2026-02-16T22:15:18.177Z
sensor.sigen_plant_consumed_power,0.961000,2026-02-16T22:15:23.207Z
sensor.sigen_plant_consumed_power,0.984000,2026-02-16T22:15:28.199Z
sensor.sigen_plant_consumed_power,0.957000,2026-02-16T22:15:28.636Z
sensor.sigen_plant_consumed_power,0.968000,2026-02-16T22:15:33.177Z
sensor.sigen_plant_consumed_power,0.979000,2026-02-16T22:15:38.201Z
sensor.sigen_plant_consumed_power,0.975000,2026-02-16T22:15:43.209Z
sensor.sigen_plant_consumed_power,0.965000,2026-02-16T22:15:48.166Z
sensor.sigen_plant_consumed_power,0.970000,2026-02-16T22:15:58.189Z
sensor.sigen_plant_consumed_power,0.959000,2026-02-16T22:16:03.202Z
sensor.sigen_plant_consumed_power,0.963000,2026-02-16T22:16:08.449Z
sensor.sigen_plant_consumed_power,0.975000,2026-02-16T22:16:13.197Z
sensor.sigen_plant_consumed_power,0.965000,2026-02-16T22:16:18.197Z
sensor.sigen_plant_consumed_power,0.954000,2026-02-16T22:16:23.187Z
sensor.sigen_plant_consumed_power,0.990000,2026-02-16T22:16:28.180Z
sensor.sigen_plant_consumed_power,0.982000,2026-02-16T22:16:33.199Z
sensor.sigen_plant_consumed_power,0.962000,2026-02-16T22:16:38.188Z
sensor.sigen_plant_consumed_power,0.975000,2026-02-16T22:16:43.189Z
sensor.sigen_plant_consumed_power,0.955000,2026-02-16T22:16:48.177Z
sensor.sigen_plant_consumed_power,0.988000,2026-02-16T22:16:53.217Z
sensor.sigen_plant_consumed_power,0.974000,2026-02-16T22:16:58.237Z
sensor.sigen_plant_consumed_power,0.971000,2026-02-16T22:17:03.188Z
sensor.sigen_plant_consumed_power,0.960000,2026-02-16T22:17:08.178Z
sensor.sigen_plant_consumed_power,0.976000,2026-02-16T22:17:13.207Z
sensor.sigen_plant_consumed_power,0.971000,2026-02-16T22:17:18.177Z
sensor.sigen_plant_consumed_power,0.969000,2026-02-16T22:17:23.179Z
sensor.sigen_plant_consumed_power,0.952000,2026-02-16T22:17:28.217Z
sensor.sigen_plant_consumed_power,0.998000,2026-02-16T22:17:33.188Z
sensor.sigen_plant_consumed_power,0.990000,2026-02-16T22:17:38.180Z
sensor.sigen_plant_consumed_power,1.041000,2026-02-16T22:17:43.177Z
sensor.sigen_plant_consumed_power,0.962000,2026-02-16T22:17:48.198Z
sensor.sigen_plant_consumed_power,0.965000,2026-02-16T22:17:53.219Z
sensor.sigen_plant_consumed_power,0.964000,2026-02-16T22:17:58.178Z
sensor.sigen_plant_consumed_power,0.961000,2026-02-16T22:18:03.201Z
sensor.sigen_plant_consumed_power,0.962000,2026-02-16T22:18:08.198Z
sensor.sigen_plant_consumed_power,0.981000,2026-02-16T22:18:13.178Z
sensor.sigen_plant_consumed_power,0.956000,2026-02-16T22:18:18.198Z
sensor.sigen_plant_consumed_power,0.952000,2026-02-16T22:18:23.191Z
sensor.sigen_plant_consumed_power,0.997000,2026-02-16T22:18:28.169Z
sensor.sigen_plant_consumed_power,0.965000,2026-02-16T22:18:33.189Z
sensor.sigen_plant_consumed_power,0.955000,2026-02-16T22:18:38.188Z
sensor.sigen_plant_consumed_power,0.982000,2026-02-16T22:18:43.179Z
sensor.sigen_plant_consumed_power,0.964000,2026-02-16T22:18:48.184Z
sensor.sigen_plant_consumed_power,0.946000,2026-02-16T22:18:53.189Z
sensor.sigen_plant_consumed_power,0.984000,2026-02-16T22:18:58.203Z
sensor.sigen_plant_consumed_power,0.974000,2026-02-16T22:19:03.188Z
sensor.sigen_plant_consumed_power,0.948000,2026-02-16T22:19:08.168Z
sensor.sigen_plant_consumed_power,0.953000,2026-02-16T22:19:13.198Z
sensor.sigen_plant_consumed_power,0.929000,2026-02-16T22:19:18.199Z
sensor.sigen_plant_consumed_power,0.968000,2026-02-16T22:19:23.169Z
sensor.sigen_plant_consumed_power,0.942000,2026-02-16T22:19:28.181Z
sensor.sigen_plant_consumed_power,0.948000,2026-02-16T22:19:33.198Z
sensor.sigen_plant_consumed_power,0.944000,2026-02-16T22:19:38.171Z
sensor.sigen_plant_consumed_power,0.956000,2026-02-16T22:19:43.178Z
sensor.sigen_plant_consumed_power,0.951000,2026-02-16T22:19:48.208Z
sensor.sigen_plant_consumed_power,0.959000,2026-02-16T22:19:53.179Z
sensor.sigen_plant_consumed_power,0.962000,2026-02-16T22:19:58.171Z
sensor.sigen_plant_consumed_power,0.960000,2026-02-16T22:20:03.178Z
sensor.sigen_plant_consumed_power,0.950000,2026-02-16T22:20:08.189Z
sensor.sigen_plant_consumed_power,0.964000,2026-02-16T22:20:13.198Z
sensor.sigen_plant_consumed_power,0.949000,2026-02-16T22:20:18.198Z
sensor.sigen_plant_consumed_power,0.943000,2026-02-16T22:20:23.190Z
sensor.sigen_plant_consumed_power,0.941000,2026-02-16T22:20:28.189Z
sensor.sigen_plant_consumed_power,0.963000,2026-02-16T22:20:33.188Z
sensor.sigen_plant_consumed_power,0.943000,2026-02-16T22:20:34.388Z
sensor.sigen_plant_consumed_power,1.010000,2026-02-16T22:20:39.187Z
sensor.sigen_plant_consumed_power,0.965000,2026-02-16T22:20:44.180Z
sensor.sigen_plant_consumed_power,0.988000,2026-02-16T22:20:49.229Z
sensor.sigen_plant_consumed_power,0.972000,2026-02-16T22:20:54.187Z
sensor.sigen_plant_consumed_power,0.990000,2026-02-16T22:20:59.218Z
sensor.sigen_plant_consumed_power,0.987000,2026-02-16T22:21:04.208Z
sensor.sigen_plant_consumed_power,0.997000,2026-02-16T22:21:09.198Z
sensor.sigen_plant_consumed_power,0.993000,2026-02-16T22:21:14.210Z
sensor.sigen_plant_consumed_power,0.986000,2026-02-16T22:21:19.170Z
sensor.sigen_plant_consumed_power,0.997000,2026-02-16T22:21:24.250Z
sensor.sigen_plant_consumed_power,0.965000,2026-02-16T22:21:29.199Z
sensor.sigen_plant_consumed_power,1.006000,2026-02-16T22:21:34.169Z
sensor.sigen_plant_consumed_power,1.003000,2026-02-16T22:21:39.181Z
sensor.sigen_plant_consumed_power,0.995000,2026-02-16T22:21:44.209Z
sensor.sigen_plant_consumed_power,0.984000,2026-02-16T22:21:49.189Z
sensor.sigen_plant_consumed_power,0.963000,2026-02-16T22:21:54.200Z
sensor.sigen_plant_consumed_power,0.970000,2026-02-16T22:21:59.199Z
sensor.sigen_plant_consumed_power,0.969000,2026-02-16T22:22:04.219Z
sensor.sigen_plant_consumed_power,0.981000,2026-02-16T22:22:09.169Z
sensor.sigen_plant_consumed_power,0.963000,2026-02-16T22:22:14.179Z
sensor.sigen_plant_consumed_power,0.967000,2026-02-16T22:22:19.189Z
sensor.sigen_plant_consumed_power,0.956000,2026-02-16T22:22:24.189Z
sensor.sigen_plant_consumed_power,0.992000,2026-02-16T22:22:29.189Z
sensor.sigen_plant_consumed_power,0.988000,2026-02-16T22:22:34.214Z
sensor.sigen_plant_consumed_power,0.982000,2026-02-16T22:22:39.209Z
sensor.sigen_plant_consumed_power,0.983000,2026-02-16T22:22:44.196Z
sensor.sigen_plant_consumed_power,0.966000,2026-02-16T22:22:49.181Z
sensor.sigen_plant_consumed_power,1.010000,2026-02-16T22:22:54.189Z
sensor.sigen_plant_consumed_power,0.971000,2026-02-16T22:22:59.190Z
sensor.sigen_plant_consumed_power,0.993000,2026-02-16T22:23:04.190Z
sensor.sigen_plant_consumed_power,0.967000,2026-02-16T22:23:09.190Z
sensor.sigen_plant_consumed_power,0.978000,2026-02-16T22:23:14.210Z
sensor.sigen_plant_consumed_power,0.958000,2026-02-16T22:23:19.179Z
sensor.sigen_plant_consumed_power,0.948000,2026-02-16T22:23:24.202Z
sensor.sigen_plant_consumed_power,0.995000,2026-02-16T22:23:29.189Z
sensor.sigen_plant_consumed_power,1.021000,2026-02-16T22:23:34.193Z
sensor.sigen_plant_consumed_power,0.990000,2026-02-16T22:23:39.171Z
sensor.sigen_plant_consumed_power,1.010000,2026-02-16T22:23:44.191Z
sensor.sigen_plant_consumed_power,0.974000,2026-02-16T22:23:49.199Z
sensor.sigen_plant_consumed_power,1.003000,2026-02-16T22:23:54.202Z
sensor.sigen_plant_consumed_power,0.971000,2026-02-16T22:23:59.169Z
sensor.sigen_plant_consumed_power,1.000000,2026-02-16T22:24:04.189Z
sensor.sigen_plant_consumed_power,0.996000,2026-02-16T22:24:09.203Z
sensor.sigen_plant_consumed_power,0.978000,2026-02-16T22:24:14.189Z
sensor.sigen_plant_consumed_power,1.005000,2026-02-16T22:24:19.230Z
sensor.sigen_plant_consumed_power,1.432000,2026-02-16T22:24:24.210Z
sensor.sigen_plant_consumed_power,1.112000,2026-02-16T22:24:29.192Z
sensor.sigen_plant_consumed_power,1.032000,2026-02-16T22:24:34.209Z
sensor.sigen_plant_consumed_power,1.087000,2026-02-16T22:24:39.181Z
sensor.sigen_plant_consumed_power,1.076000,2026-02-16T22:24:44.222Z
sensor.sigen_plant_consumed_power,1.112000,2026-02-16T22:24:49.209Z
sensor.sigen_plant_consumed_power,1.093000,2026-02-16T22:24:54.170Z
sensor.sigen_plant_consumed_power,1.107000,2026-02-16T22:24:59.190Z
sensor.sigen_plant_consumed_power,1.128000,2026-02-16T22:25:04.189Z
sensor.sigen_plant_consumed_power,1.100000,2026-02-16T22:25:09.180Z
sensor.sigen_plant_consumed_power,1.136000,2026-02-16T22:25:14.221Z
sensor.sigen_plant_consumed_power,1.074000,2026-02-16T22:25:19.211Z
sensor.sigen_plant_consumed_power,1.104000,2026-02-16T22:25:24.182Z
sensor.sigen_plant_consumed_power,1.015000,2026-02-16T22:25:29.190Z
sensor.sigen_plant_consumed_power,1.067000,2026-02-16T22:25:34.220Z
sensor.sigen_plant_consumed_power,1.064000,2026-02-16T22:25:39.217Z
sensor.sigen_plant_consumed_power,1.039000,2026-02-16T22:25:44.200Z
sensor.sigen_plant_consumed_power,1.045000,2026-02-16T22:25:44.760Z
sensor.sigen_plant_consumed_power,1.010000,2026-02-16T22:25:49.211Z
sensor.sigen_plant_consumed_power,1.051000,2026-02-16T22:25:54.199Z
sensor.sigen_plant_consumed_power,1.065000,2026-02-16T22:25:59.188Z
sensor.sigen_plant_consumed_power,1.075000,2026-02-16T22:26:04.172Z
sensor.sigen_plant_consumed_power,1.048000,2026-02-16T22:26:09.192Z
sensor.sigen_plant_consumed_power,1.034000,2026-02-16T22:26:14.200Z
sensor.sigen_plant_consumed_power,1.065000,2026-02-16T22:26:19.202Z
sensor.sigen_plant_consumed_power,1.029000,2026-02-16T22:26:24.180Z
sensor.sigen_plant_consumed_power,0.950000,2026-02-16T22:26:29.174Z
sensor.sigen_plant_consumed_power,1.095000,2026-02-16T22:26:34.170Z
sensor.sigen_plant_consumed_power,1.088000,2026-02-16T22:26:39.231Z
sensor.sigen_plant_consumed_power,1.035000,2026-02-16T22:26:44.203Z
sensor.sigen_plant_consumed_power,1.025000,2026-02-16T22:26:49.201Z
sensor.sigen_plant_consumed_power,1.001000,2026-02-16T22:26:54.190Z
sensor.sigen_plant_consumed_power,1.041000,2026-02-16T22:26:59.181Z
sensor.sigen_plant_consumed_power,1.049000,2026-02-16T22:27:04.197Z
sensor.sigen_plant_consumed_power,1.048000,2026-02-16T22:27:09.202Z
sensor.sigen_plant_consumed_power,1.101000,2026-02-16T22:27:14.201Z
sensor.sigen_plant_consumed_power,1.106000,2026-02-16T22:27:19.201Z
sensor.sigen_plant_consumed_power,1.101000,2026-02-16T22:27:24.210Z
sensor.sigen_plant_consumed_power,1.072000,2026-02-16T22:27:29.187Z
sensor.sigen_plant_consumed_power,1.067000,2026-02-16T22:27:34.172Z
sensor.sigen_plant_consumed_power,1.095000,2026-02-16T22:27:39.201Z
sensor.sigen_plant_consumed_power,1.069000,2026-02-16T22:27:44.210Z
sensor.sigen_plant_consumed_power,1.058000,2026-02-16T22:27:49.180Z
sensor.sigen_plant_consumed_power,1.053000,2026-02-16T22:27:54.172Z
sensor.sigen_plant_consumed_power,1.062000,2026-02-16T22:27:59.202Z
sensor.sigen_plant_consumed_power,1.066000,2026-02-16T22:28:04.203Z
sensor.sigen_plant_consumed_power,1.048000,2026-02-16T22:28:09.212Z
sensor.sigen_plant_consumed_power,1.043000,2026-02-16T22:28:14.200Z
sensor.sigen_plant_consumed_power,1.055000,2026-02-16T22:28:19.194Z
sensor.sigen_plant_consumed_power,1.059000,2026-02-16T22:28:24.190Z
sensor.sigen_plant_consumed_power,1.051000,2026-02-16T22:28:29.183Z
sensor.sigen_plant_consumed_power,1.069000,2026-02-16T22:28:34.190Z
sensor.sigen_plant_consumed_power,1.067000,2026-02-16T22:28:39.230Z
sensor.sigen_plant_consumed_power,1.090000,2026-02-16T22:28:44.195Z
sensor.sigen_plant_consumed_power,1.079000,2026-02-16T22:28:49.221Z
sensor.sigen_plant_consumed_power,1.075000,2026-02-16T22:28:54.230Z
sensor.sigen_plant_consumed_power,1.033000,2026-02-16T22:28:59.170Z
sensor.sigen_plant_consumed_power,1.081000,2026-02-16T22:29:04.170Z
sensor.sigen_plant_consumed_power,1.058000,2026-02-16T22:29:09.192Z
sensor.sigen_plant_consumed_power,1.067000,2026-02-16T22:29:14.182Z
sensor.sigen_plant_consumed_power,1.073000,2026-02-16T22:29:19.181Z
sensor.sigen_plant_consumed_power,1.066000,2026-02-16T22:29:24.192Z
sensor.sigen_plant_consumed_power,1.081000,2026-02-16T22:29:29.171Z
sensor.sigen_plant_consumed_power,1.098000,2026-02-16T22:29:34.172Z
sensor.sigen_plant_consumed_power,1.044000,2026-02-16T22:29:39.181Z
sensor.sigen_plant_consumed_power,1.061000,2026-02-16T22:29:44.173Z
sensor.sigen_plant_consumed_power,1.078000,2026-02-16T22:29:49.211Z
sensor.sigen_plant_consumed_power,1.040000,2026-02-16T22:29:54.191Z
sensor.sigen_plant_consumed_power,1.037000,2026-02-16T22:29:59.192Z
sensor.sigen_plant_consumed_power,1.073000,2026-02-16T22:30:04.191Z
sensor.sigen_plant_consumed_power,1.044000,2026-02-16T22:30:09.191Z
sensor.sigen_plant_consumed_power,1.068000,2026-02-16T22:30:14.201Z
sensor.sigen_plant_consumed_power,1.032000,2026-02-16T22:30:19.222Z
sensor.sigen_plant_consumed_power,1.036000,2026-02-16T22:30:24.190Z
sensor.sigen_plant_consumed_power,1.033000,2026-02-16T22:30:29.173Z
sensor.sigen_plant_consumed_power,1.022000,2026-02-16T22:30:34.194Z
sensor.sigen_plant_consumed_power,1.020000,2026-02-16T22:30:34.802Z
sensor.sigen_plant_consumed_power,1.040000,2026-02-16T22:30:39.190Z
sensor.sigen_plant_consumed_power,1.047000,2026-02-16T22:30:44.183Z
sensor.sigen_plant_consumed_power,1.041000,2026-02-16T22:30:49.191Z
sensor.sigen_plant_consumed_power,1.045000,2026-02-16T22:30:54.194Z
sensor.sigen_plant_consumed_power,1.039000,2026-02-16T22:30:59.181Z
sensor.sigen_plant_consumed_power,1.043000,2026-02-16T22:31:04.182Z
sensor.sigen_plant_consumed_power,1.038000,2026-02-16T22:31:09.171Z
sensor.sigen_plant_consumed_power,1.036000,2026-02-16T22:31:14.181Z
sensor.sigen_plant_consumed_power,1.054000,2026-02-16T22:31:19.186Z
sensor.sigen_plant_consumed_power,1.035000,2026-02-16T22:31:24.185Z
sensor.sigen_plant_consumed_power,1.311000,2026-02-16T22:31:29.181Z
sensor.sigen_plant_consumed_power,1.330000,2026-02-16T22:31:34.171Z
sensor.sigen_plant_consumed_power,1.315000,2026-02-16T22:31:39.185Z
sensor.sigen_plant_consumed_power,1.314000,2026-02-16T22:31:44.171Z
sensor.sigen_plant_consumed_power,1.322000,2026-02-16T22:31:49.179Z
sensor.sigen_plant_consumed_power,1.316000,2026-02-16T22:31:54.171Z
sensor.sigen_plant_consumed_power,1.314000,2026-02-16T22:31:59.164Z
sensor.sigen_plant_consumed_power,1.326000,2026-02-16T22:32:04.192Z
sensor.sigen_plant_consumed_power,1.356000,2026-02-16T22:32:09.181Z
sensor.sigen_plant_consumed_power,1.323000,2026-02-16T22:32:14.173Z
sensor.sigen_plant_consumed_power,1.288000,2026-02-16T22:32:19.164Z
sensor.sigen_plant_consumed_power,1.277000,2026-02-16T22:32:24.181Z
sensor.sigen_plant_consumed_power,1.329000,2026-02-16T22:32:29.191Z
sensor.sigen_plant_consumed_power,1.314000,2026-02-16T22:32:35.392Z
sensor.sigen_plant_consumed_power,1.321000,2026-02-16T22:32:45.174Z
sensor.sigen_plant_consumed_power,1.334000,2026-02-16T22:32:50.206Z
sensor.sigen_plant_consumed_power,1.316000,2026-02-16T22:32:55.182Z
sensor.sigen_plant_consumed_power,1.332000,2026-02-16T22:33:00.234Z
sensor.sigen_plant_consumed_power,1.308000,2026-02-16T22:33:05.192Z
sensor.sigen_plant_consumed_power,1.303000,2026-02-16T22:33:10.193Z
sensor.sigen_plant_consumed_power,1.306000,2026-02-16T22:33:15.172Z
sensor.sigen_plant_consumed_power,1.316000,2026-02-16T22:33:20.186Z
sensor.sigen_plant_consumed_power,1.307000,2026-02-16T22:33:25.204Z
sensor.sigen_plant_consumed_power,1.311000,2026-02-16T22:33:30.162Z
sensor.sigen_plant_consumed_power,1.305000,2026-02-16T22:33:35.162Z
sensor.sigen_plant_consumed_power,1.295000,2026-02-16T22:33:40.177Z
sensor.sigen_plant_consumed_power,1.301000,2026-02-16T22:33:45.173Z
sensor.sigen_plant_consumed_power,1.296000,2026-02-16T22:33:50.192Z
sensor.sigen_plant_consumed_power,1.314000,2026-02-16T22:33:55.179Z
sensor.sigen_plant_consumed_power,1.333000,2026-02-16T22:34:00.255Z
sensor.sigen_plant_consumed_power,1.345000,2026-02-16T22:34:05.203Z
sensor.sigen_plant_consumed_power,1.329000,2026-02-16T22:34:10.184Z
sensor.sigen_plant_consumed_power,1.359000,2026-02-16T22:34:15.172Z
sensor.sigen_plant_consumed_power,1.345000,2026-02-16T22:34:20.192Z
sensor.sigen_plant_consumed_power,1.329000,2026-02-16T22:34:25.183Z
sensor.sigen_plant_consumed_power,1.331000,2026-02-16T22:34:30.172Z
sensor.sigen_plant_consumed_power,1.323000,2026-02-16T22:34:35.166Z
sensor.sigen_plant_consumed_power,1.318000,2026-02-16T22:34:40.189Z
sensor.sigen_plant_consumed_power,1.317000,2026-02-16T22:34:45.163Z
sensor.sigen_plant_consumed_power,1.309000,2026-02-16T22:34:50.172Z
sensor.sigen_plant_consumed_power,1.330000,2026-02-16T22:34:55.172Z
sensor.sigen_plant_consumed_power,1.303000,2026-02-16T22:35:00.254Z
sensor.sigen_plant_consumed_power,1.315000,2026-02-16T22:35:05.173Z
sensor.sigen_plant_consumed_power,1.309000,2026-02-16T22:35:10.198Z
sensor.sigen_plant_consumed_power,1.327000,2026-02-16T22:35:15.182Z
sensor.sigen_plant_consumed_power,1.319000,2026-02-16T22:35:20.213Z
sensor.sigen_plant_consumed_power,1.318000,2026-02-16T22:35:30.174Z
sensor.sigen_plant_consumed_power,1.320000,2026-02-16T22:35:30.912Z
sensor.sigen_plant_consumed_power,1.325000,2026-02-16T22:35:36.172Z
sensor.sigen_plant_consumed_power,1.311000,2026-02-16T22:35:41.181Z
sensor.sigen_plant_consumed_power,1.310000,2026-02-16T22:35:46.194Z
sensor.sigen_plant_consumed_power,1.289000,2026-02-16T22:35:51.182Z
sensor.sigen_plant_consumed_power,1.295000,2026-02-16T22:35:56.184Z
sensor.sigen_plant_consumed_power,1.310000,2026-02-16T22:36:01.162Z
sensor.sigen_plant_consumed_power,1.307000,2026-02-16T22:36:06.203Z
sensor.sigen_plant_consumed_power,1.311000,2026-02-16T22:36:11.192Z
sensor.sigen_plant_consumed_power,1.317000,2026-02-16T22:36:16.182Z
sensor.sigen_plant_consumed_power,1.301000,2026-02-16T22:36:21.172Z
sensor.sigen_plant_consumed_power,1.293000,2026-02-16T22:36:26.178Z
sensor.sigen_plant_consumed_power,1.383000,2026-02-16T22:36:31.196Z
sensor.sigen_plant_consumed_power,1.404000,2026-02-16T22:36:36.182Z
sensor.sigen_plant_consumed_power,1.374000,2026-02-16T22:36:41.185Z
sensor.sigen_plant_consumed_power,1.400000,2026-02-16T22:36:46.202Z
sensor.sigen_plant_consumed_power,1.384000,2026-02-16T22:36:51.184Z
sensor.sigen_plant_consumed_power,1.383000,2026-02-16T22:36:56.173Z
sensor.sigen_plant_consumed_power,1.367000,2026-02-16T22:37:01.213Z
sensor.sigen_plant_consumed_power,1.392000,2026-02-16T22:37:06.162Z
sensor.sigen_plant_consumed_power,1.365000,2026-02-16T22:37:11.182Z
sensor.sigen_plant_consumed_power,1.363000,2026-02-16T22:37:16.173Z
sensor.sigen_plant_consumed_power,1.347000,2026-02-16T22:37:21.184Z
sensor.sigen_plant_consumed_power,1.371000,2026-02-16T22:37:26.213Z
sensor.sigen_plant_consumed_power,1.367000,2026-02-16T22:37:31.173Z
sensor.sigen_plant_consumed_power,1.358000,2026-02-16T22:37:36.205Z
sensor.sigen_plant_consumed_power,1.327000,2026-02-16T22:37:41.173Z
sensor.sigen_plant_consumed_power,1.367000,2026-02-16T22:37:46.193Z
sensor.sigen_plant_consumed_power,1.387000,2026-02-16T22:37:51.183Z
sensor.sigen_plant_consumed_power,1.380000,2026-02-16T22:37:56.190Z
sensor.sigen_plant_consumed_power,1.356000,2026-02-16T22:38:01.163Z
sensor.sigen_plant_consumed_power,1.368000,2026-02-16T22:38:06.183Z
sensor.sigen_plant_consumed_power,1.375000,2026-02-16T22:38:11.183Z
sensor.sigen_plant_consumed_power,1.367000,2026-02-16T22:38:21.213Z
sensor.sigen_plant_consumed_power,1.350000,2026-02-16T22:38:26.163Z
sensor.sigen_plant_consumed_power,1.334000,2026-02-16T22:38:31.223Z
sensor.sigen_plant_consumed_power,1.336000,2026-02-16T22:38:36.193Z
sensor.sigen_plant_consumed_power,1.375000,2026-02-16T22:38:41.235Z
sensor.sigen_plant_consumed_power,1.414000,2026-02-16T22:38:46.193Z
sensor.sigen_plant_consumed_power,1.336000,2026-02-16T22:38:51.233Z
sensor.sigen_plant_consumed_power,1.409000,2026-02-16T22:38:56.190Z
sensor.sigen_plant_consumed_power,1.421000,2026-02-16T22:39:01.344Z
sensor.sigen_plant_consumed_power,1.380000,2026-02-16T22:39:06.335Z
sensor.sigen_plant_consumed_power,1.375000,2026-02-16T22:39:11.183Z
sensor.sigen_plant_consumed_power,1.397000,2026-02-16T22:39:16.164Z
sensor.sigen_plant_consumed_power,1.367000,2026-02-16T22:39:21.193Z
sensor.sigen_plant_consumed_power,1.408000,2026-02-16T22:39:26.173Z
sensor.sigen_plant_consumed_power,1.395000,2026-02-16T22:39:31.193Z
sensor.sigen_plant_consumed_power,1.388000,2026-02-16T22:39:36.163Z
sensor.sigen_plant_consumed_power,1.384000,2026-02-16T22:39:41.173Z
sensor.sigen_plant_consumed_power,1.387000,2026-02-16T22:39:46.183Z
sensor.sigen_plant_consumed_power,1.391000,2026-02-16T22:39:51.188Z
sensor.sigen_plant_consumed_power,1.410000,2026-02-16T22:39:56.175Z
sensor.sigen_plant_consumed_power,1.392000,2026-02-16T22:40:01.183Z
sensor.sigen_plant_consumed_power,1.394000,2026-02-16T22:40:06.174Z
sensor.sigen_plant_consumed_power,1.414000,2026-02-16T22:40:11.196Z
sensor.sigen_plant_consumed_power,1.410000,2026-02-16T22:40:16.174Z
sensor.sigen_plant_consumed_power,1.408000,2026-02-16T22:40:21.204Z
sensor.sigen_plant_consumed_power,1.400000,2026-02-16T22:40:26.184Z
sensor.sigen_plant_consumed_power,1.411000,2026-02-16T22:40:31.193Z
sensor.sigen_plant_consumed_power,1.396000,2026-02-16T22:40:31.883Z
sensor.sigen_plant_consumed_power,1.400000,2026-02-16T22:40:36.193Z
sensor.sigen_plant_consumed_power,1.418000,2026-02-16T22:40:41.434Z
sensor.sigen_plant_consumed_power,1.413000,2026-02-16T22:40:46.163Z
sensor.sigen_plant_consumed_power,1.397000,2026-02-16T22:40:51.164Z
sensor.sigen_plant_consumed_power,1.402000,2026-02-16T22:40:56.198Z
sensor.sigen_plant_consumed_power,1.401000,2026-02-16T22:41:01.174Z
sensor.sigen_plant_consumed_power,1.402000,2026-02-16T22:41:06.185Z
sensor.sigen_plant_consumed_power,1.403000,2026-02-16T22:41:11.184Z
sensor.sigen_plant_consumed_power,1.407000,2026-02-16T22:41:16.177Z
sensor.sigen_plant_consumed_power,1.401000,2026-02-16T22:41:21.165Z
sensor.sigen_plant_consumed_power,1.395000,2026-02-16T22:41:26.183Z
sensor.sigen_plant_consumed_power,1.397000,2026-02-16T22:41:31.186Z
sensor.sigen_plant_consumed_power,1.409000,2026-02-16T22:41:36.185Z
sensor.sigen_plant_consumed_power,1.397000,2026-02-16T22:41:41.194Z
sensor.sigen_plant_consumed_power,1.412000,2026-02-16T22:41:46.244Z
sensor.sigen_plant_consumed_power,1.395000,2026-02-16T22:41:51.175Z
sensor.sigen_plant_consumed_power,1.376000,2026-02-16T22:41:56.174Z
sensor.sigen_plant_consumed_power,1.405000,2026-02-16T22:42:01.256Z
sensor.sigen_plant_consumed_power,1.407000,2026-02-16T22:42:06.188Z
sensor.sigen_plant_consumed_power,1.374000,2026-02-16T22:42:11.184Z
sensor.sigen_plant_consumed_power,1.408000,2026-02-16T22:42:16.164Z
sensor.sigen_plant_consumed_power,1.407000,2026-02-16T22:42:21.204Z
sensor.sigen_plant_consumed_power,1.403000,2026-02-16T22:42:26.184Z
sensor.sigen_plant_consumed_power,1.426000,2026-02-16T22:42:31.174Z
sensor.sigen_plant_consumed_power,1.417000,2026-02-16T22:42:36.174Z
sensor.sigen_plant_consumed_power,1.415000,2026-02-16T22:42:41.197Z
sensor.sigen_plant_consumed_power,1.405000,2026-02-16T22:42:51.196Z
sensor.sigen_plant_consumed_power,1.410000,2026-02-16T22:42:56.209Z
sensor.sigen_plant_consumed_power,1.398000,2026-02-16T22:43:01.234Z
sensor.sigen_plant_consumed_power,1.383000,2026-02-16T22:43:11.204Z
sensor.sigen_plant_consumed_power,1.361000,2026-02-16T22:43:16.206Z
sensor.sigen_plant_consumed_power,1.353000,2026-02-16T22:43:21.174Z
sensor.sigen_plant_consumed_power,1.369000,2026-02-16T22:43:26.187Z
sensor.sigen_plant_consumed_power,1.372000,2026-02-16T22:43:31.174Z
sensor.sigen_plant_consumed_power,1.374000,2026-02-16T22:43:36.194Z
sensor.sigen_plant_consumed_power,1.361000,2026-02-16T22:43:41.175Z
sensor.sigen_plant_consumed_power,1.374000,2026-02-16T22:43:46.166Z
sensor.sigen_plant_consumed_power,1.276000,2026-02-16T22:43:51.209Z
sensor.sigen_plant_consumed_power,1.285000,2026-02-16T22:43:56.204Z
sensor.sigen_plant_consumed_power,1.292000,2026-02-16T22:44:01.204Z
sensor.sigen_plant_consumed_power,1.280000,2026-02-16T22:44:06.194Z
sensor.sigen_plant_consumed_power,1.269000,2026-02-16T22:44:11.194Z
sensor.sigen_plant_consumed_power,1.277000,2026-02-16T22:44:16.164Z
sensor.sigen_plant_consumed_power,1.278000,2026-02-16T22:44:21.176Z
sensor.sigen_plant_consumed_power,1.255000,2026-02-16T22:44:26.199Z
sensor.sigen_plant_consumed_power,1.269000,2026-02-16T22:44:31.215Z
sensor.sigen_plant_consumed_power,1.272000,2026-02-16T22:44:36.186Z
sensor.sigen_plant_consumed_power,1.257000,2026-02-16T22:44:41.175Z
sensor.sigen_plant_consumed_power,1.285000,2026-02-16T22:44:46.185Z
sensor.sigen_plant_consumed_power,1.277000,2026-02-16T22:44:51.265Z
sensor.sigen_plant_consumed_power,1.293000,2026-02-16T22:44:56.185Z
sensor.sigen_plant_consumed_power,1.273000,2026-02-16T22:45:01.219Z
sensor.sigen_plant_consumed_power,1.282000,2026-02-16T22:45:06.185Z
sensor.sigen_plant_consumed_power,1.296000,2026-02-16T22:45:11.192Z
sensor.sigen_plant_consumed_power,1.289000,2026-02-16T22:45:16.175Z
sensor.sigen_plant_consumed_power,1.293000,2026-02-16T22:45:21.176Z
sensor.sigen_plant_consumed_power,1.298000,2026-02-16T22:45:26.185Z
sensor.sigen_plant_consumed_power,1.300000,2026-02-16T22:45:31.185Z
sensor.sigen_plant_consumed_power,1.296000,2026-02-16T22:45:36.217Z
sensor.sigen_plant_consumed_power,1.311000,2026-02-16T22:45:41.180Z
sensor.sigen_plant_consumed_power,1.305000,2026-02-16T22:45:46.196Z
sensor.sigen_plant_consumed_power,1.275000,2026-02-16T22:45:51.194Z
sensor.sigen_plant_consumed_power,1.301000,2026-02-16T22:45:56.176Z
sensor.sigen_plant_consumed_power,1.284000,2026-02-16T22:46:01.174Z
sensor.sigen_plant_consumed_power,1.282000,2026-02-16T22:46:11.174Z
sensor.sigen_plant_consumed_power,1.316000,2026-02-16T22:46:16.176Z
sensor.sigen_plant_consumed_power,1.307000,2026-02-16T22:46:21.188Z
sensor.sigen_plant_consumed_power,1.319000,2026-02-16T22:46:26.185Z
sensor.sigen_plant_consumed_power,1.282000,2026-02-16T22:46:31.206Z
sensor.sigen_plant_consumed_power,1.334000,2026-02-16T22:46:36.166Z
sensor.sigen_plant_consumed_power,1.327000,2026-02-16T22:46:41.190Z
sensor.sigen_plant_consumed_power,1.323000,2026-02-16T22:46:46.275Z
sensor.sigen_plant_consumed_power,1.318000,2026-02-16T22:46:51.175Z
sensor.sigen_plant_consumed_power,1.323000,2026-02-16T22:46:56.175Z
sensor.sigen_plant_consumed_power,1.310000,2026-02-16T22:47:01.185Z
sensor.sigen_plant_consumed_power,1.313000,2026-02-16T22:47:06.205Z
sensor.sigen_plant_consumed_power,1.308000,2026-02-16T22:47:11.187Z
sensor.sigen_plant_consumed_power,1.296000,2026-02-16T22:47:21.178Z
sensor.sigen_plant_consumed_power,1.315000,2026-02-16T22:47:26.195Z
sensor.sigen_plant_consumed_power,1.316000,2026-02-16T22:47:31.206Z
sensor.sigen_plant_consumed_power,1.301000,2026-02-16T22:47:36.165Z
sensor.sigen_plant_consumed_power,1.319000,2026-02-16T22:47:41.193Z
sensor.sigen_plant_consumed_power,1.334000,2026-02-16T22:47:46.175Z
sensor.sigen_plant_consumed_power,1.320000,2026-02-16T22:47:51.168Z
sensor.sigen_plant_consumed_power,1.340000,2026-02-16T22:47:56.185Z
sensor.sigen_plant_consumed_power,1.324000,2026-02-16T22:48:01.205Z
sensor.sigen_plant_consumed_power,1.317000,2026-02-16T22:48:06.216Z
sensor.sigen_plant_consumed_power,1.289000,2026-02-16T22:48:11.185Z
sensor.sigen_plant_consumed_power,1.299000,2026-02-16T22:48:16.175Z
sensor.sigen_plant_consumed_power,1.300000,2026-02-16T22:48:21.195Z
sensor.sigen_plant_consumed_power,1.309000,2026-02-16T22:48:26.178Z
sensor.sigen_plant_consumed_power,1.300000,2026-02-16T22:48:31.186Z
sensor.sigen_plant_consumed_power,1.305000,2026-02-16T22:48:36.167Z
sensor.sigen_plant_consumed_power,1.308000,2026-02-16T22:48:41.190Z
sensor.sigen_plant_consumed_power,1.305000,2026-02-16T22:48:46.186Z
sensor.sigen_plant_consumed_power,1.301000,2026-02-16T22:48:51.189Z
sensor.sigen_plant_consumed_power,1.281000,2026-02-16T22:48:56.237Z
sensor.sigen_plant_consumed_power,1.301000,2026-02-16T22:49:01.196Z
sensor.sigen_plant_consumed_power,1.299000,2026-02-16T22:49:06.176Z
sensor.sigen_plant_consumed_power,1.300000,2026-02-16T22:49:11.177Z
sensor.sigen_plant_consumed_power,1.274000,2026-02-16T22:49:16.176Z
sensor.sigen_plant_consumed_power,1.279000,2026-02-16T22:49:21.196Z
sensor.sigen_plant_consumed_power,1.247000,2026-02-16T22:49:26.197Z
sensor.sigen_plant_consumed_power,1.266000,2026-02-16T22:49:31.176Z
sensor.sigen_plant_consumed_power,1.267000,2026-02-16T22:49:36.179Z
sensor.sigen_plant_consumed_power,1.281000,2026-02-16T22:49:41.190Z
sensor.sigen_plant_consumed_power,1.259000,2026-02-16T22:49:46.168Z
sensor.sigen_plant_consumed_power,1.219000,2026-02-16T22:49:51.176Z
sensor.sigen_plant_consumed_power,1.299000,2026-02-16T22:49:56.168Z
sensor.sigen_plant_consumed_power,1.269000,2026-02-16T22:50:01.207Z
sensor.sigen_plant_consumed_power,1.244000,2026-02-16T22:50:06.166Z
sensor.sigen_plant_consumed_power,1.246000,2026-02-16T22:50:11.196Z
sensor.sigen_plant_consumed_power,1.252000,2026-02-16T22:50:16.219Z
sensor.sigen_plant_consumed_power,1.241000,2026-02-16T22:50:21.179Z
sensor.sigen_plant_consumed_power,1.237000,2026-02-16T22:50:26.186Z
sensor.sigen_plant_consumed_power,1.250000,2026-02-16T22:50:31.166Z
sensor.sigen_plant_consumed_power,1.276000,2026-02-16T22:50:33.409Z
sensor.sigen_plant_consumed_power,1.240000,2026-02-16T22:50:38.206Z
sensor.sigen_plant_consumed_power,1.282000,2026-02-16T22:50:43.175Z
sensor.sigen_plant_consumed_power,1.310000,2026-02-16T22:50:48.182Z
sensor.sigen_plant_consumed_power,1.268000,2026-02-16T22:50:53.176Z
sensor.sigen_plant_consumed_power,1.269000,2026-02-16T22:50:58.186Z
sensor.sigen_plant_consumed_power,1.302000,2026-02-16T22:51:03.175Z
sensor.sigen_plant_consumed_power,1.281000,2026-02-16T22:51:08.176Z
sensor.sigen_plant_consumed_power,1.001000,2026-02-16T22:51:13.169Z
sensor.sigen_plant_consumed_power,1.000000,2026-02-16T22:51:18.177Z
sensor.sigen_plant_consumed_power,1.018000,2026-02-16T22:51:23.177Z
sensor.sigen_plant_consumed_power,0.980000,2026-02-16T22:51:28.166Z
sensor.sigen_plant_consumed_power,1.027000,2026-02-16T22:51:33.198Z
sensor.sigen_plant_consumed_power,1.023000,2026-02-16T22:51:38.198Z
sensor.sigen_plant_consumed_power,1.006000,2026-02-16T22:51:43.177Z
sensor.sigen_plant_consumed_power,1.010000,2026-02-16T22:51:48.202Z
sensor.sigen_plant_consumed_power,0.987000,2026-02-16T22:51:53.177Z
sensor.sigen_plant_consumed_power,0.998000,2026-02-16T22:51:58.187Z
sensor.sigen_plant_consumed_power,0.997000,2026-02-16T22:52:03.167Z
sensor.sigen_plant_consumed_power,1.003000,2026-02-16T22:52:08.218Z
sensor.sigen_plant_consumed_power,0.999000,2026-02-16T22:52:13.198Z
sensor.sigen_plant_consumed_power,1.004000,2026-02-16T22:52:18.177Z
sensor.sigen_plant_consumed_power,1.027000,2026-02-16T22:52:23.207Z
sensor.sigen_plant_consumed_power,1.028000,2026-02-16T22:52:28.197Z
sensor.sigen_plant_consumed_power,1.024000,2026-02-16T22:52:33.187Z
sensor.sigen_plant_consumed_power,1.015000,2026-02-16T22:52:38.179Z
sensor.sigen_plant_consumed_power,1.030000,2026-02-16T22:52:43.177Z
sensor.sigen_plant_consumed_power,1.037000,2026-02-16T22:52:48.191Z
sensor.sigen_plant_consumed_power,1.046000,2026-02-16T22:52:53.177Z
sensor.sigen_plant_consumed_power,1.032000,2026-02-16T22:52:58.179Z
sensor.sigen_plant_consumed_power,1.009000,2026-02-16T22:53:08.218Z
sensor.sigen_plant_consumed_power,1.032000,2026-02-16T22:53:13.183Z
sensor.sigen_plant_consumed_power,0.998000,2026-02-16T22:53:18.167Z
sensor.sigen_plant_consumed_power,1.011000,2026-02-16T22:53:23.199Z
sensor.sigen_plant_consumed_power,1.017000,2026-02-16T22:53:28.187Z
sensor.sigen_plant_consumed_power,1.016000,2026-02-16T22:53:33.180Z
sensor.sigen_plant_consumed_power,1.026000,2026-02-16T22:53:38.172Z
sensor.sigen_plant_consumed_power,1.028000,2026-02-16T22:53:43.180Z
sensor.sigen_plant_consumed_power,1.008000,2026-02-16T22:53:48.188Z
sensor.sigen_plant_consumed_power,1.013000,2026-02-16T22:53:53.188Z
sensor.sigen_plant_consumed_power,1.059000,2026-02-16T22:53:58.167Z
sensor.sigen_plant_consumed_power,1.020000,2026-02-16T22:54:03.188Z
sensor.sigen_plant_consumed_power,1.013000,2026-02-16T22:54:08.189Z
sensor.sigen_plant_consumed_power,1.010000,2026-02-16T22:54:13.178Z
sensor.sigen_plant_consumed_power,1.017000,2026-02-16T22:54:18.171Z
sensor.sigen_plant_consumed_power,1.014000,2026-02-16T22:54:23.198Z
sensor.sigen_plant_consumed_power,1.015000,2026-02-16T22:54:28.178Z
sensor.sigen_plant_consumed_power,1.001000,2026-02-16T22:54:33.188Z
sensor.sigen_plant_consumed_power,1.012000,2026-02-16T22:54:38.170Z
sensor.sigen_plant_consumed_power,1.005000,2026-02-16T22:54:43.168Z
sensor.sigen_plant_consumed_power,1.009000,2026-02-16T22:54:48.198Z
sensor.sigen_plant_consumed_power,1.014000,2026-02-16T22:54:53.189Z
sensor.sigen_plant_consumed_power,1.009000,2026-02-16T22:54:58.178Z
sensor.sigen_plant_consumed_power,1.014000,2026-02-16T22:55:03.172Z
sensor.sigen_plant_consumed_power,1.020000,2026-02-16T22:55:08.200Z
sensor.sigen_plant_consumed_power,1.011000,2026-02-16T22:55:13.168Z
sensor.sigen_plant_consumed_power,1.019000,2026-02-16T22:55:18.248Z
sensor.sigen_plant_consumed_power,1.008000,2026-02-16T22:55:23.188Z
sensor.sigen_plant_consumed_power,1.016000,2026-02-16T22:55:28.188Z
sensor.sigen_plant_consumed_power,1.013000,2026-02-16T22:55:33.171Z
sensor.sigen_plant_consumed_power,1.047000,2026-02-16T22:55:34.528Z
sensor.sigen_plant_consumed_power,1.019000,2026-02-16T22:55:39.178Z
sensor.sigen_plant_consumed_power,1.044000,2026-02-16T22:55:44.191Z
sensor.sigen_plant_consumed_power,0.968000,2026-02-16T22:55:49.188Z
sensor.sigen_plant_consumed_power,0.977000,2026-02-16T22:55:54.186Z
sensor.sigen_plant_consumed_power,0.994000,2026-02-16T22:55:59.188Z
sensor.sigen_plant_consumed_power,0.983000,2026-02-16T22:56:04.180Z
sensor.sigen_plant_consumed_power,1.000000,2026-02-16T22:56:09.201Z
sensor.sigen_plant_consumed_power,0.922000,2026-02-16T22:56:14.178Z
sensor.sigen_plant_consumed_power,0.907000,2026-02-16T22:56:19.191Z
sensor.sigen_plant_consumed_power,0.894000,2026-02-16T22:56:24.198Z
sensor.sigen_plant_consumed_power,0.904000,2026-02-16T22:56:29.190Z
sensor.sigen_plant_consumed_power,0.889000,2026-02-16T22:56:34.169Z
sensor.sigen_plant_consumed_power,0.875000,2026-02-16T22:56:39.170Z
sensor.sigen_plant_consumed_power,0.896000,2026-02-16T22:56:44.204Z
sensor.sigen_plant_consumed_power,0.898000,2026-02-16T22:56:49.218Z
sensor.sigen_plant_consumed_power,0.884000,2026-02-16T22:56:59.169Z
sensor.sigen_plant_consumed_power,0.905000,2026-02-16T22:57:04.201Z
sensor.sigen_plant_consumed_power,0.921000,2026-02-16T22:57:09.189Z
sensor.sigen_plant_consumed_power,0.926000,2026-02-16T22:57:14.189Z
sensor.sigen_plant_consumed_power,0.945000,2026-02-16T22:57:19.199Z
sensor.sigen_plant_consumed_power,0.928000,2026-02-16T22:57:29.180Z
sensor.sigen_plant_consumed_power,0.930000,2026-02-16T22:57:34.169Z
sensor.sigen_plant_consumed_power,0.920000,2026-02-16T22:57:39.443Z
sensor.sigen_plant_consumed_power,0.933000,2026-02-16T22:57:44.173Z
sensor.sigen_plant_consumed_power,0.930000,2026-02-16T22:57:49.209Z
sensor.sigen_plant_consumed_power,0.942000,2026-02-16T22:57:54.170Z
sensor.sigen_plant_consumed_power,0.950000,2026-02-16T22:57:59.191Z
sensor.sigen_plant_consumed_power,0.947000,2026-02-16T22:58:04.203Z
sensor.sigen_plant_consumed_power,0.918000,2026-02-16T22:58:09.201Z
sensor.sigen_plant_consumed_power,0.954000,2026-02-16T22:58:14.192Z
sensor.sigen_plant_consumed_power,0.926000,2026-02-16T22:58:19.200Z
sensor.sigen_plant_consumed_power,0.917000,2026-02-16T22:58:24.209Z
sensor.sigen_plant_consumed_power,0.935000,2026-02-16T22:58:29.169Z
sensor.sigen_plant_consumed_power,0.918000,2026-02-16T22:58:34.171Z
sensor.sigen_plant_consumed_power,0.933000,2026-02-16T22:58:39.189Z
sensor.sigen_plant_consumed_power,0.949000,2026-02-16T22:58:44.200Z
sensor.sigen_plant_consumed_power,0.929000,2026-02-16T22:58:49.180Z
sensor.sigen_plant_consumed_power,0.931000,2026-02-16T22:58:54.178Z
sensor.sigen_plant_consumed_power,0.936000,2026-02-16T22:58:59.181Z
sensor.sigen_plant_consumed_power,0.902000,2026-02-16T22:59:04.179Z
sensor.sigen_plant_consumed_power,1.090000,2026-02-16T22:59:09.173Z
sensor.sigen_plant_consumed_power,1.002000,2026-02-16T22:59:14.190Z
sensor.sigen_plant_consumed_power,1.010000,2026-02-16T22:59:19.171Z
sensor.sigen_plant_consumed_power,1.026000,2026-02-16T22:59:24.193Z
sensor.sigen_plant_consumed_power,0.997000,2026-02-16T22:59:29.180Z
sensor.sigen_plant_consumed_power,1.040000,2026-02-16T22:59:34.183Z
sensor.sigen_plant_consumed_power,1.033000,2026-02-16T22:59:40.332Z
sensor.sigen_plant_consumed_power,1.019000,2026-02-16T22:59:45.184Z
sensor.sigen_plant_consumed_power,1.030000,2026-02-16T22:59:50.212Z
sensor.sigen_plant_consumed_power,1.026000,2026-02-16T22:59:55.229Z
sensor.sigen_plant_consumed_power,1.032000,2026-02-16T23:00:00.242Z
sensor.sigen_plant_consumed_power,1.045000,2026-02-16T23:00:05.191Z
sensor.sigen_plant_consumed_power,1.034000,2026-02-16T23:00:10.220Z
sensor.sigen_plant_consumed_power,1.038000,2026-02-16T23:00:15.213Z
sensor.sigen_plant_consumed_power,1.031000,2026-02-16T23:00:20.230Z
sensor.sigen_plant_consumed_power,1.041000,2026-02-16T23:00:25.193Z
sensor.sigen_plant_consumed_power,1.029000,2026-02-16T23:00:25.990Z
sensor.sigen_plant_consumed_power,1.016000,2026-02-16T23:00:31.225Z
sensor.sigen_plant_consumed_power,1.060000,2026-02-16T23:00:36.199Z
sensor.sigen_plant_consumed_power,1.058000,2026-02-16T23:00:39.189Z
sensor.sigen_plant_consumed_power,1.043000,2026-02-16T23:00:44.170Z
sensor.sigen_plant_consumed_power,1.044000,2026-02-16T23:00:49.173Z
sensor.sigen_plant_consumed_power,1.036000,2026-02-16T23:00:54.181Z
sensor.sigen_plant_consumed_power,1.038000,2026-02-16T23:00:59.180Z
sensor.sigen_plant_consumed_power,1.039000,2026-02-16T23:01:04.200Z
sensor.sigen_plant_consumed_power,1.035000,2026-02-16T23:01:09.180Z
sensor.sigen_plant_consumed_power,1.070000,2026-02-16T23:01:14.190Z
sensor.sigen_plant_consumed_power,1.038000,2026-02-16T23:01:19.186Z
sensor.sigen_plant_consumed_power,1.078000,2026-02-16T23:01:24.191Z
sensor.sigen_plant_consumed_power,1.058000,2026-02-16T23:01:29.182Z
sensor.sigen_plant_consumed_power,1.077000,2026-02-16T23:01:34.180Z
sensor.sigen_plant_consumed_power,1.067000,2026-02-16T23:01:39.200Z
sensor.sigen_plant_consumed_power,1.019000,2026-02-16T23:01:44.191Z
sensor.sigen_plant_consumed_power,1.043000,2026-02-16T23:01:49.171Z
sensor.sigen_plant_consumed_power,1.073000,2026-02-16T23:01:54.229Z
sensor.sigen_plant_consumed_power,1.063000,2026-02-16T23:01:59.180Z
sensor.sigen_plant_consumed_power,1.059000,2026-02-16T23:02:04.174Z
sensor.sigen_plant_consumed_power,1.055000,2026-02-16T23:02:09.171Z
sensor.sigen_plant_consumed_power,1.027000,2026-02-16T23:02:14.191Z
sensor.sigen_plant_consumed_power,1.002000,2026-02-16T23:02:19.197Z
sensor.sigen_plant_consumed_power,1.033000,2026-02-16T23:02:24.191Z
sensor.sigen_plant_consumed_power,1.029000,2026-02-16T23:02:29.181Z
sensor.sigen_plant_consumed_power,0.995000,2026-02-16T23:02:34.181Z
sensor.sigen_plant_consumed_power,1.073000,2026-02-16T23:02:39.161Z
sensor.sigen_plant_consumed_power,1.085000,2026-02-16T23:02:44.173Z
sensor.sigen_plant_consumed_power,1.087000,2026-02-16T23:02:49.173Z
sensor.sigen_plant_consumed_power,1.076000,2026-02-16T23:02:54.171Z
sensor.sigen_plant_consumed_power,1.084000,2026-02-16T23:02:59.201Z
sensor.sigen_plant_consumed_power,1.095000,2026-02-16T23:03:04.194Z
sensor.sigen_plant_consumed_power,1.051000,2026-02-16T23:03:09.211Z
sensor.sigen_plant_consumed_power,1.062000,2026-02-16T23:03:14.187Z
sensor.sigen_plant_consumed_power,1.060000,2026-02-16T23:03:19.241Z
sensor.sigen_plant_consumed_power,1.081000,2026-02-16T23:03:29.214Z
sensor.sigen_plant_consumed_power,1.075000,2026-02-16T23:03:34.191Z
sensor.sigen_plant_consumed_power,1.100000,2026-02-16T23:03:39.223Z
sensor.sigen_plant_consumed_power,1.099000,2026-02-16T23:03:44.172Z
sensor.sigen_plant_consumed_power,1.220000,2026-02-16T23:03:49.227Z
sensor.sigen_plant_consumed_power,1.230000,2026-02-16T23:03:54.171Z
sensor.sigen_plant_consumed_power,1.219000,2026-02-16T23:03:59.182Z
sensor.sigen_plant_consumed_power,1.209000,2026-02-16T23:04:04.172Z
sensor.sigen_plant_consumed_power,1.231000,2026-02-16T23:04:09.181Z
sensor.sigen_plant_consumed_power,1.217000,2026-02-16T23:04:14.227Z
sensor.sigen_plant_consumed_power,1.234000,2026-02-16T23:04:19.196Z
sensor.sigen_plant_consumed_power,1.232000,2026-02-16T23:04:24.191Z
sensor.sigen_plant_consumed_power,1.240000,2026-02-16T23:04:29.194Z
sensor.sigen_plant_consumed_power,1.191000,2026-02-16T23:04:34.163Z
sensor.sigen_plant_consumed_power,1.208000,2026-02-16T23:04:39.185Z
sensor.sigen_plant_consumed_power,1.204000,2026-02-16T23:04:44.172Z
sensor.sigen_plant_consumed_power,1.212000,2026-02-16T23:04:49.173Z
sensor.sigen_plant_consumed_power,1.185000,2026-02-16T23:04:54.205Z
sensor.sigen_plant_consumed_power,1.202000,2026-02-16T23:04:59.192Z
sensor.sigen_plant_consumed_power,1.250000,2026-02-16T23:05:04.176Z
sensor.sigen_plant_consumed_power,1.179000,2026-02-16T23:05:09.202Z
sensor.sigen_plant_consumed_power,1.242000,2026-02-16T23:05:14.185Z
sensor.sigen_plant_consumed_power,1.190000,2026-02-16T23:05:19.172Z
sensor.sigen_plant_consumed_power,1.199000,2026-02-16T23:05:24.176Z
sensor.sigen_plant_consumed_power,1.194000,2026-02-16T23:05:29.192Z
sensor.sigen_plant_consumed_power,1.195000,2026-02-16T23:05:34.196Z
sensor.sigen_plant_consumed_power,1.200000,2026-02-16T23:05:36.740Z
sensor.sigen_plant_consumed_power,1.189000,2026-02-16T23:05:41.176Z
sensor.sigen_plant_consumed_power,1.206000,2026-02-16T23:05:46.181Z
sensor.sigen_plant_consumed_power,1.205000,2026-02-16T23:05:51.195Z
sensor.sigen_plant_consumed_power,1.202000,2026-02-16T23:05:56.182Z
sensor.sigen_plant_consumed_power,1.179000,2026-02-16T23:06:01.232Z
sensor.sigen_plant_consumed_power,1.202000,2026-02-16T23:06:06.172Z
sensor.sigen_plant_consumed_power,1.179000,2026-02-16T23:06:11.194Z
sensor.sigen_plant_consumed_power,1.175000,2026-02-16T23:06:16.172Z
sensor.sigen_plant_consumed_power,1.193000,2026-02-16T23:06:21.184Z
sensor.sigen_plant_consumed_power,1.188000,2026-02-16T23:06:26.173Z
sensor.sigen_plant_consumed_power,1.197000,2026-02-16T23:06:31.182Z
sensor.sigen_plant_consumed_power,1.193000,2026-02-16T23:06:36.182Z
sensor.sigen_plant_consumed_power,1.194000,2026-02-16T23:06:41.182Z
sensor.sigen_plant_consumed_power,1.176000,2026-02-16T23:06:46.205Z
sensor.sigen_plant_consumed_power,1.180000,2026-02-16T23:06:51.182Z
sensor.sigen_plant_consumed_power,1.178000,2026-02-16T23:06:56.212Z
sensor.sigen_plant_consumed_power,1.196000,2026-02-16T23:07:01.184Z
sensor.sigen_plant_consumed_power,1.207000,2026-02-16T23:07:06.186Z
sensor.sigen_plant_consumed_power,1.195000,2026-02-16T23:07:11.172Z
sensor.sigen_plant_consumed_power,1.190000,2026-02-16T23:07:16.185Z
sensor.sigen_plant_consumed_power,1.210000,2026-02-16T23:07:21.167Z
sensor.sigen_plant_consumed_power,1.170000,2026-02-16T23:07:26.174Z
sensor.sigen_plant_consumed_power,1.162000,2026-02-16T23:07:31.184Z
sensor.sigen_plant_consumed_power,1.167000,2026-02-16T23:07:36.165Z
sensor.sigen_plant_consumed_power,1.174000,2026-02-16T23:07:41.163Z
sensor.sigen_plant_consumed_power,1.183000,2026-02-16T23:07:46.183Z
sensor.sigen_plant_consumed_power,1.179000,2026-02-16T23:07:51.193Z
sensor.sigen_plant_consumed_power,1.180000,2026-02-16T23:07:56.173Z
sensor.sigen_plant_consumed_power,1.166000,2026-02-16T23:08:01.205Z
sensor.sigen_plant_consumed_power,1.176000,2026-02-16T23:08:06.193Z
sensor.sigen_plant_consumed_power,1.158000,2026-02-16T23:08:11.186Z
sensor.sigen_plant_consumed_power,1.152000,2026-02-16T23:08:16.194Z
sensor.sigen_plant_consumed_power,1.183000,2026-02-16T23:08:21.189Z
sensor.sigen_plant_consumed_power,1.222000,2026-02-16T23:08:26.173Z
sensor.sigen_plant_consumed_power,1.200000,2026-02-16T23:08:31.194Z
sensor.sigen_plant_consumed_power,1.209000,2026-02-16T23:08:36.163Z
sensor.sigen_plant_consumed_power,1.159000,2026-02-16T23:08:41.176Z
sensor.sigen_plant_consumed_power,1.472000,2026-02-16T23:08:46.165Z
sensor.sigen_plant_consumed_power,1.455000,2026-02-16T23:08:51.177Z
sensor.sigen_plant_consumed_power,1.479000,2026-02-16T23:08:56.224Z
sensor.sigen_plant_consumed_power,1.512000,2026-02-16T23:09:01.265Z
sensor.sigen_plant_consumed_power,1.500000,2026-02-16T23:09:06.173Z
sensor.sigen_plant_consumed_power,1.471000,2026-02-16T23:09:11.224Z
sensor.sigen_plant_consumed_power,1.410000,2026-02-16T23:09:16.165Z
sensor.sigen_plant_consumed_power,1.486000,2026-02-16T23:09:21.213Z
sensor.sigen_plant_consumed_power,1.501000,2026-02-16T23:09:26.187Z
sensor.sigen_plant_consumed_power,1.466000,2026-02-16T23:09:31.245Z
sensor.sigen_plant_consumed_power,1.467000,2026-02-16T23:09:36.185Z
sensor.sigen_plant_consumed_power,1.485000,2026-02-16T23:09:46.204Z
sensor.sigen_plant_consumed_power,1.527000,2026-02-16T23:09:51.174Z
sensor.sigen_plant_consumed_power,1.467000,2026-02-16T23:09:56.183Z
sensor.sigen_plant_consumed_power,1.507000,2026-02-16T23:10:01.228Z
sensor.sigen_plant_consumed_power,1.481000,2026-02-16T23:10:06.184Z
sensor.sigen_plant_consumed_power,1.466000,2026-02-16T23:10:11.166Z
sensor.sigen_plant_consumed_power,1.473000,2026-02-16T23:10:16.174Z
sensor.sigen_plant_consumed_power,1.470000,2026-02-16T23:10:21.173Z
sensor.sigen_plant_consumed_power,1.466000,2026-02-16T23:10:26.236Z
sensor.sigen_plant_consumed_power,1.474000,2026-02-16T23:10:31.205Z
sensor.sigen_plant_consumed_power,1.491000,2026-02-16T23:10:36.203Z
sensor.sigen_plant_consumed_power,1.560000,2026-02-16T23:10:41.187Z
sensor.sigen_plant_consumed_power,1.540000,2026-02-16T23:10:46.163Z
sensor.sigen_plant_consumed_power,1.525000,2026-02-16T23:10:51.209Z
sensor.sigen_plant_consumed_power,1.498000,2026-02-16T23:10:56.207Z
sensor.sigen_plant_consumed_power,1.518000,2026-02-16T23:10:59.783Z
sensor.sigen_plant_consumed_power,1.546000,2026-02-16T23:11:04.163Z
sensor.sigen_plant_consumed_power,1.564000,2026-02-16T23:11:09.204Z
sensor.sigen_plant_consumed_power,1.558000,2026-02-16T23:11:14.175Z
sensor.sigen_plant_consumed_power,1.582000,2026-02-16T23:11:19.185Z
sensor.sigen_plant_consumed_power,1.566000,2026-02-16T23:11:24.167Z
sensor.sigen_plant_consumed_power,1.534000,2026-02-16T23:11:29.198Z
sensor.sigen_plant_consumed_power,1.560000,2026-02-16T23:11:34.184Z
sensor.sigen_plant_consumed_power,1.523000,2026-02-16T23:11:39.168Z
sensor.sigen_plant_consumed_power,1.543000,2026-02-16T23:11:44.174Z
sensor.sigen_plant_consumed_power,1.523000,2026-02-16T23:11:49.184Z
sensor.sigen_plant_consumed_power,1.518000,2026-02-16T23:11:54.197Z
sensor.sigen_plant_consumed_power,1.554000,2026-02-16T23:11:59.174Z
sensor.sigen_plant_consumed_power,1.537000,2026-02-16T23:12:04.164Z
sensor.sigen_plant_consumed_power,1.558000,2026-02-16T23:12:09.194Z
sensor.sigen_plant_consumed_power,1.557000,2026-02-16T23:12:14.174Z
sensor.sigen_plant_consumed_power,1.552000,2026-02-16T23:12:19.166Z
sensor.sigen_plant_consumed_power,1.550000,2026-02-16T23:12:24.164Z
sensor.sigen_plant_consumed_power,1.547000,2026-02-16T23:12:29.174Z
sensor.sigen_plant_consumed_power,1.557000,2026-02-16T23:12:34.164Z
sensor.sigen_plant_consumed_power,1.574000,2026-02-16T23:12:39.184Z
sensor.sigen_plant_consumed_power,1.579000,2026-02-16T23:12:44.971Z
sensor.sigen_plant_consumed_power,1.574000,2026-02-16T23:12:50.174Z
sensor.sigen_plant_consumed_power,1.552000,2026-02-16T23:12:55.164Z
sensor.sigen_plant_consumed_power,1.535000,2026-02-16T23:13:00.264Z
sensor.sigen_plant_consumed_power,1.509000,2026-02-16T23:13:05.165Z
sensor.sigen_plant_consumed_power,1.516000,2026-02-16T23:13:10.174Z
sensor.sigen_plant_consumed_power,1.576000,2026-02-16T23:13:15.185Z
sensor.sigen_plant_consumed_power,1.532000,2026-02-16T23:13:20.188Z
sensor.sigen_plant_consumed_power,1.526000,2026-02-16T23:13:25.165Z
sensor.sigen_plant_consumed_power,1.515000,2026-02-16T23:13:30.177Z
sensor.sigen_plant_consumed_power,1.512000,2026-02-16T23:13:35.175Z
sensor.sigen_plant_consumed_power,1.496000,2026-02-16T23:13:40.185Z
sensor.sigen_plant_consumed_power,1.534000,2026-02-16T23:13:45.207Z
sensor.sigen_plant_consumed_power,1.520000,2026-02-16T23:13:50.176Z
sensor.sigen_plant_consumed_power,1.546000,2026-02-16T23:13:55.368Z
sensor.sigen_plant_consumed_power,1.529000,2026-02-16T23:14:00.277Z
sensor.sigen_plant_consumed_power,1.545000,2026-02-16T23:14:05.207Z
sensor.sigen_plant_consumed_power,1.512000,2026-02-16T23:14:10.206Z
sensor.sigen_plant_consumed_power,1.536000,2026-02-16T23:14:15.189Z
sensor.sigen_plant_consumed_power,1.527000,2026-02-16T23:14:20.219Z
sensor.sigen_plant_consumed_power,1.523000,2026-02-16T23:14:25.187Z
sensor.sigen_plant_consumed_power,1.511000,2026-02-16T23:14:30.185Z
sensor.sigen_plant_consumed_power,1.519000,2026-02-16T23:14:35.186Z
sensor.sigen_plant_consumed_power,1.529000,2026-02-16T23:14:40.169Z
sensor.sigen_plant_consumed_power,1.534000,2026-02-16T23:14:45.169Z
sensor.sigen_plant_consumed_power,1.488000,2026-02-16T23:14:50.217Z
sensor.sigen_plant_consumed_power,1.513000,2026-02-16T23:14:55.195Z
sensor.sigen_plant_consumed_power,1.488000,2026-02-16T23:15:00.253Z
sensor.sigen_plant_consumed_power,1.501000,2026-02-16T23:15:05.226Z
sensor.sigen_plant_consumed_power,1.545000,2026-02-16T23:15:10.208Z
sensor.sigen_plant_consumed_power,1.510000,2026-02-16T23:15:15.247Z
sensor.sigen_plant_consumed_power,1.518000,2026-02-16T23:15:20.209Z
sensor.sigen_plant_consumed_power,1.523000,2026-02-16T23:15:25.185Z
sensor.sigen_plant_consumed_power,1.517000,2026-02-16T23:15:27.176Z
sensor.sigen_plant_consumed_power,1.511000,2026-02-16T23:15:32.185Z
sensor.sigen_plant_consumed_power,1.275000,2026-02-16T23:15:37.219Z
sensor.sigen_plant_consumed_power,1.269000,2026-02-16T23:15:47.214Z
sensor.sigen_plant_consumed_power,1.308000,2026-02-16T23:15:52.185Z
sensor.sigen_plant_consumed_power,1.260000,2026-02-16T23:15:57.206Z
sensor.sigen_plant_consumed_power,1.289000,2026-02-16T23:16:02.180Z
sensor.sigen_plant_consumed_power,1.274000,2026-02-16T23:16:07.188Z
sensor.sigen_plant_consumed_power,1.266000,2026-02-16T23:16:12.195Z
sensor.sigen_plant_consumed_power,1.305000,2026-02-16T23:16:17.188Z
sensor.sigen_plant_consumed_power,1.263000,2026-02-16T23:16:22.197Z
sensor.sigen_plant_consumed_power,1.272000,2026-02-16T23:16:32.219Z
sensor.sigen_plant_consumed_power,1.284000,2026-02-16T23:16:37.196Z
sensor.sigen_plant_consumed_power,1.259000,2026-02-16T23:16:42.186Z
sensor.sigen_plant_consumed_power,1.287000,2026-02-16T23:16:47.186Z
sensor.sigen_plant_consumed_power,1.297000,2026-02-16T23:16:52.196Z
sensor.sigen_plant_consumed_power,1.281000,2026-02-16T23:17:02.208Z
sensor.sigen_plant_consumed_power,1.283000,2026-02-16T23:17:17.186Z
sensor.sigen_plant_consumed_power,1.286000,2026-02-16T23:17:22.198Z
sensor.sigen_plant_consumed_power,1.263000,2026-02-16T23:17:27.206Z
sensor.sigen_plant_consumed_power,1.275000,2026-02-16T23:17:32.179Z
sensor.sigen_plant_consumed_power,1.264000,2026-02-16T23:17:37.233Z
sensor.sigen_plant_consumed_power,1.280000,2026-02-16T23:17:42.180Z
sensor.sigen_plant_consumed_power,1.304000,2026-02-16T23:17:47.186Z
sensor.sigen_plant_consumed_power,1.278000,2026-02-16T23:17:52.196Z
sensor.sigen_plant_consumed_power,1.282000,2026-02-16T23:17:57.178Z
sensor.sigen_plant_consumed_power,1.261000,2026-02-16T23:18:02.167Z
sensor.sigen_plant_consumed_power,1.258000,2026-02-16T23:18:07.186Z
sensor.sigen_plant_consumed_power,1.270000,2026-02-16T23:18:12.216Z
sensor.sigen_plant_consumed_power,1.282000,2026-02-16T23:18:17.186Z
sensor.sigen_plant_consumed_power,1.286000,2026-02-16T23:18:22.187Z
sensor.sigen_plant_consumed_power,1.293000,2026-02-16T23:18:27.208Z
sensor.sigen_plant_consumed_power,1.280000,2026-02-16T23:18:32.176Z
sensor.sigen_plant_consumed_power,1.272000,2026-02-16T23:18:37.206Z
sensor.sigen_plant_consumed_power,1.247000,2026-02-16T23:18:42.196Z
sensor.sigen_plant_consumed_power,1.268000,2026-02-16T23:18:47.206Z
sensor.sigen_plant_consumed_power,1.263000,2026-02-16T23:18:52.206Z
sensor.sigen_plant_consumed_power,1.275000,2026-02-16T23:18:57.178Z
sensor.sigen_plant_consumed_power,1.268000,2026-02-16T23:19:02.186Z
sensor.sigen_plant_consumed_power,1.274000,2026-02-16T23:19:07.169Z
sensor.sigen_plant_consumed_power,1.244000,2026-02-16T23:19:12.210Z
sensor.sigen_plant_consumed_power,1.240000,2026-02-16T23:19:17.186Z
sensor.sigen_plant_consumed_power,1.274000,2026-02-16T23:19:22.191Z
sensor.sigen_plant_consumed_power,1.290000,2026-02-16T23:19:27.190Z
sensor.sigen_plant_consumed_power,1.275000,2026-02-16T23:19:32.236Z
sensor.sigen_plant_consumed_power,1.295000,2026-02-16T23:19:37.242Z
sensor.sigen_plant_consumed_power,1.284000,2026-02-16T23:19:42.177Z
sensor.sigen_plant_consumed_power,1.302000,2026-02-16T23:19:47.197Z
sensor.sigen_plant_consumed_power,1.304000,2026-02-16T23:19:52.187Z
sensor.sigen_plant_consumed_power,1.303000,2026-02-16T23:19:57.222Z
sensor.sigen_plant_consumed_power,1.317000,2026-02-16T23:20:02.179Z
sensor.sigen_plant_consumed_power,1.307000,2026-02-16T23:20:07.196Z
sensor.sigen_plant_consumed_power,1.320000,2026-02-16T23:20:12.187Z
sensor.sigen_plant_consumed_power,1.290000,2026-02-16T23:20:17.197Z
sensor.sigen_plant_consumed_power,1.316000,2026-02-16T23:20:22.207Z
sensor.sigen_plant_consumed_power,1.306000,2026-02-16T23:20:26.959Z
sensor.sigen_plant_consumed_power,1.297000,2026-02-16T23:20:32.209Z
sensor.sigen_plant_consumed_power,1.277000,2026-02-16T23:20:37.199Z
sensor.sigen_plant_consumed_power,1.279000,2026-02-16T23:20:42.197Z
sensor.sigen_plant_consumed_power,1.275000,2026-02-16T23:20:47.206Z
sensor.sigen_plant_consumed_power,1.257000,2026-02-16T23:20:52.166Z
sensor.sigen_plant_consumed_power,1.271000,2026-02-16T23:20:57.198Z
sensor.sigen_plant_consumed_power,1.267000,2026-02-16T23:21:02.190Z
sensor.sigen_plant_consumed_power,1.283000,2026-02-16T23:21:07.189Z
sensor.sigen_plant_consumed_power,1.285000,2026-02-16T23:21:12.168Z
sensor.sigen_plant_consumed_power,1.277000,2026-02-16T23:21:17.188Z
sensor.sigen_plant_consumed_power,1.220000,2026-02-16T23:21:22.168Z
sensor.sigen_plant_consumed_power,1.287000,2026-02-16T23:21:27.197Z
sensor.sigen_plant_consumed_power,1.275000,2026-02-16T23:21:32.168Z
sensor.sigen_plant_consumed_power,1.277000,2026-02-16T23:21:37.177Z
sensor.sigen_plant_consumed_power,1.283000,2026-02-16T23:21:42.177Z
sensor.sigen_plant_consumed_power,1.260000,2026-02-16T23:21:47.188Z
sensor.sigen_plant_consumed_power,1.278000,2026-02-16T23:21:52.167Z
sensor.sigen_plant_consumed_power,1.264000,2026-02-16T23:21:57.187Z
sensor.sigen_plant_consumed_power,1.255000,2026-02-16T23:22:02.207Z
sensor.sigen_plant_consumed_power,1.344000,2026-02-16T23:22:12.200Z
sensor.sigen_plant_consumed_power,1.307000,2026-02-16T23:22:17.179Z
sensor.sigen_plant_consumed_power,1.305000,2026-02-16T23:22:22.247Z
sensor.sigen_plant_consumed_power,1.301000,2026-02-16T23:22:27.187Z
sensor.sigen_plant_consumed_power,1.287000,2026-02-16T23:22:32.179Z
sensor.sigen_plant_consumed_power,1.305000,2026-02-16T23:22:37.168Z
sensor.sigen_plant_consumed_power,1.326000,2026-02-16T23:22:47.194Z
sensor.sigen_plant_consumed_power,1.322000,2026-02-16T23:22:52.448Z
sensor.sigen_plant_consumed_power,1.296000,2026-02-16T23:22:57.213Z
sensor.sigen_plant_consumed_power,1.319000,2026-02-16T23:23:02.187Z
sensor.sigen_plant_consumed_power,1.323000,2026-02-16T23:23:07.189Z
sensor.sigen_plant_consumed_power,1.341000,2026-02-16T23:23:12.188Z
sensor.sigen_plant_consumed_power,1.312000,2026-02-16T23:23:17.198Z
sensor.sigen_plant_consumed_power,1.200000,2026-02-16T23:23:22.198Z
sensor.sigen_plant_consumed_power,1.190000,2026-02-16T23:23:27.190Z
sensor.sigen_plant_consumed_power,1.194000,2026-02-16T23:23:32.178Z
sensor.sigen_plant_consumed_power,1.179000,2026-02-16T23:23:37.191Z
sensor.sigen_plant_consumed_power,1.177000,2026-02-16T23:23:42.238Z
sensor.sigen_plant_consumed_power,1.161000,2026-02-16T23:23:47.180Z
sensor.sigen_plant_consumed_power,1.192000,2026-02-16T23:23:52.188Z
sensor.sigen_plant_consumed_power,1.181000,2026-02-16T23:23:57.169Z
sensor.sigen_plant_consumed_power,1.191000,2026-02-16T23:24:02.168Z
sensor.sigen_plant_consumed_power,1.168000,2026-02-16T23:24:07.188Z
sensor.sigen_plant_consumed_power,1.179000,2026-02-16T23:24:12.199Z
sensor.sigen_plant_consumed_power,1.195000,2026-02-16T23:24:17.168Z
sensor.sigen_plant_consumed_power,1.189000,2026-02-16T23:24:22.228Z
sensor.sigen_plant_consumed_power,1.182000,2026-02-16T23:24:27.188Z
sensor.sigen_plant_consumed_power,1.191000,2026-02-16T23:24:32.168Z
sensor.sigen_plant_consumed_power,1.196000,2026-02-16T23:24:37.199Z
sensor.sigen_plant_consumed_power,1.180000,2026-02-16T23:24:42.228Z
sensor.sigen_plant_consumed_power,1.196000,2026-02-16T23:24:47.204Z
sensor.sigen_plant_consumed_power,1.165000,2026-02-16T23:24:52.181Z
sensor.sigen_plant_consumed_power,1.171000,2026-02-16T23:24:57.219Z
sensor.sigen_plant_consumed_power,1.181000,2026-02-16T23:25:02.208Z
sensor.sigen_plant_consumed_power,1.186000,2026-02-16T23:25:07.248Z
sensor.sigen_plant_consumed_power,1.178000,2026-02-16T23:25:12.179Z
sensor.sigen_plant_consumed_power,1.168000,2026-02-16T23:25:17.229Z
sensor.sigen_plant_consumed_power,1.174000,2026-02-16T23:25:22.189Z
sensor.sigen_plant_consumed_power,1.182000,2026-02-16T23:25:27.168Z
sensor.sigen_plant_consumed_power,1.177000,2026-02-16T23:25:29.648Z
sensor.sigen_plant_consumed_power,1.179000,2026-02-16T23:25:34.188Z
sensor.sigen_plant_consumed_power,1.200000,2026-02-16T23:25:39.170Z
sensor.sigen_plant_consumed_power,1.211000,2026-02-16T23:25:44.203Z
sensor.sigen_plant_consumed_power,1.196000,2026-02-16T23:25:49.177Z
sensor.sigen_plant_consumed_power,1.183000,2026-02-16T23:25:54.218Z
sensor.sigen_plant_consumed_power,1.202000,2026-02-16T23:25:59.182Z
sensor.sigen_plant_consumed_power,1.193000,2026-02-16T23:26:04.178Z
sensor.sigen_plant_consumed_power,1.210000,2026-02-16T23:26:09.188Z
sensor.sigen_plant_consumed_power,1.188000,2026-02-16T23:26:14.191Z
sensor.sigen_plant_consumed_power,1.151000,2026-02-16T23:26:19.179Z
sensor.sigen_plant_consumed_power,1.192000,2026-02-16T23:26:24.205Z
sensor.sigen_plant_consumed_power,1.166000,2026-02-16T23:26:29.179Z
sensor.sigen_plant_consumed_power,1.162000,2026-02-16T23:26:34.172Z
sensor.sigen_plant_consumed_power,1.206000,2026-02-16T23:26:39.189Z
sensor.sigen_plant_consumed_power,1.213000,2026-02-16T23:26:44.189Z
sensor.sigen_plant_consumed_power,1.161000,2026-02-16T23:26:49.169Z
sensor.sigen_plant_consumed_power,1.185000,2026-02-16T23:26:54.181Z
sensor.sigen_plant_consumed_power,1.202000,2026-02-16T23:26:59.169Z
sensor.sigen_plant_consumed_power,1.152000,2026-02-16T23:27:04.171Z
sensor.sigen_plant_consumed_power,1.149000,2026-02-16T23:27:09.179Z
sensor.sigen_plant_consumed_power,1.168000,2026-02-16T23:27:14.169Z
sensor.sigen_plant_consumed_power,1.177000,2026-02-16T23:27:19.179Z
sensor.sigen_plant_consumed_power,1.150000,2026-02-16T23:27:24.200Z
sensor.sigen_plant_consumed_power,1.132000,2026-02-16T23:27:29.182Z
sensor.sigen_plant_consumed_power,1.211000,2026-02-16T23:27:34.189Z
sensor.sigen_plant_consumed_power,1.130000,2026-02-16T23:27:39.189Z
sensor.sigen_plant_consumed_power,1.132000,2026-02-16T23:27:44.190Z
sensor.sigen_plant_consumed_power,1.141000,2026-02-16T23:27:49.199Z
sensor.sigen_plant_consumed_power,1.091000,2026-02-16T23:27:54.169Z
sensor.sigen_plant_consumed_power,1.134000,2026-02-16T23:27:59.201Z
sensor.sigen_plant_consumed_power,1.100000,2026-02-16T23:28:04.203Z
sensor.sigen_plant_consumed_power,1.132000,2026-02-16T23:28:09.179Z
sensor.sigen_plant_consumed_power,1.141000,2026-02-16T23:28:14.191Z
sensor.sigen_plant_consumed_power,1.204000,2026-02-16T23:28:19.179Z
sensor.sigen_plant_consumed_power,1.197000,2026-02-16T23:28:24.201Z
sensor.sigen_plant_consumed_power,1.161000,2026-02-16T23:28:29.190Z
sensor.sigen_plant_consumed_power,1.169000,2026-02-16T23:28:34.169Z
sensor.sigen_plant_consumed_power,1.149000,2026-02-16T23:28:39.189Z
sensor.sigen_plant_consumed_power,1.171000,2026-02-16T23:28:44.185Z
sensor.sigen_plant_consumed_power,1.150000,2026-02-16T23:28:49.171Z
sensor.sigen_plant_consumed_power,1.194000,2026-02-16T23:28:54.173Z
sensor.sigen_plant_consumed_power,1.140000,2026-02-16T23:28:59.180Z
sensor.sigen_plant_consumed_power,1.170000,2026-02-16T23:29:04.180Z
sensor.sigen_plant_consumed_power,1.179000,2026-02-16T23:29:09.200Z
sensor.sigen_plant_consumed_power,1.177000,2026-02-16T23:29:14.210Z
sensor.sigen_plant_consumed_power,1.191000,2026-02-16T23:29:19.176Z
sensor.sigen_plant_consumed_power,1.180000,2026-02-16T23:29:24.194Z
sensor.sigen_plant_consumed_power,1.203000,2026-02-16T23:29:29.193Z
sensor.sigen_plant_consumed_power,1.172000,2026-02-16T23:29:34.210Z
sensor.sigen_plant_consumed_power,1.159000,2026-02-16T23:29:39.240Z
sensor.sigen_plant_consumed_power,1.167000,2026-02-16T23:29:44.170Z
sensor.sigen_plant_consumed_power,1.166000,2026-02-16T23:29:49.195Z
sensor.sigen_plant_consumed_power,1.170000,2026-02-16T23:29:59.200Z
sensor.sigen_plant_consumed_power,4.887000,2026-02-16T23:30:04.190Z
sensor.sigen_plant_consumed_power,4.854000,2026-02-16T23:30:09.190Z
sensor.sigen_plant_consumed_power,4.861000,2026-02-16T23:30:14.190Z
sensor.sigen_plant_consumed_power,4.868000,2026-02-16T23:30:19.252Z
sensor.sigen_plant_consumed_power,4.866000,2026-02-16T23:30:24.204Z
sensor.sigen_plant_consumed_power,4.856000,2026-02-16T23:30:29.190Z
sensor.sigen_plant_consumed_power,4.883000,2026-02-16T23:30:34.180Z
sensor.sigen_plant_consumed_power,4.897000,2026-02-16T23:30:35.733Z
sensor.sigen_plant_consumed_power,4.855000,2026-02-16T23:30:40.170Z
sensor.sigen_plant_consumed_power,4.848000,2026-02-16T23:30:45.210Z
sensor.sigen_plant_consumed_power,4.838000,2026-02-16T23:30:50.403Z
sensor.sigen_plant_consumed_power,4.827000,2026-02-16T23:30:55.180Z
sensor.sigen_plant_consumed_power,4.858000,2026-02-16T23:31:00.230Z
sensor.sigen_plant_consumed_power,4.861000,2026-02-16T23:31:05.190Z
sensor.sigen_plant_consumed_power,4.844000,2026-02-16T23:31:10.212Z
sensor.sigen_plant_consumed_power,4.832000,2026-02-16T23:31:25.210Z
sensor.sigen_plant_consumed_power,4.829000,2026-02-16T23:31:30.210Z
sensor.sigen_plant_consumed_power,4.846000,2026-02-16T23:31:35.165Z
sensor.sigen_plant_consumed_power,4.830000,2026-02-16T23:31:40.186Z
sensor.sigen_plant_consumed_power,4.848000,2026-02-16T23:31:45.214Z
sensor.sigen_plant_consumed_power,4.851000,2026-02-16T23:31:50.201Z
sensor.sigen_plant_consumed_power,4.852000,2026-02-16T23:31:55.191Z
sensor.sigen_plant_consumed_power,4.825000,2026-02-16T23:32:00.492Z
sensor.sigen_plant_consumed_power,4.822000,2026-02-16T23:32:05.184Z
sensor.sigen_plant_consumed_power,4.843000,2026-02-16T23:32:10.193Z
sensor.sigen_plant_consumed_power,4.844000,2026-02-16T23:32:15.180Z
sensor.sigen_plant_consumed_power,4.852000,2026-02-16T23:32:20.181Z
sensor.sigen_plant_consumed_power,4.849000,2026-02-16T23:32:25.192Z
sensor.sigen_plant_consumed_power,4.842000,2026-02-16T23:32:30.181Z
sensor.sigen_plant_consumed_power,4.868000,2026-02-16T23:32:35.211Z
sensor.sigen_plant_consumed_power,4.867000,2026-02-16T23:32:40.201Z
sensor.sigen_plant_consumed_power,4.869000,2026-02-16T23:32:45.191Z
sensor.sigen_plant_consumed_power,4.854000,2026-02-16T23:32:50.191Z
sensor.sigen_plant_consumed_power,4.842000,2026-02-16T23:32:55.191Z
sensor.sigen_plant_consumed_power,4.856000,2026-02-16T23:33:00.281Z
sensor.sigen_plant_consumed_power,4.845000,2026-02-16T23:33:05.162Z
sensor.sigen_plant_consumed_power,4.832000,2026-02-16T23:33:10.171Z
sensor.sigen_plant_consumed_power,4.821000,2026-02-16T23:33:20.161Z
sensor.sigen_plant_consumed_power,4.792000,2026-02-16T23:33:25.181Z
sensor.sigen_plant_consumed_power,4.784000,2026-02-16T23:33:30.182Z
sensor.sigen_plant_consumed_power,4.806000,2026-02-16T23:33:35.172Z
sensor.sigen_plant_consumed_power,4.814000,2026-02-16T23:33:40.182Z
sensor.sigen_plant_consumed_power,4.832000,2026-02-16T23:33:45.181Z
sensor.sigen_plant_consumed_power,4.781000,2026-02-16T23:33:50.191Z
sensor.sigen_plant_consumed_power,4.844000,2026-02-16T23:33:55.161Z
sensor.sigen_plant_consumed_power,4.786000,2026-02-16T23:34:00.221Z
sensor.sigen_plant_consumed_power,4.790000,2026-02-16T23:34:05.171Z
sensor.sigen_plant_consumed_power,4.796000,2026-02-16T23:34:10.171Z
sensor.sigen_plant_consumed_power,4.787000,2026-02-16T23:34:15.164Z
sensor.sigen_plant_consumed_power,4.829000,2026-02-16T23:34:20.173Z
sensor.sigen_plant_consumed_power,4.782000,2026-02-16T23:34:25.191Z
sensor.sigen_plant_consumed_power,4.778000,2026-02-16T23:34:30.181Z
sensor.sigen_plant_consumed_power,4.789000,2026-02-16T23:34:35.162Z
sensor.sigen_plant_consumed_power,4.778000,2026-02-16T23:34:40.312Z
sensor.sigen_plant_consumed_power,4.798000,2026-02-16T23:34:45.181Z
sensor.sigen_plant_consumed_power,4.780000,2026-02-16T23:34:50.191Z
sensor.sigen_plant_consumed_power,4.796000,2026-02-16T23:34:55.181Z
sensor.sigen_plant_consumed_power,4.832000,2026-02-16T23:35:00.291Z
sensor.sigen_plant_consumed_power,4.818000,2026-02-16T23:35:05.197Z
sensor.sigen_plant_consumed_power,4.815000,2026-02-16T23:35:10.181Z
sensor.sigen_plant_consumed_power,4.820000,2026-02-16T23:35:15.162Z
sensor.sigen_plant_consumed_power,4.818000,2026-02-16T23:35:20.202Z
sensor.sigen_plant_consumed_power,4.835000,2026-02-16T23:35:26.061Z
sensor.sigen_plant_consumed_power,4.825000,2026-02-16T23:35:31.203Z
sensor.sigen_plant_consumed_power,4.845000,2026-02-16T23:35:36.161Z
sensor.sigen_plant_consumed_power,4.835000,2026-02-16T23:35:42.000Z
sensor.sigen_plant_consumed_power,4.861000,2026-02-16T23:35:47.188Z
sensor.sigen_plant_consumed_power,4.874000,2026-02-16T23:35:52.182Z
sensor.sigen_plant_consumed_power,4.854000,2026-02-16T23:35:57.233Z
sensor.sigen_plant_consumed_power,4.891000,2026-02-16T23:36:02.223Z
sensor.sigen_plant_consumed_power,4.849000,2026-02-16T23:36:07.182Z
sensor.sigen_plant_consumed_power,4.868000,2026-02-16T23:36:12.172Z
sensor.sigen_plant_consumed_power,4.846000,2026-02-16T23:36:17.212Z
sensor.sigen_plant_consumed_power,4.863000,2026-02-16T23:36:22.218Z
sensor.sigen_plant_consumed_power,4.865000,2026-02-16T23:36:27.202Z
sensor.sigen_plant_consumed_power,4.841000,2026-02-16T23:36:32.182Z
sensor.sigen_plant_consumed_power,4.826000,2026-02-16T23:36:37.212Z
sensor.sigen_plant_consumed_power,4.857000,2026-02-16T23:36:42.182Z
sensor.sigen_plant_consumed_power,4.846000,2026-02-16T23:36:47.174Z
sensor.sigen_plant_consumed_power,4.853000,2026-02-16T23:36:52.196Z
sensor.sigen_plant_consumed_power,4.836000,2026-02-16T23:36:57.192Z
sensor.sigen_plant_consumed_power,4.851000,2026-02-16T23:37:02.202Z
sensor.sigen_plant_consumed_power,4.903000,2026-02-16T23:37:07.205Z
sensor.sigen_plant_consumed_power,4.865000,2026-02-16T23:37:12.192Z
sensor.sigen_plant_consumed_power,4.856000,2026-02-16T23:37:17.196Z
sensor.sigen_plant_consumed_power,4.852000,2026-02-16T23:37:22.220Z
sensor.sigen_plant_consumed_power,4.849000,2026-02-16T23:37:27.195Z
sensor.sigen_plant_consumed_power,4.879000,2026-02-16T23:37:32.182Z
sensor.sigen_plant_consumed_power,4.827000,2026-02-16T23:37:37.192Z
sensor.sigen_plant_consumed_power,4.833000,2026-02-16T23:37:42.208Z
sensor.sigen_plant_consumed_power,4.876000,2026-02-16T23:37:47.174Z
sensor.sigen_plant_consumed_power,4.884000,2026-02-16T23:37:52.206Z
sensor.sigen_plant_consumed_power,4.874000,2026-02-16T23:37:57.212Z
sensor.sigen_plant_consumed_power,4.859000,2026-02-16T23:38:02.194Z
sensor.sigen_plant_consumed_power,4.860000,2026-02-16T23:38:07.206Z
sensor.sigen_plant_consumed_power,4.886000,2026-02-16T23:38:12.184Z
sensor.sigen_plant_consumed_power,4.892000,2026-02-16T23:38:17.183Z
sensor.sigen_plant_consumed_power,4.845000,2026-02-16T23:38:22.182Z
sensor.sigen_plant_consumed_power,4.872000,2026-02-16T23:38:27.205Z
sensor.sigen_plant_consumed_power,4.857000,2026-02-16T23:38:32.183Z
sensor.sigen_plant_consumed_power,4.870000,2026-02-16T23:38:37.194Z
sensor.sigen_plant_consumed_power,4.833000,2026-02-16T23:38:42.273Z
sensor.sigen_plant_consumed_power,4.811000,2026-02-16T23:38:47.176Z
sensor.sigen_plant_consumed_power,4.818000,2026-02-16T23:38:52.203Z
sensor.sigen_plant_consumed_power,4.798000,2026-02-16T23:38:57.194Z
sensor.sigen_plant_consumed_power,4.843000,2026-02-16T23:39:02.183Z
sensor.sigen_plant_consumed_power,4.874000,2026-02-16T23:39:07.183Z
sensor.sigen_plant_consumed_power,4.871000,2026-02-16T23:39:12.200Z
sensor.sigen_plant_consumed_power,4.848000,2026-02-16T23:39:17.195Z
sensor.sigen_plant_consumed_power,4.876000,2026-02-16T23:39:22.193Z
sensor.sigen_plant_consumed_power,4.874000,2026-02-16T23:39:27.183Z
sensor.sigen_plant_consumed_power,4.863000,2026-02-16T23:39:32.166Z
sensor.sigen_plant_consumed_power,4.888000,2026-02-16T23:39:37.178Z
sensor.sigen_plant_consumed_power,4.892000,2026-02-16T23:39:42.201Z
sensor.sigen_plant_consumed_power,4.882000,2026-02-16T23:39:47.218Z
sensor.sigen_plant_consumed_power,4.910000,2026-02-16T23:39:52.203Z
sensor.sigen_plant_consumed_power,4.895000,2026-02-16T23:39:57.184Z
sensor.sigen_plant_consumed_power,4.854000,2026-02-16T23:40:02.183Z
sensor.sigen_plant_consumed_power,4.896000,2026-02-16T23:40:07.166Z
sensor.sigen_plant_consumed_power,4.872000,2026-02-16T23:40:12.173Z
sensor.sigen_plant_consumed_power,4.876000,2026-02-16T23:40:17.193Z
sensor.sigen_plant_consumed_power,4.882000,2026-02-16T23:40:22.173Z
sensor.sigen_plant_consumed_power,4.875000,2026-02-16T23:40:27.183Z
sensor.sigen_plant_consumed_power,4.893000,2026-02-16T23:40:28.585Z
sensor.sigen_plant_consumed_power,4.855000,2026-02-16T23:40:33.189Z
sensor.sigen_plant_consumed_power,4.839000,2026-02-16T23:40:38.173Z
sensor.sigen_plant_consumed_power,4.890000,2026-02-16T23:40:43.172Z
sensor.sigen_plant_consumed_power,4.855000,2026-02-16T23:40:48.173Z
sensor.sigen_plant_consumed_power,4.839000,2026-02-16T23:40:53.175Z
sensor.sigen_plant_consumed_power,4.864000,2026-02-16T23:40:58.177Z
sensor.sigen_plant_consumed_power,4.851000,2026-02-16T23:41:00.726Z
sensor.sigen_plant_consumed_power,4.846000,2026-02-16T23:41:05.164Z
sensor.sigen_plant_consumed_power,4.858000,2026-02-16T23:41:10.193Z
sensor.sigen_plant_consumed_power,4.872000,2026-02-16T23:41:15.207Z
sensor.sigen_plant_consumed_power,4.878000,2026-02-16T23:41:20.177Z
sensor.sigen_plant_consumed_power,4.858000,2026-02-16T23:41:25.233Z
sensor.sigen_plant_consumed_power,4.843000,2026-02-16T23:41:30.164Z
sensor.sigen_plant_consumed_power,4.842000,2026-02-16T23:41:35.194Z
sensor.sigen_plant_consumed_power,4.838000,2026-02-16T23:41:40.206Z
sensor.sigen_plant_consumed_power,4.862000,2026-02-16T23:41:45.184Z
sensor.sigen_plant_consumed_power,4.849000,2026-02-16T23:41:50.192Z
sensor.sigen_plant_consumed_power,4.862000,2026-02-16T23:41:55.184Z
sensor.sigen_plant_consumed_power,4.843000,2026-02-16T23:42:00.265Z
sensor.sigen_plant_consumed_power,4.827000,2026-02-16T23:42:05.188Z
sensor.sigen_plant_consumed_power,4.864000,2026-02-16T23:42:10.214Z
sensor.sigen_plant_consumed_power,4.870000,2026-02-16T23:42:15.176Z
sensor.sigen_plant_consumed_power,4.823000,2026-02-16T23:42:20.166Z
sensor.sigen_plant_consumed_power,4.827000,2026-02-16T23:42:25.197Z
sensor.sigen_plant_consumed_power,4.798000,2026-02-16T23:42:35.177Z
sensor.sigen_plant_consumed_power,4.850000,2026-02-16T23:42:40.168Z
sensor.sigen_plant_consumed_power,4.840000,2026-02-16T23:42:45.176Z
sensor.sigen_plant_consumed_power,4.817000,2026-02-16T23:42:50.206Z
sensor.sigen_plant_consumed_power,4.835000,2026-02-16T23:42:55.194Z
sensor.sigen_plant_consumed_power,4.813000,2026-02-16T23:43:00.251Z
sensor.sigen_plant_consumed_power,4.830000,2026-02-16T23:43:05.184Z
sensor.sigen_plant_consumed_power,4.838000,2026-02-16T23:43:10.194Z
sensor.sigen_plant_consumed_power,4.850000,2026-02-16T23:43:15.176Z
sensor.sigen_plant_consumed_power,4.903000,2026-02-16T23:43:20.185Z
sensor.sigen_plant_consumed_power,4.949000,2026-02-16T23:43:25.208Z
sensor.sigen_plant_consumed_power,4.903000,2026-02-16T23:43:30.184Z
sensor.sigen_plant_consumed_power,4.918000,2026-02-16T23:43:35.184Z
sensor.sigen_plant_consumed_power,4.922000,2026-02-16T23:43:40.204Z
sensor.sigen_plant_consumed_power,4.903000,2026-02-16T23:43:45.195Z
sensor.sigen_plant_consumed_power,4.962000,2026-02-16T23:43:50.184Z
sensor.sigen_plant_consumed_power,4.960000,2026-02-16T23:43:55.185Z
sensor.sigen_plant_consumed_power,4.959000,2026-02-16T23:44:00.265Z
sensor.sigen_plant_consumed_power,4.934000,2026-02-16T23:44:10.184Z
sensor.sigen_plant_consumed_power,4.963000,2026-02-16T23:44:15.165Z
sensor.sigen_plant_consumed_power,4.921000,2026-02-16T23:44:20.187Z
sensor.sigen_plant_consumed_power,4.986000,2026-02-16T23:44:25.195Z
sensor.sigen_plant_consumed_power,4.931000,2026-02-16T23:44:30.177Z
sensor.sigen_plant_consumed_power,4.928000,2026-02-16T23:44:35.165Z
sensor.sigen_plant_consumed_power,4.926000,2026-02-16T23:44:40.172Z
sensor.sigen_plant_consumed_power,4.950000,2026-02-16T23:44:45.203Z
sensor.sigen_plant_consumed_power,4.949000,2026-02-16T23:44:50.166Z
sensor.sigen_plant_consumed_power,4.969000,2026-02-16T23:44:55.175Z
sensor.sigen_plant_consumed_power,4.975000,2026-02-16T23:45:00.265Z
sensor.sigen_plant_consumed_power,4.969000,2026-02-16T23:45:10.183Z
sensor.sigen_plant_consumed_power,4.948000,2026-02-16T23:45:15.176Z
sensor.sigen_plant_consumed_power,4.947000,2026-02-16T23:45:20.185Z
sensor.sigen_plant_consumed_power,4.986000,2026-02-16T23:45:25.195Z
sensor.sigen_plant_consumed_power,4.976000,2026-02-16T23:45:27.236Z
sensor.sigen_plant_consumed_power,4.954000,2026-02-16T23:45:32.167Z
sensor.sigen_plant_consumed_power,4.948000,2026-02-16T23:45:37.221Z
sensor.sigen_plant_consumed_power,4.971000,2026-02-16T23:45:42.184Z
sensor.sigen_plant_consumed_power,4.953000,2026-02-16T23:45:47.164Z
sensor.sigen_plant_consumed_power,4.974000,2026-02-16T23:45:52.175Z
sensor.sigen_plant_consumed_power,4.973000,2026-02-16T23:45:57.195Z
sensor.sigen_plant_consumed_power,4.968000,2026-02-16T23:46:02.186Z
sensor.sigen_plant_consumed_power,4.913000,2026-02-16T23:46:07.187Z
sensor.sigen_plant_consumed_power,4.949000,2026-02-16T23:46:12.208Z
sensor.sigen_plant_consumed_power,4.931000,2026-02-16T23:46:17.185Z
sensor.sigen_plant_consumed_power,4.957000,2026-02-16T23:46:22.207Z
sensor.sigen_plant_consumed_power,4.949000,2026-02-16T23:46:27.165Z
sensor.sigen_plant_consumed_power,4.958000,2026-02-16T23:46:32.189Z
sensor.sigen_plant_consumed_power,4.931000,2026-02-16T23:46:37.195Z
sensor.sigen_plant_consumed_power,4.927000,2026-02-16T23:46:42.187Z
sensor.sigen_plant_consumed_power,4.932000,2026-02-16T23:46:47.168Z
sensor.sigen_plant_consumed_power,4.934000,2026-02-16T23:46:52.395Z
sensor.sigen_plant_consumed_power,4.978000,2026-02-16T23:46:57.198Z
sensor.sigen_plant_consumed_power,4.992000,2026-02-16T23:47:02.177Z
sensor.sigen_plant_consumed_power,4.985000,2026-02-16T23:47:07.187Z
sensor.sigen_plant_consumed_power,4.974000,2026-02-16T23:47:12.199Z
sensor.sigen_plant_consumed_power,4.662000,2026-02-16T23:47:17.188Z
sensor.sigen_plant_consumed_power,4.663000,2026-02-16T23:47:22.177Z
sensor.sigen_plant_consumed_power,4.669000,2026-02-16T23:47:27.168Z
sensor.sigen_plant_consumed_power,4.653000,2026-02-16T23:47:32.186Z
sensor.sigen_plant_consumed_power,4.666000,2026-02-16T23:47:37.167Z
sensor.sigen_plant_consumed_power,4.692000,2026-02-16T23:47:42.189Z
sensor.sigen_plant_consumed_power,4.664000,2026-02-16T23:47:47.216Z
sensor.sigen_plant_consumed_power,4.638000,2026-02-16T23:47:52.188Z
sensor.sigen_plant_consumed_power,4.619000,2026-02-16T23:47:57.166Z
sensor.sigen_plant_consumed_power,4.631000,2026-02-16T23:48:02.186Z
sensor.sigen_plant_consumed_power,4.656000,2026-02-16T23:48:07.186Z
sensor.sigen_plant_consumed_power,4.653000,2026-02-16T23:48:12.198Z
sensor.sigen_plant_consumed_power,4.637000,2026-02-16T23:48:17.197Z
sensor.sigen_plant_consumed_power,4.650000,2026-02-16T23:48:22.170Z
sensor.sigen_plant_consumed_power,4.884000,2026-02-16T23:48:27.180Z
sensor.sigen_plant_consumed_power,4.944000,2026-02-16T23:48:32.187Z
sensor.sigen_plant_consumed_power,4.945000,2026-02-16T23:48:37.186Z
sensor.sigen_plant_consumed_power,4.972000,2026-02-16T23:48:42.177Z
sensor.sigen_plant_consumed_power,4.974000,2026-02-16T23:48:47.230Z
sensor.sigen_plant_consumed_power,4.958000,2026-02-16T23:48:52.166Z
sensor.sigen_plant_consumed_power,4.951000,2026-02-16T23:48:57.168Z
sensor.sigen_plant_consumed_power,4.961000,2026-02-16T23:49:02.189Z
sensor.sigen_plant_consumed_power,4.949000,2026-02-16T23:49:07.176Z
sensor.sigen_plant_consumed_power,4.972000,2026-02-16T23:49:12.188Z
sensor.sigen_plant_consumed_power,4.973000,2026-02-16T23:49:17.187Z
sensor.sigen_plant_consumed_power,4.984000,2026-02-16T23:49:22.179Z
sensor.sigen_plant_consumed_power,4.959000,2026-02-16T23:49:27.189Z
sensor.sigen_plant_consumed_power,4.993000,2026-02-16T23:49:32.186Z
sensor.sigen_plant_consumed_power,4.988000,2026-02-16T23:49:37.180Z
sensor.sigen_plant_consumed_power,4.971000,2026-02-16T23:49:42.166Z
sensor.sigen_plant_consumed_power,4.975000,2026-02-16T23:49:47.179Z
sensor.sigen_plant_consumed_power,4.973000,2026-02-16T23:49:52.166Z
sensor.sigen_plant_consumed_power,4.970000,2026-02-16T23:49:57.176Z
sensor.sigen_plant_consumed_power,4.992000,2026-02-16T23:50:02.166Z
sensor.sigen_plant_consumed_power,4.964000,2026-02-16T23:50:07.177Z
sensor.sigen_plant_consumed_power,4.940000,2026-02-16T23:50:12.228Z
sensor.sigen_plant_consumed_power,4.951000,2026-02-16T23:50:17.196Z
sensor.sigen_plant_consumed_power,4.925000,2026-02-16T23:50:22.189Z
sensor.sigen_plant_consumed_power,4.955000,2026-02-16T23:50:27.231Z
sensor.sigen_plant_consumed_power,4.956000,2026-02-16T23:50:29.026Z
sensor.sigen_plant_consumed_power,4.965000,2026-02-16T23:50:34.166Z
sensor.sigen_plant_consumed_power,4.933000,2026-02-16T23:50:39.196Z
sensor.sigen_plant_consumed_power,4.955000,2026-02-16T23:50:44.187Z
sensor.sigen_plant_consumed_power,4.971000,2026-02-16T23:50:49.176Z
sensor.sigen_plant_consumed_power,4.964000,2026-02-16T23:50:54.166Z
sensor.sigen_plant_consumed_power,4.988000,2026-02-16T23:50:59.196Z
sensor.sigen_plant_consumed_power,4.955000,2026-02-16T23:51:04.167Z
sensor.sigen_plant_consumed_power,4.983000,2026-02-16T23:51:09.177Z
sensor.sigen_plant_consumed_power,4.945000,2026-02-16T23:51:14.167Z
sensor.sigen_plant_consumed_power,4.949000,2026-02-16T23:51:19.177Z
sensor.sigen_plant_consumed_power,4.952000,2026-02-16T23:51:24.179Z
sensor.sigen_plant_consumed_power,4.941000,2026-02-16T23:51:29.407Z
sensor.sigen_plant_consumed_power,4.978000,2026-02-16T23:51:34.167Z
sensor.sigen_plant_consumed_power,4.965000,2026-02-16T23:51:39.192Z
sensor.sigen_plant_consumed_power,4.975000,2026-02-16T23:51:44.167Z
sensor.sigen_plant_consumed_power,4.971000,2026-02-16T23:51:49.207Z
sensor.sigen_plant_consumed_power,4.987000,2026-02-16T23:51:54.187Z
sensor.sigen_plant_consumed_power,4.950000,2026-02-16T23:51:59.169Z
sensor.sigen_plant_consumed_power,4.996000,2026-02-16T23:52:04.194Z
sensor.sigen_plant_consumed_power,4.974000,2026-02-16T23:52:09.169Z
sensor.sigen_plant_consumed_power,4.969000,2026-02-16T23:52:14.187Z
sensor.sigen_plant_consumed_power,4.974000,2026-02-16T23:52:24.200Z
sensor.sigen_plant_consumed_power,4.981000,2026-02-16T23:52:29.168Z
sensor.sigen_plant_consumed_power,4.988000,2026-02-16T23:52:34.188Z
sensor.sigen_plant_consumed_power,4.955000,2026-02-16T23:52:39.218Z
sensor.sigen_plant_consumed_power,4.960000,2026-02-16T23:52:44.177Z
sensor.sigen_plant_consumed_power,4.979000,2026-02-16T23:52:49.167Z
sensor.sigen_plant_consumed_power,4.956000,2026-02-16T23:52:54.207Z
sensor.sigen_plant_consumed_power,4.950000,2026-02-16T23:52:59.207Z
sensor.sigen_plant_consumed_power,4.971000,2026-02-16T23:53:04.179Z
sensor.sigen_plant_consumed_power,4.969000,2026-02-16T23:53:09.188Z
sensor.sigen_plant_consumed_power,4.927000,2026-02-16T23:53:14.197Z
sensor.sigen_plant_consumed_power,4.968000,2026-02-16T23:53:19.187Z
sensor.sigen_plant_consumed_power,4.898000,2026-02-16T23:53:24.178Z
sensor.sigen_plant_consumed_power,4.997000,2026-02-16T23:53:29.176Z
sensor.sigen_plant_consumed_power,4.960000,2026-02-16T23:53:34.229Z
sensor.sigen_plant_consumed_power,4.968000,2026-02-16T23:53:39.168Z
sensor.sigen_plant_consumed_power,5.033000,2026-02-16T23:53:44.191Z
sensor.sigen_plant_consumed_power,4.943000,2026-02-16T23:53:49.178Z
sensor.sigen_plant_consumed_power,4.959000,2026-02-16T23:53:54.207Z
sensor.sigen_plant_consumed_power,4.963000,2026-02-16T23:53:59.179Z
sensor.sigen_plant_consumed_power,4.966000,2026-02-16T23:54:04.218Z
sensor.sigen_plant_consumed_power,4.951000,2026-02-16T23:54:09.190Z
sensor.sigen_plant_consumed_power,4.957000,2026-02-16T23:54:14.189Z
sensor.sigen_plant_consumed_power,4.971000,2026-02-16T23:54:19.180Z
sensor.sigen_plant_consumed_power,4.992000,2026-02-16T23:54:24.174Z
sensor.sigen_plant_consumed_power,4.949000,2026-02-16T23:54:29.185Z
sensor.sigen_plant_consumed_power,4.948000,2026-02-16T23:54:34.188Z
sensor.sigen_plant_consumed_power,4.935000,2026-02-16T23:54:39.208Z
sensor.sigen_plant_consumed_power,4.947000,2026-02-16T23:54:44.173Z
sensor.sigen_plant_consumed_power,4.959000,2026-02-16T23:54:54.218Z
sensor.sigen_plant_consumed_power,4.942000,2026-02-16T23:54:59.178Z
sensor.sigen_plant_consumed_power,4.969000,2026-02-16T23:55:04.180Z
sensor.sigen_plant_consumed_power,4.948000,2026-02-16T23:55:09.188Z
sensor.sigen_plant_consumed_power,4.957000,2026-02-16T23:55:14.188Z
sensor.sigen_plant_consumed_power,4.954000,2026-02-16T23:55:19.191Z
sensor.sigen_plant_consumed_power,4.971000,2026-02-16T23:55:24.171Z
sensor.sigen_plant_consumed_power,4.970000,2026-02-16T23:55:29.168Z
sensor.sigen_plant_consumed_power,4.990000,2026-02-16T23:55:34.248Z
sensor.sigen_plant_consumed_power,5.007000,2026-02-16T23:55:36.579Z
sensor.sigen_plant_consumed_power,4.984000,2026-02-16T23:55:41.168Z
sensor.sigen_plant_consumed_power,4.986000,2026-02-16T23:55:46.184Z
sensor.sigen_plant_consumed_power,4.997000,2026-02-16T23:55:51.177Z
sensor.sigen_plant_consumed_power,5.005000,2026-02-16T23:55:56.189Z
sensor.sigen_plant_consumed_power,5.042000,2026-02-16T23:56:01.198Z
sensor.sigen_plant_consumed_power,4.989000,2026-02-16T23:56:06.188Z
sensor.sigen_plant_consumed_power,4.991000,2026-02-16T23:56:11.200Z
sensor.sigen_plant_consumed_power,4.977000,2026-02-16T23:56:16.168Z
sensor.sigen_plant_consumed_power,4.999000,2026-02-16T23:56:21.191Z
sensor.sigen_plant_consumed_power,4.986000,2026-02-16T23:56:26.240Z
sensor.sigen_plant_consumed_power,4.982000,2026-02-16T23:56:31.191Z
sensor.sigen_plant_consumed_power,4.968000,2026-02-16T23:56:36.179Z
sensor.sigen_plant_consumed_power,4.957000,2026-02-16T23:56:41.191Z
sensor.sigen_plant_consumed_power,4.966000,2026-02-16T23:56:46.211Z
sensor.sigen_plant_consumed_power,4.962000,2026-02-16T23:56:51.188Z
sensor.sigen_plant_consumed_power,4.986000,2026-02-16T23:56:56.178Z
sensor.sigen_plant_consumed_power,4.996000,2026-02-16T23:57:01.189Z
sensor.sigen_plant_consumed_power,4.950000,2026-02-16T23:57:06.190Z
sensor.sigen_plant_consumed_power,5.021000,2026-02-16T23:57:11.169Z
sensor.sigen_plant_consumed_power,4.988000,2026-02-16T23:57:16.190Z
sensor.sigen_plant_consumed_power,4.950000,2026-02-16T23:57:21.230Z
sensor.sigen_plant_consumed_power,4.995000,2026-02-16T23:57:26.180Z
sensor.sigen_plant_consumed_power,4.977000,2026-02-16T23:57:31.189Z
sensor.sigen_plant_consumed_power,4.936000,2026-02-16T23:57:36.171Z
sensor.sigen_plant_consumed_power,4.948000,2026-02-16T23:57:46.189Z
sensor.sigen_plant_consumed_power,4.918000,2026-02-16T23:57:51.169Z
sensor.sigen_plant_consumed_power,4.946000,2026-02-16T23:57:56.189Z
sensor.sigen_plant_consumed_power,4.933000,2026-02-16T23:58:01.211Z
sensor.sigen_plant_consumed_power,4.951000,2026-02-16T23:58:06.189Z
sensor.sigen_plant_consumed_power,4.929000,2026-02-16T23:58:11.179Z
sensor.sigen_plant_consumed_power,4.944000,2026-02-16T23:58:16.214Z
sensor.sigen_plant_consumed_power,4.967000,2026-02-16T23:58:21.199Z
sensor.sigen_plant_consumed_power,4.948000,2026-02-16T23:58:26.179Z
sensor.sigen_plant_consumed_power,4.941000,2026-02-16T23:58:31.189Z
sensor.sigen_plant_consumed_power,4.938000,2026-02-16T23:58:36.199Z
sensor.sigen_plant_consumed_power,4.946000,2026-02-16T23:58:41.179Z
sensor.sigen_plant_consumed_power,4.959000,2026-02-16T23:58:46.201Z
sensor.sigen_plant_consumed_power,4.945000,2026-02-16T23:58:51.212Z
sensor.sigen_plant_consumed_power,4.930000,2026-02-16T23:58:56.192Z
sensor.sigen_plant_consumed_power,4.995000,2026-02-16T23:59:01.239Z
sensor.sigen_plant_consumed_power,4.964000,2026-02-16T23:59:06.181Z
sensor.sigen_plant_consumed_power,4.923000,2026-02-16T23:59:11.179Z
sensor.sigen_plant_consumed_power,4.980000,2026-02-16T23:59:16.189Z
sensor.sigen_plant_consumed_power,4.966000,2026-02-16T23:59:21.219Z
sensor.sigen_plant_consumed_power,4.972000,2026-02-16T23:59:26.189Z
sensor.sigen_plant_consumed_power,4.966000,2026-02-16T23:59:31.199Z
sensor.sigen_plant_consumed_power,4.997000,2026-02-16T23:59:36.209Z
sensor.sigen_plant_consumed_power,4.983000,2026-02-16T23:59:41.203Z
sensor.sigen_plant_consumed_power,4.979000,2026-02-16T23:59:46.200Z
sensor.sigen_plant_consumed_power,4.968000,2026-02-16T23:59:51.230Z
sensor.sigen_plant_consumed_power,4.980000,2026-02-16T23:59:56.179Z
sensor.sigen_plant_consumed_power,4.977000,2026-02-17T00:00:01.210Z
sensor.sigen_plant_consumed_power,4.995000,2026-02-17T00:00:06.211Z
sensor.sigen_plant_consumed_power,4.966000,2026-02-17T00:00:11.190Z
sensor.sigen_plant_consumed_power,4.987000,2026-02-17T00:00:16.182Z
sensor.sigen_plant_consumed_power,4.977000,2026-02-17T00:00:21.190Z
sensor.sigen_plant_consumed_power,4.973000,2026-02-17T00:00:26.200Z
sensor.sigen_plant_consumed_power,4.986000,2026-02-17T00:00:28.849Z
sensor.sigen_plant_consumed_power,4.999000,2026-02-17T00:00:33.189Z
sensor.sigen_plant_consumed_power,4.978000,2026-02-17T00:00:38.259Z
sensor.sigen_plant_consumed_power,4.982000,2026-02-17T00:00:43.209Z
sensor.sigen_plant_consumed_power,4.976000,2026-02-17T00:00:48.241Z
sensor.sigen_plant_consumed_power,4.998000,2026-02-17T00:00:53.219Z
sensor.sigen_plant_consumed_power,4.973000,2026-02-17T00:00:58.241Z
sensor.sigen_plant_consumed_power,4.985000,2026-02-17T00:01:03.241Z
sensor.sigen_plant_consumed_power,4.968000,2026-02-17T00:01:08.265Z
sensor.sigen_plant_consumed_power,4.896000,2026-02-17T00:01:13.199Z
sensor.sigen_plant_consumed_power,4.892000,2026-02-17T00:01:18.171Z
sensor.sigen_plant_consumed_power,4.905000,2026-02-17T00:01:23.172Z
sensor.sigen_plant_consumed_power,4.901000,2026-02-17T00:01:28.194Z
sensor.sigen_plant_consumed_power,4.870000,2026-02-17T00:01:33.200Z
sensor.sigen_plant_consumed_power,4.876000,2026-02-17T00:01:38.180Z
sensor.sigen_plant_consumed_power,4.885000,2026-02-17T00:01:43.160Z
sensor.sigen_plant_consumed_power,4.888000,2026-02-17T00:01:48.223Z
sensor.sigen_plant_consumed_power,4.917000,2026-02-17T00:01:53.192Z
sensor.sigen_plant_consumed_power,4.882000,2026-02-17T00:01:58.183Z
sensor.sigen_plant_consumed_power,4.894000,2026-02-17T00:02:03.215Z
sensor.sigen_plant_consumed_power,4.921000,2026-02-17T00:02:13.185Z
sensor.sigen_plant_consumed_power,4.550000,2026-02-17T00:02:18.220Z
sensor.sigen_plant_consumed_power,4.582000,2026-02-17T00:02:23.196Z
sensor.sigen_plant_consumed_power,4.525000,2026-02-17T00:02:28.239Z
sensor.sigen_plant_consumed_power,4.530000,2026-02-17T00:02:33.180Z
sensor.sigen_plant_consumed_power,5.052000,2026-02-17T00:02:38.210Z
sensor.sigen_plant_consumed_power,4.794000,2026-02-17T00:02:43.200Z
sensor.sigen_plant_consumed_power,4.843000,2026-02-17T00:02:48.181Z
sensor.sigen_plant_consumed_power,4.845000,2026-02-17T00:02:53.201Z
sensor.sigen_plant_consumed_power,4.872000,2026-02-17T00:02:58.191Z
sensor.sigen_plant_consumed_power,4.783000,2026-02-17T00:03:03.192Z
sensor.sigen_plant_consumed_power,4.771000,2026-02-17T00:03:08.161Z
sensor.sigen_plant_consumed_power,4.765000,2026-02-17T00:03:13.172Z
sensor.sigen_plant_consumed_power,4.760000,2026-02-17T00:03:18.212Z
sensor.sigen_plant_consumed_power,4.763000,2026-02-17T00:03:23.181Z
sensor.sigen_plant_consumed_power,4.767000,2026-02-17T00:03:33.181Z
sensor.sigen_plant_consumed_power,4.763000,2026-02-17T00:03:38.201Z
sensor.sigen_plant_consumed_power,4.745000,2026-02-17T00:03:43.165Z
sensor.sigen_plant_consumed_power,4.772000,2026-02-17T00:03:48.214Z
sensor.sigen_plant_consumed_power,4.770000,2026-02-17T00:03:53.231Z
sensor.sigen_plant_consumed_power,4.792000,2026-02-17T00:03:58.181Z
sensor.sigen_plant_consumed_power,4.767000,2026-02-17T00:04:03.191Z
sensor.sigen_plant_consumed_power,4.731000,2026-02-17T00:04:08.181Z
sensor.sigen_plant_consumed_power,4.786000,2026-02-17T00:04:13.202Z
sensor.sigen_plant_consumed_power,4.801000,2026-02-17T00:04:18.181Z
sensor.sigen_plant_consumed_power,4.797000,2026-02-17T00:04:23.212Z
sensor.sigen_plant_consumed_power,4.826000,2026-02-17T00:04:28.192Z
sensor.sigen_plant_consumed_power,4.783000,2026-02-17T00:04:33.182Z
sensor.sigen_plant_consumed_power,4.769000,2026-02-17T00:04:38.214Z
sensor.sigen_plant_consumed_power,4.843000,2026-02-17T00:04:43.173Z
sensor.sigen_plant_consumed_power,4.765000,2026-02-17T00:04:48.196Z
sensor.sigen_plant_consumed_power,4.764000,2026-02-17T00:04:53.181Z
sensor.sigen_plant_consumed_power,4.767000,2026-02-17T00:04:58.191Z
sensor.sigen_plant_consumed_power,4.793000,2026-02-17T00:05:03.201Z
sensor.sigen_plant_consumed_power,4.776000,2026-02-17T00:05:08.193Z
sensor.sigen_plant_consumed_power,4.815000,2026-02-17T00:05:13.183Z
sensor.sigen_plant_consumed_power,4.788000,2026-02-17T00:05:18.231Z
sensor.sigen_plant_consumed_power,4.765000,2026-02-17T00:05:23.243Z
sensor.sigen_plant_consumed_power,4.788000,2026-02-17T00:05:28.174Z
sensor.sigen_plant_consumed_power,4.814000,2026-02-17T00:05:33.181Z
sensor.sigen_plant_consumed_power,4.766000,2026-02-17T00:05:36.621Z
sensor.sigen_plant_consumed_power,4.779000,2026-02-17T00:05:41.162Z
sensor.sigen_plant_consumed_power,4.786000,2026-02-17T00:05:46.202Z
sensor.sigen_plant_consumed_power,4.761000,2026-02-17T00:05:51.173Z
sensor.sigen_plant_consumed_power,4.760000,2026-02-17T00:05:56.174Z
sensor.sigen_plant_consumed_power,4.782000,2026-02-17T00:06:01.201Z
sensor.sigen_plant_consumed_power,4.766000,2026-02-17T00:06:06.223Z
sensor.sigen_plant_consumed_power,4.773000,2026-02-17T00:06:11.205Z
sensor.sigen_plant_consumed_power,4.784000,2026-02-17T00:06:16.203Z
sensor.sigen_plant_consumed_power,4.792000,2026-02-17T00:06:21.213Z
sensor.sigen_plant_consumed_power,4.758000,2026-02-17T00:06:26.243Z
sensor.sigen_plant_consumed_power,4.773000,2026-02-17T00:06:31.204Z
sensor.sigen_plant_consumed_power,4.748000,2026-02-17T00:06:36.201Z
sensor.sigen_plant_consumed_power,4.765000,2026-02-17T00:06:41.174Z
sensor.sigen_plant_consumed_power,4.785000,2026-02-17T00:06:46.188Z
sensor.sigen_plant_consumed_power,4.784000,2026-02-17T00:06:51.173Z
sensor.sigen_plant_consumed_power,4.755000,2026-02-17T00:06:56.223Z
sensor.sigen_plant_consumed_power,4.814000,2026-02-17T00:07:01.202Z
sensor.sigen_plant_consumed_power,4.806000,2026-02-17T00:07:06.193Z
sensor.sigen_plant_consumed_power,4.814000,2026-02-17T00:07:11.192Z
sensor.sigen_plant_consumed_power,4.797000,2026-02-17T00:07:16.172Z
sensor.sigen_plant_consumed_power,4.795000,2026-02-17T00:07:21.172Z
sensor.sigen_plant_consumed_power,4.787000,2026-02-17T00:07:26.203Z
sensor.sigen_plant_consumed_power,4.799000,2026-02-17T00:07:31.202Z
sensor.sigen_plant_consumed_power,4.791000,2026-02-17T00:07:36.185Z
sensor.sigen_plant_consumed_power,4.827000,2026-02-17T00:07:41.172Z
sensor.sigen_plant_consumed_power,4.816000,2026-02-17T00:07:46.183Z
sensor.sigen_plant_consumed_power,4.803000,2026-02-17T00:07:51.209Z
sensor.sigen_plant_consumed_power,4.800000,2026-02-17T00:07:56.192Z
sensor.sigen_plant_consumed_power,4.791000,2026-02-17T00:08:01.204Z
sensor.sigen_plant_consumed_power,4.795000,2026-02-17T00:08:06.212Z
sensor.sigen_plant_consumed_power,4.796000,2026-02-17T00:08:11.171Z
sensor.sigen_plant_consumed_power,4.779000,2026-02-17T00:08:21.186Z
sensor.sigen_plant_consumed_power,4.785000,2026-02-17T00:08:31.192Z
sensor.sigen_plant_consumed_power,4.775000,2026-02-17T00:08:36.164Z
sensor.sigen_plant_consumed_power,4.772000,2026-02-17T00:08:41.178Z
sensor.sigen_plant_consumed_power,4.768000,2026-02-17T00:08:46.181Z
sensor.sigen_plant_consumed_power,4.785000,2026-02-17T00:08:51.173Z
sensor.sigen_plant_consumed_power,4.800000,2026-02-17T00:09:01.222Z
sensor.sigen_plant_consumed_power,4.770000,2026-02-17T00:09:06.172Z
sensor.sigen_plant_consumed_power,4.735000,2026-02-17T00:09:11.184Z
sensor.sigen_plant_consumed_power,4.743000,2026-02-17T00:09:16.184Z
sensor.sigen_plant_consumed_power,4.760000,2026-02-17T00:09:21.223Z
sensor.sigen_plant_consumed_power,4.764000,2026-02-17T00:09:26.192Z
sensor.sigen_plant_consumed_power,4.783000,2026-02-17T00:09:31.216Z
sensor.sigen_plant_consumed_power,4.764000,2026-02-17T00:09:36.182Z
sensor.sigen_plant_consumed_power,4.781000,2026-02-17T00:09:41.244Z
sensor.sigen_plant_consumed_power,4.750000,2026-02-17T00:09:46.184Z
sensor.sigen_plant_consumed_power,4.772000,2026-02-17T00:09:51.252Z
sensor.sigen_plant_consumed_power,4.784000,2026-02-17T00:09:56.192Z
sensor.sigen_plant_consumed_power,4.779000,2026-02-17T00:10:01.312Z
sensor.sigen_plant_consumed_power,4.765000,2026-02-17T00:10:06.192Z
sensor.sigen_plant_consumed_power,4.775000,2026-02-17T00:10:11.213Z
sensor.sigen_plant_consumed_power,4.746000,2026-02-17T00:10:16.194Z
sensor.sigen_plant_consumed_power,4.768000,2026-02-17T00:10:21.176Z
sensor.sigen_plant_consumed_power,4.781000,2026-02-17T00:10:26.214Z
sensor.sigen_plant_consumed_power,4.773000,2026-02-17T00:10:30.363Z
sensor.sigen_plant_consumed_power,4.775000,2026-02-17T00:10:35.192Z
sensor.sigen_plant_consumed_power,4.770000,2026-02-17T00:10:40.202Z
sensor.sigen_plant_consumed_power,4.796000,2026-02-17T00:10:45.192Z
sensor.sigen_plant_consumed_power,4.774000,2026-02-17T00:10:50.164Z
sensor.sigen_plant_consumed_power,4.787000,2026-02-17T00:10:55.183Z
sensor.sigen_plant_consumed_power,4.780000,2026-02-17T00:11:00.263Z
sensor.sigen_plant_consumed_power,4.774000,2026-02-17T00:11:05.186Z
sensor.sigen_plant_consumed_power,4.778000,2026-02-17T00:11:10.163Z
sensor.sigen_plant_consumed_power,4.790000,2026-02-17T00:11:15.213Z
sensor.sigen_plant_consumed_power,4.753000,2026-02-17T00:11:20.228Z
sensor.sigen_plant_consumed_power,4.775000,2026-02-17T00:11:25.176Z
sensor.sigen_plant_consumed_power,4.743000,2026-02-17T00:11:30.193Z
sensor.sigen_plant_consumed_power,4.753000,2026-02-17T00:11:35.193Z
sensor.sigen_plant_consumed_power,4.771000,2026-02-17T00:11:40.165Z
sensor.sigen_plant_consumed_power,4.752000,2026-02-17T00:11:45.193Z
sensor.sigen_plant_consumed_power,4.776000,2026-02-17T00:11:50.224Z
sensor.sigen_plant_consumed_power,4.772000,2026-02-17T00:12:00.249Z
sensor.sigen_plant_consumed_power,4.792000,2026-02-17T00:12:05.195Z
sensor.sigen_plant_consumed_power,4.803000,2026-02-17T00:12:10.203Z
sensor.sigen_plant_consumed_power,4.784000,2026-02-17T00:12:15.174Z
sensor.sigen_plant_consumed_power,4.831000,2026-02-17T00:12:20.183Z
sensor.sigen_plant_consumed_power,4.803000,2026-02-17T00:12:25.225Z
sensor.sigen_plant_consumed_power,4.776000,2026-02-17T00:12:30.193Z
sensor.sigen_plant_consumed_power,4.752000,2026-02-17T00:12:35.173Z
sensor.sigen_plant_consumed_power,4.775000,2026-02-17T00:12:40.203Z
sensor.sigen_plant_consumed_power,4.766000,2026-02-17T00:12:45.206Z
sensor.sigen_plant_consumed_power,4.789000,2026-02-17T00:12:50.201Z
sensor.sigen_plant_consumed_power,4.769000,2026-02-17T00:12:55.194Z
sensor.sigen_plant_consumed_power,4.736000,2026-02-17T00:13:00.266Z
sensor.sigen_plant_consumed_power,4.735000,2026-02-17T00:13:05.214Z
sensor.sigen_plant_consumed_power,4.729000,2026-02-17T00:13:10.174Z
sensor.sigen_plant_consumed_power,4.732000,2026-02-17T00:13:15.198Z
sensor.sigen_plant_consumed_power,4.747000,2026-02-17T00:13:20.183Z
sensor.sigen_plant_consumed_power,4.761000,2026-02-17T00:13:25.203Z
sensor.sigen_plant_consumed_power,4.722000,2026-02-17T00:13:30.183Z
sensor.sigen_plant_consumed_power,4.737000,2026-02-17T00:13:35.196Z
sensor.sigen_plant_consumed_power,4.696000,2026-02-17T00:13:40.163Z
sensor.sigen_plant_consumed_power,4.751000,2026-02-17T00:13:45.163Z
sensor.sigen_plant_consumed_power,4.753000,2026-02-17T00:13:50.188Z
sensor.sigen_plant_consumed_power,4.743000,2026-02-17T00:13:55.183Z
sensor.sigen_plant_consumed_power,4.745000,2026-02-17T00:14:00.266Z
sensor.sigen_plant_consumed_power,4.743000,2026-02-17T00:14:05.180Z
sensor.sigen_plant_consumed_power,4.754000,2026-02-17T00:14:10.176Z
sensor.sigen_plant_consumed_power,4.758000,2026-02-17T00:14:15.226Z
sensor.sigen_plant_consumed_power,4.769000,2026-02-17T00:14:20.193Z
sensor.sigen_plant_consumed_power,4.771000,2026-02-17T00:14:25.206Z
sensor.sigen_plant_consumed_power,4.803000,2026-02-17T00:14:30.184Z
sensor.sigen_plant_consumed_power,4.761000,2026-02-17T00:14:35.196Z
sensor.sigen_plant_consumed_power,4.779000,2026-02-17T00:14:40.204Z
sensor.sigen_plant_consumed_power,4.797000,2026-02-17T00:14:45.194Z
sensor.sigen_plant_consumed_power,4.777000,2026-02-17T00:14:50.236Z
sensor.sigen_plant_consumed_power,4.798000,2026-02-17T00:14:55.204Z
sensor.sigen_plant_consumed_power,4.777000,2026-02-17T00:15:00.294Z
sensor.sigen_plant_consumed_power,4.751000,2026-02-17T00:15:05.177Z
sensor.sigen_plant_consumed_power,4.760000,2026-02-17T00:15:10.174Z
sensor.sigen_plant_consumed_power,4.795000,2026-02-17T00:15:15.234Z
sensor.sigen_plant_consumed_power,4.771000,2026-02-17T00:15:20.208Z
sensor.sigen_plant_consumed_power,4.756000,2026-02-17T00:15:25.194Z
sensor.sigen_plant_consumed_power,4.757000,2026-02-17T00:15:30.214Z
sensor.sigen_plant_consumed_power,4.684000,2026-02-17T00:15:35.204Z
sensor.sigen_plant_consumed_power,4.714000,2026-02-17T00:15:37.204Z
sensor.sigen_plant_consumed_power,4.688000,2026-02-17T00:15:42.184Z
sensor.sigen_plant_consumed_power,4.758000,2026-02-17T00:15:47.163Z
sensor.sigen_plant_consumed_power,4.759000,2026-02-17T00:15:52.213Z
sensor.sigen_plant_consumed_power,4.782000,2026-02-17T00:15:57.174Z
sensor.sigen_plant_consumed_power,4.775000,2026-02-17T00:16:02.184Z
sensor.sigen_plant_consumed_power,4.726000,2026-02-17T00:16:07.187Z
sensor.sigen_plant_consumed_power,4.700000,2026-02-17T00:16:12.185Z
sensor.sigen_plant_consumed_power,4.742000,2026-02-17T00:16:17.207Z
sensor.sigen_plant_consumed_power,4.694000,2026-02-17T00:16:22.194Z
sensor.sigen_plant_consumed_power,4.740000,2026-02-17T00:16:27.188Z
sensor.sigen_plant_consumed_power,4.777000,2026-02-17T00:16:32.194Z
sensor.sigen_plant_consumed_power,4.691000,2026-02-17T00:16:37.174Z
sensor.sigen_plant_consumed_power,4.742000,2026-02-17T00:16:42.174Z
sensor.sigen_plant_consumed_power,4.737000,2026-02-17T00:16:47.174Z
sensor.sigen_plant_consumed_power,4.796000,2026-02-17T00:16:52.187Z
sensor.sigen_plant_consumed_power,4.771000,2026-02-17T00:16:57.174Z
sensor.sigen_plant_consumed_power,4.755000,2026-02-17T00:17:02.174Z
sensor.sigen_plant_consumed_power,4.744000,2026-02-17T00:17:07.174Z
sensor.sigen_plant_consumed_power,4.776000,2026-02-17T00:17:12.187Z
sensor.sigen_plant_consumed_power,4.738000,2026-02-17T00:17:17.165Z
sensor.sigen_plant_consumed_power,4.774000,2026-02-17T00:17:22.194Z
sensor.sigen_plant_consumed_power,4.708000,2026-02-17T00:17:27.185Z
sensor.sigen_plant_consumed_power,4.732000,2026-02-17T00:17:32.185Z
sensor.sigen_plant_consumed_power,4.792000,2026-02-17T00:17:37.207Z
sensor.sigen_plant_consumed_power,4.741000,2026-02-17T00:17:42.194Z
sensor.sigen_plant_consumed_power,4.753000,2026-02-17T00:17:47.175Z
sensor.sigen_plant_consumed_power,4.696000,2026-02-17T00:17:52.165Z
sensor.sigen_plant_consumed_power,4.711000,2026-02-17T00:17:57.197Z
sensor.sigen_plant_consumed_power,4.792000,2026-02-17T00:18:02.205Z
sensor.sigen_plant_consumed_power,4.742000,2026-02-17T00:18:07.186Z
sensor.sigen_plant_consumed_power,4.747000,2026-02-17T00:18:12.185Z
sensor.sigen_plant_consumed_power,4.779000,2026-02-17T00:18:17.169Z
sensor.sigen_plant_consumed_power,4.751000,2026-02-17T00:18:22.176Z
sensor.sigen_plant_consumed_power,4.743000,2026-02-17T00:18:27.217Z
sensor.sigen_plant_consumed_power,4.744000,2026-02-17T00:18:32.166Z
sensor.sigen_plant_consumed_power,4.779000,2026-02-17T00:18:37.195Z
sensor.sigen_plant_consumed_power,4.765000,2026-02-17T00:18:42.198Z
sensor.sigen_plant_consumed_power,4.748000,2026-02-17T00:18:47.166Z
sensor.sigen_plant_consumed_power,4.746000,2026-02-17T00:18:52.205Z
sensor.sigen_plant_consumed_power,4.743000,2026-02-17T00:18:57.175Z
sensor.sigen_plant_consumed_power,4.787000,2026-02-17T00:19:02.178Z
sensor.sigen_plant_consumed_power,4.777000,2026-02-17T00:19:07.175Z
sensor.sigen_plant_consumed_power,4.774000,2026-02-17T00:19:12.185Z
sensor.sigen_plant_consumed_power,4.767000,2026-02-17T00:19:17.182Z
sensor.sigen_plant_consumed_power,4.761000,2026-02-17T00:19:22.197Z
sensor.sigen_plant_consumed_power,4.781000,2026-02-17T00:19:27.165Z
sensor.sigen_plant_consumed_power,4.753000,2026-02-17T00:19:32.176Z
sensor.sigen_plant_consumed_power,4.740000,2026-02-17T00:19:37.189Z
sensor.sigen_plant_consumed_power,4.767000,2026-02-17T00:19:42.166Z
sensor.sigen_plant_consumed_power,4.771000,2026-02-17T00:19:47.165Z
sensor.sigen_plant_consumed_power,4.773000,2026-02-17T00:19:52.168Z
sensor.sigen_plant_consumed_power,4.796000,2026-02-17T00:19:57.168Z
sensor.sigen_plant_consumed_power,4.686000,2026-02-17T00:20:02.185Z
sensor.sigen_plant_consumed_power,4.697000,2026-02-17T00:20:07.177Z
sensor.sigen_plant_consumed_power,4.777000,2026-02-17T00:20:12.166Z
sensor.sigen_plant_consumed_power,4.711000,2026-02-17T00:20:17.165Z
sensor.sigen_plant_consumed_power,4.729000,2026-02-17T00:20:22.185Z
sensor.sigen_plant_consumed_power,4.591000,2026-02-17T00:20:27.175Z
sensor.sigen_plant_consumed_power,4.735000,2026-02-17T00:20:32.165Z
sensor.sigen_plant_consumed_power,4.807000,2026-02-17T00:20:34.235Z
sensor.sigen_plant_consumed_power,4.786000,2026-02-17T00:20:39.185Z
sensor.sigen_plant_consumed_power,4.747000,2026-02-17T00:20:44.194Z
sensor.sigen_plant_consumed_power,4.855000,2026-02-17T00:20:49.198Z
sensor.sigen_plant_consumed_power,4.707000,2026-02-17T00:20:54.201Z
sensor.sigen_plant_consumed_power,4.689000,2026-02-17T00:20:59.215Z
sensor.sigen_plant_consumed_power,4.767000,2026-02-17T00:21:04.187Z
sensor.sigen_plant_consumed_power,4.787000,2026-02-17T00:21:09.196Z
sensor.sigen_plant_consumed_power,4.775000,2026-02-17T00:21:14.186Z
sensor.sigen_plant_consumed_power,4.796000,2026-02-17T00:21:19.177Z
sensor.sigen_plant_consumed_power,4.700000,2026-02-17T00:21:24.177Z
sensor.sigen_plant_consumed_power,4.637000,2026-02-17T00:21:29.226Z
sensor.sigen_plant_consumed_power,5.026000,2026-02-17T00:21:34.229Z
sensor.sigen_plant_consumed_power,4.859000,2026-02-17T00:21:39.176Z
sensor.sigen_plant_consumed_power,4.788000,2026-02-17T00:21:44.186Z
sensor.sigen_plant_consumed_power,4.789000,2026-02-17T00:21:49.196Z
sensor.sigen_plant_consumed_power,4.756000,2026-02-17T00:21:54.197Z
sensor.sigen_plant_consumed_power,4.743000,2026-02-17T00:21:59.170Z
sensor.sigen_plant_consumed_power,4.759000,2026-02-17T00:22:04.179Z
sensor.sigen_plant_consumed_power,4.753000,2026-02-17T00:22:09.186Z
sensor.sigen_plant_consumed_power,4.759000,2026-02-17T00:22:14.206Z
sensor.sigen_plant_consumed_power,4.752000,2026-02-17T00:22:19.196Z
sensor.sigen_plant_consumed_power,4.764000,2026-02-17T00:22:24.187Z
sensor.sigen_plant_consumed_power,4.770000,2026-02-17T00:22:29.208Z
sensor.sigen_plant_consumed_power,4.731000,2026-02-17T00:22:34.168Z
sensor.sigen_plant_consumed_power,4.742000,2026-02-17T00:22:39.186Z
sensor.sigen_plant_consumed_power,4.735000,2026-02-17T00:22:44.166Z
sensor.sigen_plant_consumed_power,4.681000,2026-02-17T00:22:49.190Z
sensor.sigen_plant_consumed_power,4.769000,2026-02-17T00:22:54.198Z
sensor.sigen_plant_consumed_power,4.658000,2026-02-17T00:22:59.166Z
sensor.sigen_plant_consumed_power,4.902000,2026-02-17T00:23:04.176Z
sensor.sigen_plant_consumed_power,4.890000,2026-02-17T00:23:09.178Z
sensor.sigen_plant_consumed_power,4.871000,2026-02-17T00:23:19.186Z
sensor.sigen_plant_consumed_power,4.887000,2026-02-17T00:23:24.192Z
sensor.sigen_plant_consumed_power,4.877000,2026-02-17T00:23:29.196Z
sensor.sigen_plant_consumed_power,4.862000,2026-02-17T00:23:34.426Z
sensor.sigen_plant_consumed_power,4.874000,2026-02-17T00:23:39.196Z
sensor.sigen_plant_consumed_power,4.863000,2026-02-17T00:23:44.166Z
sensor.sigen_plant_consumed_power,4.877000,2026-02-17T00:23:49.178Z
sensor.sigen_plant_consumed_power,4.864000,2026-02-17T00:23:54.189Z
sensor.sigen_plant_consumed_power,4.892000,2026-02-17T00:23:59.177Z
sensor.sigen_plant_consumed_power,4.895000,2026-02-17T00:24:04.178Z
sensor.sigen_plant_consumed_power,4.872000,2026-02-17T00:24:09.188Z
sensor.sigen_plant_consumed_power,4.869000,2026-02-17T00:24:14.197Z
sensor.sigen_plant_consumed_power,4.874000,2026-02-17T00:24:19.181Z
sensor.sigen_plant_consumed_power,4.871000,2026-02-17T00:24:24.186Z
sensor.sigen_plant_consumed_power,4.851000,2026-02-17T00:24:29.208Z
sensor.sigen_plant_consumed_power,4.877000,2026-02-17T00:24:34.187Z
sensor.sigen_plant_consumed_power,4.853000,2026-02-17T00:24:39.177Z
sensor.sigen_plant_consumed_power,4.847000,2026-02-17T00:24:44.198Z
sensor.sigen_plant_consumed_power,4.857000,2026-02-17T00:24:54.167Z
sensor.sigen_plant_consumed_power,4.729000,2026-02-17T00:24:59.207Z
sensor.sigen_plant_consumed_power,5.007000,2026-02-17T00:25:04.187Z
sensor.sigen_plant_consumed_power,4.852000,2026-02-17T00:25:09.187Z
sensor.sigen_plant_consumed_power,4.860000,2026-02-17T00:25:14.218Z
sensor.sigen_plant_consumed_power,4.857000,2026-02-17T00:25:19.280Z
sensor.sigen_plant_consumed_power,4.823000,2026-02-17T00:25:24.177Z
sensor.sigen_plant_consumed_power,4.852000,2026-02-17T00:25:27.809Z
sensor.sigen_plant_consumed_power,4.912000,2026-02-17T00:25:32.167Z
sensor.sigen_plant_consumed_power,4.867000,2026-02-17T00:25:37.167Z
sensor.sigen_plant_consumed_power,4.855000,2026-02-17T00:25:42.203Z
sensor.sigen_plant_consumed_power,4.867000,2026-02-17T00:25:47.207Z
sensor.sigen_plant_consumed_power,4.855000,2026-02-17T00:25:52.191Z
sensor.sigen_plant_consumed_power,4.865000,2026-02-17T00:25:57.177Z
sensor.sigen_plant_consumed_power,4.843000,2026-02-17T00:26:02.197Z
sensor.sigen_plant_consumed_power,4.850000,2026-02-17T00:26:07.177Z
sensor.sigen_plant_consumed_power,4.720000,2026-02-17T00:26:12.179Z
sensor.sigen_plant_consumed_power,4.729000,2026-02-17T00:26:17.187Z
sensor.sigen_plant_consumed_power,4.876000,2026-02-17T00:26:22.187Z
sensor.sigen_plant_consumed_power,5.085000,2026-02-17T00:26:27.169Z
sensor.sigen_plant_consumed_power,4.724000,2026-02-17T00:26:32.180Z
sensor.sigen_plant_consumed_power,5.108000,2026-02-17T00:26:37.228Z
sensor.sigen_plant_consumed_power,4.720000,2026-02-17T00:26:42.199Z
sensor.sigen_plant_consumed_power,4.898000,2026-02-17T00:26:47.178Z
sensor.sigen_plant_consumed_power,4.871000,2026-02-17T00:26:52.198Z
sensor.sigen_plant_consumed_power,4.870000,2026-02-17T00:26:57.198Z
sensor.sigen_plant_consumed_power,4.869000,2026-02-17T00:27:02.167Z
sensor.sigen_plant_consumed_power,4.840000,2026-02-17T00:27:07.179Z
sensor.sigen_plant_consumed_power,4.879000,2026-02-17T00:27:12.188Z
sensor.sigen_plant_consumed_power,4.967000,2026-02-17T00:27:17.169Z
sensor.sigen_plant_consumed_power,4.989000,2026-02-17T00:27:22.168Z
sensor.sigen_plant_consumed_power,4.985000,2026-02-17T00:27:27.178Z
sensor.sigen_plant_consumed_power,4.964000,2026-02-17T00:27:32.209Z
sensor.sigen_plant_consumed_power,4.950000,2026-02-17T00:27:37.188Z
sensor.sigen_plant_consumed_power,4.960000,2026-02-17T00:27:42.190Z
sensor.sigen_plant_consumed_power,4.954000,2026-02-17T00:27:47.188Z
sensor.sigen_plant_consumed_power,4.953000,2026-02-17T00:27:52.198Z
sensor.sigen_plant_consumed_power,4.961000,2026-02-17T00:27:57.188Z
sensor.sigen_plant_consumed_power,4.955000,2026-02-17T00:28:02.208Z
sensor.sigen_plant_consumed_power,4.954000,2026-02-17T00:28:07.278Z
sensor.sigen_plant_consumed_power,4.950000,2026-02-17T00:28:12.198Z
sensor.sigen_plant_consumed_power,4.936000,2026-02-17T00:28:17.242Z
sensor.sigen_plant_consumed_power,4.937000,2026-02-17T00:28:22.218Z
sensor.sigen_plant_consumed_power,4.948000,2026-02-17T00:28:27.228Z
sensor.sigen_plant_consumed_power,4.993000,2026-02-17T00:28:32.178Z
sensor.sigen_plant_consumed_power,4.964000,2026-02-17T00:28:37.249Z
sensor.sigen_plant_consumed_power,4.997000,2026-02-17T00:28:42.208Z
sensor.sigen_plant_consumed_power,4.939000,2026-02-17T00:28:47.195Z
sensor.sigen_plant_consumed_power,4.950000,2026-02-17T00:28:52.212Z
sensor.sigen_plant_consumed_power,4.964000,2026-02-17T00:28:57.189Z
sensor.sigen_plant_consumed_power,4.943000,2026-02-17T00:29:02.193Z
sensor.sigen_plant_consumed_power,4.953000,2026-02-17T00:29:07.178Z
sensor.sigen_plant_consumed_power,4.889000,2026-02-17T00:29:12.178Z
sensor.sigen_plant_consumed_power,4.905000,2026-02-17T00:29:17.198Z
sensor.sigen_plant_consumed_power,4.950000,2026-02-17T00:29:22.200Z
sensor.sigen_plant_consumed_power,4.948000,2026-02-17T00:29:27.168Z
sensor.sigen_plant_consumed_power,4.956000,2026-02-17T00:29:32.171Z
sensor.sigen_plant_consumed_power,4.972000,2026-02-17T00:29:37.188Z
sensor.sigen_plant_consumed_power,4.934000,2026-02-17T00:29:42.208Z
sensor.sigen_plant_consumed_power,4.933000,2026-02-17T00:29:47.188Z
sensor.sigen_plant_consumed_power,4.928000,2026-02-17T00:29:52.198Z
sensor.sigen_plant_consumed_power,4.945000,2026-02-17T00:29:57.211Z
sensor.sigen_plant_consumed_power,4.923000,2026-02-17T00:30:07.179Z
sensor.sigen_plant_consumed_power,4.936000,2026-02-17T00:30:12.189Z
sensor.sigen_plant_consumed_power,4.929000,2026-02-17T00:30:17.190Z
sensor.sigen_plant_consumed_power,4.933000,2026-02-17T00:30:22.199Z
sensor.sigen_plant_consumed_power,4.869000,2026-02-17T00:30:27.328Z
sensor.sigen_plant_consumed_power,4.850000,2026-02-17T00:30:30.960Z
sensor.sigen_plant_consumed_power,4.844000,2026-02-17T00:30:36.233Z
sensor.sigen_plant_consumed_power,4.875000,2026-02-17T00:30:41.861Z
sensor.sigen_plant_consumed_power,4.940000,2026-02-17T00:30:46.180Z
sensor.sigen_plant_consumed_power,4.910000,2026-02-17T00:30:51.212Z
sensor.sigen_plant_consumed_power,4.919000,2026-02-17T00:30:56.182Z
sensor.sigen_plant_consumed_power,4.879000,2026-02-17T00:31:01.180Z
sensor.sigen_plant_consumed_power,4.749000,2026-02-17T00:31:06.189Z
sensor.sigen_plant_consumed_power,4.913000,2026-02-17T00:31:11.179Z
sensor.sigen_plant_consumed_power,4.654000,2026-02-17T00:31:16.199Z
sensor.sigen_plant_consumed_power,5.085000,2026-02-17T00:31:21.209Z
sensor.sigen_plant_consumed_power,5.056000,2026-02-17T00:31:26.174Z
sensor.sigen_plant_consumed_power,4.930000,2026-02-17T00:31:31.229Z
sensor.sigen_plant_consumed_power,4.910000,2026-02-17T00:31:36.307Z
sensor.sigen_plant_consumed_power,4.873000,2026-02-17T00:31:41.172Z
sensor.sigen_plant_consumed_power,4.942000,2026-02-17T00:31:46.230Z
sensor.sigen_plant_consumed_power,4.927000,2026-02-17T00:31:51.171Z
sensor.sigen_plant_consumed_power,4.953000,2026-02-17T00:31:56.169Z
sensor.sigen_plant_consumed_power,4.978000,2026-02-17T00:32:01.209Z
sensor.sigen_plant_consumed_power,4.952000,2026-02-17T00:32:06.214Z
sensor.sigen_plant_consumed_power,4.961000,2026-02-17T00:32:11.179Z
sensor.sigen_plant_consumed_power,4.916000,2026-02-17T00:32:16.192Z
sensor.sigen_plant_consumed_power,5.012000,2026-02-17T00:32:21.190Z
sensor.sigen_plant_consumed_power,4.958000,2026-02-17T00:32:26.190Z
sensor.sigen_plant_consumed_power,5.082000,2026-02-17T00:32:31.206Z
sensor.sigen_plant_consumed_power,4.852000,2026-02-17T00:32:36.181Z
sensor.sigen_plant_consumed_power,5.375000,2026-02-17T00:32:41.649Z
sensor.sigen_plant_consumed_power,4.944000,2026-02-17T00:32:46.180Z
sensor.sigen_plant_consumed_power,4.976000,2026-02-17T00:32:51.211Z
sensor.sigen_plant_consumed_power,4.793000,2026-02-17T00:32:56.171Z
sensor.sigen_plant_consumed_power,4.459000,2026-02-17T00:33:01.179Z
sensor.sigen_plant_consumed_power,4.540000,2026-02-17T00:33:06.179Z
sensor.sigen_plant_consumed_power,5.235000,2026-02-17T00:33:11.184Z
sensor.sigen_plant_consumed_power,4.196000,2026-02-17T00:33:16.179Z
sensor.sigen_plant_consumed_power,5.015000,2026-02-17T00:33:21.191Z
sensor.sigen_plant_consumed_power,5.136000,2026-02-17T00:33:26.181Z
sensor.sigen_plant_consumed_power,4.975000,2026-02-17T00:33:31.203Z
sensor.sigen_plant_consumed_power,4.669000,2026-02-17T00:33:36.244Z
sensor.sigen_plant_consumed_power,5.098000,2026-02-17T00:33:41.189Z
sensor.sigen_plant_consumed_power,3.651000,2026-02-17T00:33:46.170Z
sensor.sigen_plant_consumed_power,4.807000,2026-02-17T00:33:51.190Z
sensor.sigen_plant_consumed_power,5.678000,2026-02-17T00:33:56.183Z
sensor.sigen_plant_consumed_power,5.021000,2026-02-17T00:34:01.180Z
sensor.sigen_plant_consumed_power,5.074000,2026-02-17T00:34:06.191Z
sensor.sigen_plant_consumed_power,4.799000,2026-02-17T00:34:11.190Z
sensor.sigen_plant_consumed_power,4.434000,2026-02-17T00:34:16.192Z
sensor.sigen_plant_consumed_power,5.319000,2026-02-17T00:34:21.201Z
sensor.sigen_plant_consumed_power,5.126000,2026-02-17T00:34:26.230Z
sensor.sigen_plant_consumed_power,4.966000,2026-02-17T00:34:31.181Z
sensor.sigen_plant_consumed_power,4.962000,2026-02-17T00:34:36.210Z
sensor.sigen_plant_consumed_power,4.978000,2026-02-17T00:34:41.185Z
sensor.sigen_plant_consumed_power,4.917000,2026-02-17T00:34:46.190Z
sensor.sigen_plant_consumed_power,4.997000,2026-02-17T00:34:51.202Z
sensor.sigen_plant_consumed_power,4.971000,2026-02-17T00:34:56.170Z
sensor.sigen_plant_consumed_power,4.951000,2026-02-17T00:35:01.201Z
sensor.sigen_plant_consumed_power,4.955000,2026-02-17T00:35:06.190Z
sensor.sigen_plant_consumed_power,4.878000,2026-02-17T00:35:11.192Z
sensor.sigen_plant_consumed_power,4.924000,2026-02-17T00:35:16.170Z
sensor.sigen_plant_consumed_power,4.901000,2026-02-17T00:35:21.182Z
sensor.sigen_plant_consumed_power,4.947000,2026-02-17T00:35:26.205Z
sensor.sigen_plant_consumed_power,4.916000,2026-02-17T00:35:29.550Z
sensor.sigen_plant_consumed_power,4.910000,2026-02-17T00:35:34.209Z
sensor.sigen_plant_consumed_power,4.871000,2026-02-17T00:35:39.215Z
sensor.sigen_plant_consumed_power,4.791000,2026-02-17T00:35:44.180Z
sensor.sigen_plant_consumed_power,4.840000,2026-02-17T00:35:49.210Z
sensor.sigen_plant_consumed_power,4.776000,2026-02-17T00:35:54.180Z
sensor.sigen_plant_consumed_power,4.854000,2026-02-17T00:35:59.200Z
sensor.sigen_plant_consumed_power,5.591000,2026-02-17T00:36:04.223Z
sensor.sigen_plant_consumed_power,5.035000,2026-02-17T00:36:09.203Z
sensor.sigen_plant_consumed_power,4.920000,2026-02-17T00:36:14.170Z
sensor.sigen_plant_consumed_power,4.936000,2026-02-17T00:36:19.223Z
sensor.sigen_plant_consumed_power,4.905000,2026-02-17T00:36:24.192Z
sensor.sigen_plant_consumed_power,4.959000,2026-02-17T00:36:29.192Z
sensor.sigen_plant_consumed_power,4.944000,2026-02-17T00:36:34.202Z
sensor.sigen_plant_consumed_power,4.947000,2026-02-17T00:36:39.214Z
sensor.sigen_plant_consumed_power,4.954000,2026-02-17T00:36:44.192Z
sensor.sigen_plant_consumed_power,4.941000,2026-02-17T00:36:49.170Z
sensor.sigen_plant_consumed_power,4.966000,2026-02-17T00:36:54.190Z
sensor.sigen_plant_consumed_power,4.956000,2026-02-17T00:36:59.211Z
sensor.sigen_plant_consumed_power,4.996000,2026-02-17T00:37:04.181Z
sensor.sigen_plant_consumed_power,4.958000,2026-02-17T00:37:09.161Z
sensor.sigen_plant_consumed_power,4.987000,2026-02-17T00:37:14.192Z
sensor.sigen_plant_consumed_power,4.944000,2026-02-17T00:37:19.211Z
sensor.sigen_plant_consumed_power,4.979000,2026-02-17T00:37:24.178Z
sensor.sigen_plant_consumed_power,4.960000,2026-02-17T00:37:29.202Z
sensor.sigen_plant_consumed_power,4.944000,2026-02-17T00:37:34.181Z
sensor.sigen_plant_consumed_power,4.933000,2026-02-17T00:37:39.182Z
sensor.sigen_plant_consumed_power,4.971000,2026-02-17T00:37:44.327Z
sensor.sigen_plant_consumed_power,4.948000,2026-02-17T00:37:49.181Z
sensor.sigen_plant_consumed_power,4.951000,2026-02-17T00:37:54.202Z
sensor.sigen_plant_consumed_power,4.935000,2026-02-17T00:37:59.171Z
sensor.sigen_plant_consumed_power,4.957000,2026-02-17T00:38:04.213Z
sensor.sigen_plant_consumed_power,4.921000,2026-02-17T00:38:09.192Z
sensor.sigen_plant_consumed_power,4.947000,2026-02-17T00:38:14.182Z
sensor.sigen_plant_consumed_power,4.935000,2026-02-17T00:38:19.201Z
sensor.sigen_plant_consumed_power,4.912000,2026-02-17T00:38:24.191Z
sensor.sigen_plant_consumed_power,4.916000,2026-02-17T00:38:29.182Z
sensor.sigen_plant_consumed_power,4.928000,2026-02-17T00:38:34.164Z
sensor.sigen_plant_consumed_power,4.927000,2026-02-17T00:38:39.181Z
sensor.sigen_plant_consumed_power,4.972000,2026-02-17T00:38:44.171Z
sensor.sigen_plant_consumed_power,4.938000,2026-02-17T00:38:49.181Z
sensor.sigen_plant_consumed_power,4.954000,2026-02-17T00:38:54.183Z
sensor.sigen_plant_consumed_power,4.933000,2026-02-17T00:38:59.206Z
sensor.sigen_plant_consumed_power,4.935000,2026-02-17T00:39:04.171Z
sensor.sigen_plant_consumed_power,4.932000,2026-02-17T00:39:09.174Z
sensor.sigen_plant_consumed_power,4.912000,2026-02-17T00:39:14.174Z
sensor.sigen_plant_consumed_power,4.931000,2026-02-17T00:39:19.204Z
sensor.sigen_plant_consumed_power,4.934000,2026-02-17T00:39:24.191Z
sensor.sigen_plant_consumed_power,4.951000,2026-02-17T00:39:29.174Z
sensor.sigen_plant_consumed_power,4.942000,2026-02-17T00:39:34.161Z
sensor.sigen_plant_consumed_power,4.933000,2026-02-17T00:39:39.271Z
sensor.sigen_plant_consumed_power,4.937000,2026-02-17T00:39:44.184Z
sensor.sigen_plant_consumed_power,4.963000,2026-02-17T00:39:49.181Z
sensor.sigen_plant_consumed_power,4.949000,2026-02-17T00:39:54.171Z
sensor.sigen_plant_consumed_power,4.953000,2026-02-17T00:39:59.181Z
sensor.sigen_plant_consumed_power,4.935000,2026-02-17T00:40:04.208Z
sensor.sigen_plant_consumed_power,4.943000,2026-02-17T00:40:09.201Z
sensor.sigen_plant_consumed_power,4.930000,2026-02-17T00:40:14.181Z
sensor.sigen_plant_consumed_power,4.943000,2026-02-17T00:40:19.204Z
sensor.sigen_plant_consumed_power,4.912000,2026-02-17T00:40:24.163Z
sensor.sigen_plant_consumed_power,4.916000,2026-02-17T00:40:29.205Z
sensor.sigen_plant_consumed_power,4.890000,2026-02-17T00:40:33.705Z
sensor.sigen_plant_consumed_power,4.912000,2026-02-17T00:40:38.196Z
sensor.sigen_plant_consumed_power,4.925000,2026-02-17T00:40:43.324Z
sensor.sigen_plant_consumed_power,4.938000,2026-02-17T00:40:48.171Z
sensor.sigen_plant_consumed_power,4.910000,2026-02-17T00:40:53.192Z
sensor.sigen_plant_consumed_power,4.904000,2026-02-17T00:40:58.177Z
sensor.sigen_plant_consumed_power,4.902000,2026-02-17T00:41:03.211Z
sensor.sigen_plant_consumed_power,4.906000,2026-02-17T00:41:08.173Z
sensor.sigen_plant_consumed_power,4.932000,2026-02-17T00:41:13.182Z
sensor.sigen_plant_consumed_power,4.899000,2026-02-17T00:41:23.182Z
sensor.sigen_plant_consumed_power,4.919000,2026-02-17T00:41:28.163Z
sensor.sigen_plant_consumed_power,4.932000,2026-02-17T00:41:33.215Z
sensor.sigen_plant_consumed_power,4.898000,2026-02-17T00:41:38.172Z
sensor.sigen_plant_consumed_power,4.967000,2026-02-17T00:41:43.162Z
sensor.sigen_plant_consumed_power,4.934000,2026-02-17T00:41:48.192Z
sensor.sigen_plant_consumed_power,4.953000,2026-02-17T00:41:53.189Z
sensor.sigen_plant_consumed_power,4.941000,2026-02-17T00:41:58.188Z
sensor.sigen_plant_consumed_power,4.948000,2026-02-17T00:42:03.184Z
sensor.sigen_plant_consumed_power,4.951000,2026-02-17T00:42:08.202Z
sensor.sigen_plant_consumed_power,4.931000,2026-02-17T00:42:13.192Z
sensor.sigen_plant_consumed_power,4.944000,2026-02-17T00:42:18.214Z
sensor.sigen_plant_consumed_power,4.969000,2026-02-17T00:42:23.212Z
sensor.sigen_plant_consumed_power,4.961000,2026-02-17T00:42:33.172Z
sensor.sigen_plant_consumed_power,4.954000,2026-02-17T00:42:38.185Z
sensor.sigen_plant_consumed_power,4.941000,2026-02-17T00:42:43.172Z
sensor.sigen_plant_consumed_power,4.940000,2026-02-17T00:42:48.202Z
sensor.sigen_plant_consumed_power,4.920000,2026-02-17T00:42:53.181Z
sensor.sigen_plant_consumed_power,4.945000,2026-02-17T00:42:58.182Z
sensor.sigen_plant_consumed_power,4.940000,2026-02-17T00:43:03.252Z
sensor.sigen_plant_consumed_power,4.942000,2026-02-17T00:43:08.192Z
sensor.sigen_plant_consumed_power,4.894000,2026-02-17T00:43:13.174Z
sensor.sigen_plant_consumed_power,4.905000,2026-02-17T00:43:18.184Z
sensor.sigen_plant_consumed_power,4.804000,2026-02-17T00:43:23.222Z
sensor.sigen_plant_consumed_power,4.827000,2026-02-17T00:43:28.172Z
sensor.sigen_plant_consumed_power,4.824000,2026-02-17T00:43:33.194Z
sensor.sigen_plant_consumed_power,4.822000,2026-02-17T00:43:38.202Z
sensor.sigen_plant_consumed_power,4.817000,2026-02-17T00:43:43.194Z
sensor.sigen_plant_consumed_power,4.824000,2026-02-17T00:43:48.189Z
sensor.sigen_plant_consumed_power,4.822000,2026-02-17T00:43:53.174Z
sensor.sigen_plant_consumed_power,4.828000,2026-02-17T00:43:58.186Z
sensor.sigen_plant_consumed_power,4.807000,2026-02-17T00:44:03.192Z
sensor.sigen_plant_consumed_power,4.839000,2026-02-17T00:44:08.205Z
sensor.sigen_plant_consumed_power,4.863000,2026-02-17T00:44:13.183Z
sensor.sigen_plant_consumed_power,4.821000,2026-02-17T00:44:18.204Z
sensor.sigen_plant_consumed_power,4.829000,2026-02-17T00:44:23.162Z
sensor.sigen_plant_consumed_power,4.833000,2026-02-17T00:44:28.186Z
sensor.sigen_plant_consumed_power,4.799000,2026-02-17T00:44:33.193Z
sensor.sigen_plant_consumed_power,4.831000,2026-02-17T00:44:38.185Z
sensor.sigen_plant_consumed_power,4.836000,2026-02-17T00:44:43.164Z
sensor.sigen_plant_consumed_power,4.826000,2026-02-17T00:44:48.185Z
sensor.sigen_plant_consumed_power,4.847000,2026-02-17T00:44:53.216Z
sensor.sigen_plant_consumed_power,4.824000,2026-02-17T00:44:58.174Z
sensor.sigen_plant_consumed_power,4.821000,2026-02-17T00:45:03.173Z
sensor.sigen_plant_consumed_power,4.840000,2026-02-17T00:45:08.193Z
sensor.sigen_plant_consumed_power,4.834000,2026-02-17T00:45:13.197Z
sensor.sigen_plant_consumed_power,4.833000,2026-02-17T00:45:18.174Z
sensor.sigen_plant_consumed_power,4.823000,2026-02-17T00:45:23.196Z
sensor.sigen_plant_consumed_power,4.819000,2026-02-17T00:45:28.235Z
sensor.sigen_plant_consumed_power,4.850000,2026-02-17T00:45:33.203Z
sensor.sigen_plant_consumed_power,4.826000,2026-02-17T00:45:34.696Z
sensor.sigen_plant_consumed_power,4.804000,2026-02-17T00:45:39.214Z
sensor.sigen_plant_consumed_power,4.796000,2026-02-17T00:45:44.193Z
sensor.sigen_plant_consumed_power,4.811000,2026-02-17T00:45:49.195Z
sensor.sigen_plant_consumed_power,4.806000,2026-02-17T00:45:54.213Z
sensor.sigen_plant_consumed_power,4.802000,2026-02-17T00:45:59.185Z
sensor.sigen_plant_consumed_power,4.766000,2026-02-17T00:46:04.194Z
sensor.sigen_plant_consumed_power,4.821000,2026-02-17T00:46:09.185Z
sensor.sigen_plant_consumed_power,4.776000,2026-02-17T00:46:14.163Z
sensor.sigen_plant_consumed_power,4.795000,2026-02-17T00:46:19.176Z
sensor.sigen_plant_consumed_power,4.783000,2026-02-17T00:46:24.174Z
sensor.sigen_plant_consumed_power,4.805000,2026-02-17T00:46:29.183Z
sensor.sigen_plant_consumed_power,4.766000,2026-02-17T00:46:34.164Z
sensor.sigen_plant_consumed_power,4.801000,2026-02-17T00:46:39.187Z
sensor.sigen_plant_consumed_power,4.859000,2026-02-17T00:46:44.224Z
sensor.sigen_plant_consumed_power,4.793000,2026-02-17T00:46:49.185Z
sensor.sigen_plant_consumed_power,4.856000,2026-02-17T00:46:54.173Z
sensor.sigen_plant_consumed_power,4.817000,2026-02-17T00:46:59.164Z
sensor.sigen_plant_consumed_power,4.808000,2026-02-17T00:47:04.203Z
sensor.sigen_plant_consumed_power,4.794000,2026-02-17T00:47:09.163Z
sensor.sigen_plant_consumed_power,4.808000,2026-02-17T00:47:14.178Z
sensor.sigen_plant_consumed_power,4.834000,2026-02-17T00:47:19.163Z
sensor.sigen_plant_consumed_power,4.818000,2026-02-17T00:47:29.206Z
sensor.sigen_plant_consumed_power,4.801000,2026-02-17T00:47:34.184Z
sensor.sigen_plant_consumed_power,4.869000,2026-02-17T00:47:39.196Z
sensor.sigen_plant_consumed_power,4.836000,2026-02-17T00:47:44.186Z
sensor.sigen_plant_consumed_power,4.833000,2026-02-17T00:47:49.195Z
sensor.sigen_plant_consumed_power,4.822000,2026-02-17T00:47:54.184Z
sensor.sigen_plant_consumed_power,4.823000,2026-02-17T00:47:59.195Z
sensor.sigen_plant_consumed_power,4.850000,2026-02-17T00:48:04.183Z
sensor.sigen_plant_consumed_power,4.852000,2026-02-17T00:48:09.188Z
sensor.sigen_plant_consumed_power,4.815000,2026-02-17T00:48:14.218Z
sensor.sigen_plant_consumed_power,4.816000,2026-02-17T00:48:19.194Z
sensor.sigen_plant_consumed_power,4.817000,2026-02-17T00:48:24.164Z
sensor.sigen_plant_consumed_power,4.805000,2026-02-17T00:48:29.194Z
sensor.sigen_plant_consumed_power,4.813000,2026-02-17T00:48:34.197Z
sensor.sigen_plant_consumed_power,4.818000,2026-02-17T00:48:39.164Z
sensor.sigen_plant_consumed_power,4.817000,2026-02-17T00:48:44.204Z
sensor.sigen_plant_consumed_power,4.814000,2026-02-17T00:48:49.174Z
sensor.sigen_plant_consumed_power,4.815000,2026-02-17T00:48:54.234Z
sensor.sigen_plant_consumed_power,4.802000,2026-02-17T00:48:59.166Z
sensor.sigen_plant_consumed_power,4.827000,2026-02-17T00:49:04.314Z
sensor.sigen_plant_consumed_power,4.841000,2026-02-17T00:49:09.184Z
sensor.sigen_plant_consumed_power,4.826000,2026-02-17T00:49:14.166Z
sensor.sigen_plant_consumed_power,4.851000,2026-02-17T00:49:19.175Z
sensor.sigen_plant_consumed_power,4.829000,2026-02-17T00:49:24.184Z
sensor.sigen_plant_consumed_power,4.840000,2026-02-17T00:49:29.204Z
sensor.sigen_plant_consumed_power,4.838000,2026-02-17T00:49:34.164Z
sensor.sigen_plant_consumed_power,4.831000,2026-02-17T00:49:39.174Z
sensor.sigen_plant_consumed_power,4.832000,2026-02-17T00:49:44.204Z
sensor.sigen_plant_consumed_power,4.833000,2026-02-17T00:49:49.195Z
sensor.sigen_plant_consumed_power,4.841000,2026-02-17T00:49:54.173Z
sensor.sigen_plant_consumed_power,4.823000,2026-02-17T00:49:59.195Z
sensor.sigen_plant_consumed_power,4.834000,2026-02-17T00:50:04.175Z
sensor.sigen_plant_consumed_power,4.847000,2026-02-17T00:50:09.184Z
sensor.sigen_plant_consumed_power,4.845000,2026-02-17T00:50:14.198Z
sensor.sigen_plant_consumed_power,4.802000,2026-02-17T00:50:19.194Z
sensor.sigen_plant_consumed_power,4.755000,2026-02-17T00:50:24.165Z
sensor.sigen_plant_consumed_power,4.701000,2026-02-17T00:50:29.194Z
sensor.sigen_plant_consumed_power,4.719000,2026-02-17T00:50:31.974Z
sensor.sigen_plant_consumed_power,4.736000,2026-02-17T00:50:37.193Z
sensor.sigen_plant_consumed_power,4.729000,2026-02-17T00:50:42.174Z
sensor.sigen_plant_consumed_power,4.696000,2026-02-17T00:50:47.173Z
sensor.sigen_plant_consumed_power,4.726000,2026-02-17T00:50:52.174Z
sensor.sigen_plant_consumed_power,4.701000,2026-02-17T00:50:57.167Z
sensor.sigen_plant_consumed_power,4.737000,2026-02-17T00:51:02.215Z
sensor.sigen_plant_consumed_power,4.739000,2026-02-17T00:51:07.167Z
sensor.sigen_plant_consumed_power,4.742000,2026-02-17T00:51:12.205Z
sensor.sigen_plant_consumed_power,4.743000,2026-02-17T00:51:17.207Z
sensor.sigen_plant_consumed_power,4.773000,2026-02-17T00:51:22.184Z
sensor.sigen_plant_consumed_power,4.723000,2026-02-17T00:51:27.185Z
sensor.sigen_plant_consumed_power,4.704000,2026-02-17T00:51:32.166Z
sensor.sigen_plant_consumed_power,4.694000,2026-02-17T00:51:37.190Z
sensor.sigen_plant_consumed_power,4.710000,2026-02-17T00:51:42.193Z
sensor.sigen_plant_consumed_power,4.753000,2026-02-17T00:51:47.210Z
sensor.sigen_plant_consumed_power,4.768000,2026-02-17T00:51:52.175Z
sensor.sigen_plant_consumed_power,4.790000,2026-02-17T00:51:57.165Z
sensor.sigen_plant_consumed_power,4.760000,2026-02-17T00:52:02.185Z
sensor.sigen_plant_consumed_power,4.765000,2026-02-17T00:52:07.187Z
sensor.sigen_plant_consumed_power,4.759000,2026-02-17T00:52:12.175Z
sensor.sigen_plant_consumed_power,4.764000,2026-02-17T00:52:17.166Z
sensor.sigen_plant_consumed_power,4.743000,2026-02-17T00:52:22.185Z
sensor.sigen_plant_consumed_power,4.750000,2026-02-17T00:52:27.175Z
sensor.sigen_plant_consumed_power,4.760000,2026-02-17T00:52:37.167Z
sensor.sigen_plant_consumed_power,4.759000,2026-02-17T00:52:42.197Z
sensor.sigen_plant_consumed_power,4.747000,2026-02-17T00:52:47.195Z
sensor.sigen_plant_consumed_power,4.740000,2026-02-17T00:52:52.176Z
sensor.sigen_plant_consumed_power,4.738000,2026-02-17T00:52:57.175Z
sensor.sigen_plant_consumed_power,4.716000,2026-02-17T00:53:02.169Z
sensor.sigen_plant_consumed_power,4.726000,2026-02-17T00:53:07.195Z
sensor.sigen_plant_consumed_power,4.757000,2026-02-17T00:53:12.190Z
sensor.sigen_plant_consumed_power,4.707000,2026-02-17T00:53:17.225Z
sensor.sigen_plant_consumed_power,4.744000,2026-02-17T00:53:22.185Z
sensor.sigen_plant_consumed_power,4.771000,2026-02-17T00:53:27.188Z
sensor.sigen_plant_consumed_power,4.754000,2026-02-17T00:53:32.185Z
sensor.sigen_plant_consumed_power,4.767000,2026-02-17T00:53:37.187Z
sensor.sigen_plant_consumed_power,4.729000,2026-02-17T00:53:42.185Z
sensor.sigen_plant_consumed_power,4.743000,2026-02-17T00:53:47.168Z
sensor.sigen_plant_consumed_power,4.737000,2026-02-17T00:53:52.185Z
sensor.sigen_plant_consumed_power,4.731000,2026-02-17T00:53:57.186Z
sensor.sigen_plant_consumed_power,4.760000,2026-02-17T00:54:02.173Z
sensor.sigen_plant_consumed_power,4.750000,2026-02-17T00:54:07.168Z
sensor.sigen_plant_consumed_power,4.768000,2026-02-17T00:54:12.185Z
sensor.sigen_plant_consumed_power,4.750000,2026-02-17T00:54:17.187Z
sensor.sigen_plant_consumed_power,4.736000,2026-02-17T00:54:22.188Z
sensor.sigen_plant_consumed_power,4.747000,2026-02-17T00:54:27.176Z
sensor.sigen_plant_consumed_power,4.743000,2026-02-17T00:54:32.178Z
sensor.sigen_plant_consumed_power,4.740000,2026-02-17T00:54:37.187Z
sensor.sigen_plant_consumed_power,4.732000,2026-02-17T00:54:47.176Z
sensor.sigen_plant_consumed_power,4.744000,2026-02-17T00:54:52.186Z
sensor.sigen_plant_consumed_power,4.730000,2026-02-17T00:54:57.176Z
sensor.sigen_plant_consumed_power,4.738000,2026-02-17T00:55:02.177Z
sensor.sigen_plant_consumed_power,4.735000,2026-02-17T00:55:07.200Z
sensor.sigen_plant_consumed_power,4.762000,2026-02-17T00:55:12.237Z
sensor.sigen_plant_consumed_power,4.757000,2026-02-17T00:55:17.199Z
sensor.sigen_plant_consumed_power,4.738000,2026-02-17T00:55:22.186Z
sensor.sigen_plant_consumed_power,4.758000,2026-02-17T00:55:27.187Z
sensor.sigen_plant_consumed_power,4.751000,2026-02-17T00:55:32.206Z
sensor.sigen_plant_consumed_power,4.761000,2026-02-17T00:55:37.198Z
sensor.sigen_plant_consumed_power,4.770000,2026-02-17T00:55:39.238Z
sensor.sigen_plant_consumed_power,4.746000,2026-02-17T00:55:44.205Z
sensor.sigen_plant_consumed_power,4.753000,2026-02-17T00:55:49.176Z
sensor.sigen_plant_consumed_power,4.743000,2026-02-17T00:55:54.186Z
sensor.sigen_plant_consumed_power,4.752000,2026-02-17T00:55:59.175Z
sensor.sigen_plant_consumed_power,4.743000,2026-02-17T00:56:04.170Z
sensor.sigen_plant_consumed_power,4.727000,2026-02-17T00:56:09.186Z
sensor.sigen_plant_consumed_power,4.731000,2026-02-17T00:56:14.176Z
sensor.sigen_plant_consumed_power,4.753000,2026-02-17T00:56:19.186Z
sensor.sigen_plant_consumed_power,4.766000,2026-02-17T00:56:24.167Z
sensor.sigen_plant_consumed_power,4.753000,2026-02-17T00:56:34.188Z
sensor.sigen_plant_consumed_power,4.757000,2026-02-17T00:56:39.190Z
sensor.sigen_plant_consumed_power,4.762000,2026-02-17T00:56:44.196Z
sensor.sigen_plant_consumed_power,4.756000,2026-02-17T00:56:49.180Z
sensor.sigen_plant_consumed_power,4.744000,2026-02-17T00:56:54.177Z
sensor.sigen_plant_consumed_power,4.715000,2026-02-17T00:56:59.188Z
sensor.sigen_plant_consumed_power,4.746000,2026-02-17T00:57:04.186Z
sensor.sigen_plant_consumed_power,4.763000,2026-02-17T00:57:09.176Z
sensor.sigen_plant_consumed_power,4.754000,2026-02-17T00:57:14.187Z
sensor.sigen_plant_consumed_power,4.756000,2026-02-17T00:57:19.168Z
sensor.sigen_plant_consumed_power,4.752000,2026-02-17T00:57:24.186Z
sensor.sigen_plant_consumed_power,4.762000,2026-02-17T00:57:29.176Z
sensor.sigen_plant_consumed_power,4.770000,2026-02-17T00:57:34.176Z
sensor.sigen_plant_consumed_power,4.763000,2026-02-17T00:57:39.187Z
sensor.sigen_plant_consumed_power,4.756000,2026-02-17T00:57:44.172Z
sensor.sigen_plant_consumed_power,4.729000,2026-02-17T00:57:49.167Z
sensor.sigen_plant_consumed_power,4.753000,2026-02-17T00:57:54.178Z
sensor.sigen_plant_consumed_power,4.768000,2026-02-17T00:57:59.197Z
sensor.sigen_plant_consumed_power,4.753000,2026-02-17T00:58:04.188Z
sensor.sigen_plant_consumed_power,4.741000,2026-02-17T00:58:09.199Z
sensor.sigen_plant_consumed_power,4.722000,2026-02-17T00:58:14.169Z
sensor.sigen_plant_consumed_power,4.745000,2026-02-17T00:58:19.208Z
sensor.sigen_plant_consumed_power,4.747000,2026-02-17T00:58:24.187Z
sensor.sigen_plant_consumed_power,4.754000,2026-02-17T00:58:29.167Z
sensor.sigen_plant_consumed_power,4.741000,2026-02-17T00:58:34.187Z
sensor.sigen_plant_consumed_power,4.758000,2026-02-17T00:58:39.171Z
sensor.sigen_plant_consumed_power,4.752000,2026-02-17T00:58:44.167Z
sensor.sigen_plant_consumed_power,4.747000,2026-02-17T00:58:49.178Z
sensor.sigen_plant_consumed_power,4.761000,2026-02-17T00:58:54.168Z
sensor.sigen_plant_consumed_power,4.792000,2026-02-17T00:58:59.178Z
sensor.sigen_plant_consumed_power,4.741000,2026-02-17T00:59:04.177Z
sensor.sigen_plant_consumed_power,4.738000,2026-02-17T00:59:09.188Z
sensor.sigen_plant_consumed_power,4.771000,2026-02-17T00:59:14.185Z
sensor.sigen_plant_consumed_power,4.745000,2026-02-17T00:59:19.177Z
sensor.sigen_plant_consumed_power,4.740000,2026-02-17T00:59:24.189Z
sensor.sigen_plant_consumed_power,4.736000,2026-02-17T00:59:29.177Z
sensor.sigen_plant_consumed_power,4.728000,2026-02-17T00:59:34.188Z
sensor.sigen_plant_consumed_power,4.742000,2026-02-17T00:59:39.169Z
sensor.sigen_plant_consumed_power,4.741000,2026-02-17T00:59:44.181Z
sensor.sigen_plant_consumed_power,4.765000,2026-02-17T00:59:49.187Z
sensor.sigen_plant_consumed_power,4.745000,2026-02-17T00:59:54.187Z
sensor.sigen_plant_consumed_power,4.761000,2026-02-17T00:59:59.177Z
sensor.sigen_plant_consumed_power,4.773000,2026-02-17T01:00:04.187Z
sensor.sigen_plant_consumed_power,4.774000,2026-02-17T01:00:09.184Z
sensor.sigen_plant_consumed_power,4.758000,2026-02-17T01:00:14.329Z
sensor.sigen_plant_consumed_power,4.756000,2026-02-17T01:00:19.182Z
sensor.sigen_plant_consumed_power,4.713000,2026-02-17T01:00:24.197Z
sensor.sigen_plant_consumed_power,4.728000,2026-02-17T01:00:29.179Z
sensor.sigen_plant_consumed_power,4.751000,2026-02-17T01:00:34.178Z
sensor.sigen_plant_consumed_power,4.736000,2026-02-17T01:00:38.572Z
sensor.sigen_plant_consumed_power,4.698000,2026-02-17T01:00:43.179Z
sensor.sigen_plant_consumed_power,4.715000,2026-02-17T01:00:48.180Z
sensor.sigen_plant_consumed_power,4.738000,2026-02-17T01:00:53.177Z
sensor.sigen_plant_consumed_power,4.742000,2026-02-17T01:00:58.178Z
sensor.sigen_plant_consumed_power,4.725000,2026-02-17T01:01:08.232Z
sensor.sigen_plant_consumed_power,4.763000,2026-02-17T01:01:13.182Z
sensor.sigen_plant_consumed_power,4.728000,2026-02-17T01:01:18.208Z
sensor.sigen_plant_consumed_power,4.725000,2026-02-17T01:01:23.338Z
sensor.sigen_plant_consumed_power,4.748000,2026-02-17T01:01:28.208Z
sensor.sigen_plant_consumed_power,4.737000,2026-02-17T01:01:33.180Z
sensor.sigen_plant_consumed_power,4.717000,2026-02-17T01:01:38.230Z
sensor.sigen_plant_consumed_power,4.748000,2026-02-17T01:01:43.181Z
sensor.sigen_plant_consumed_power,4.764000,2026-02-17T01:01:48.183Z
sensor.sigen_plant_consumed_power,4.755000,2026-02-17T01:01:53.188Z
sensor.sigen_plant_consumed_power,4.728000,2026-02-17T01:01:58.178Z
sensor.sigen_plant_consumed_power,4.738000,2026-02-17T01:02:03.198Z
sensor.sigen_plant_consumed_power,4.732000,2026-02-17T01:02:08.178Z
sensor.sigen_plant_consumed_power,4.751000,2026-02-17T01:02:13.188Z
sensor.sigen_plant_consumed_power,4.745000,2026-02-17T01:02:18.182Z
sensor.sigen_plant_consumed_power,4.749000,2026-02-17T01:02:23.188Z
sensor.sigen_plant_consumed_power,4.741000,2026-02-17T01:02:28.190Z
sensor.sigen_plant_consumed_power,4.756000,2026-02-17T01:02:33.188Z
sensor.sigen_plant_consumed_power,4.764000,2026-02-17T01:02:38.208Z
sensor.sigen_plant_consumed_power,4.711000,2026-02-17T01:02:43.183Z
sensor.sigen_plant_consumed_power,4.762000,2026-02-17T01:02:48.171Z
sensor.sigen_plant_consumed_power,4.675000,2026-02-17T01:02:53.201Z
sensor.sigen_plant_consumed_power,4.707000,2026-02-17T01:02:58.168Z
sensor.sigen_plant_consumed_power,4.726000,2026-02-17T01:03:03.178Z
sensor.sigen_plant_consumed_power,4.692000,2026-02-17T01:03:08.170Z
sensor.sigen_plant_consumed_power,5.053000,2026-02-17T01:03:13.190Z
sensor.sigen_plant_consumed_power,4.813000,2026-02-17T01:03:18.168Z
sensor.sigen_plant_consumed_power,4.844000,2026-02-17T01:03:23.198Z
sensor.sigen_plant_consumed_power,4.812000,2026-02-17T01:03:28.188Z
sensor.sigen_plant_consumed_power,4.830000,2026-02-17T01:03:33.180Z
sensor.sigen_plant_consumed_power,4.829000,2026-02-17T01:03:38.170Z
sensor.sigen_plant_consumed_power,4.845000,2026-02-17T01:03:43.179Z
sensor.sigen_plant_consumed_power,4.859000,2026-02-17T01:03:48.188Z
sensor.sigen_plant_consumed_power,4.860000,2026-02-17T01:03:53.189Z
sensor.sigen_plant_consumed_power,4.857000,2026-02-17T01:03:58.179Z
sensor.sigen_plant_consumed_power,4.824000,2026-02-17T01:04:03.178Z
sensor.sigen_plant_consumed_power,4.809000,2026-02-17T01:04:08.193Z
sensor.sigen_plant_consumed_power,4.837000,2026-02-17T01:04:13.190Z
sensor.sigen_plant_consumed_power,4.838000,2026-02-17T01:04:18.199Z
sensor.sigen_plant_consumed_power,4.817000,2026-02-17T01:04:23.211Z
sensor.sigen_plant_consumed_power,4.826000,2026-02-17T01:04:28.189Z
sensor.sigen_plant_consumed_power,4.833000,2026-02-17T01:04:33.169Z
sensor.sigen_plant_consumed_power,4.823000,2026-02-17T01:04:38.183Z
sensor.sigen_plant_consumed_power,4.846000,2026-02-17T01:04:48.199Z
sensor.sigen_plant_consumed_power,4.831000,2026-02-17T01:04:53.191Z
sensor.sigen_plant_consumed_power,4.822000,2026-02-17T01:04:58.199Z
sensor.sigen_plant_consumed_power,4.853000,2026-02-17T01:05:03.199Z
sensor.sigen_plant_consumed_power,4.849000,2026-02-17T01:05:08.169Z
sensor.sigen_plant_consumed_power,4.824000,2026-02-17T01:05:13.202Z
sensor.sigen_plant_consumed_power,4.849000,2026-02-17T01:05:18.199Z
sensor.sigen_plant_consumed_power,4.846000,2026-02-17T01:05:23.233Z
sensor.sigen_plant_consumed_power,4.817000,2026-02-17T01:05:28.168Z
sensor.sigen_plant_consumed_power,4.852000,2026-02-17T01:05:32.909Z
sensor.sigen_plant_consumed_power,4.845000,2026-02-17T01:05:38.210Z
sensor.sigen_plant_consumed_power,4.829000,2026-02-17T01:05:43.168Z
sensor.sigen_plant_consumed_power,4.837000,2026-02-17T01:05:48.191Z
sensor.sigen_plant_consumed_power,4.828000,2026-02-17T01:05:53.189Z
sensor.sigen_plant_consumed_power,4.840000,2026-02-17T01:05:58.180Z
sensor.sigen_plant_consumed_power,4.828000,2026-02-17T01:06:03.179Z
sensor.sigen_plant_consumed_power,4.824000,2026-02-17T01:06:08.171Z
sensor.sigen_plant_consumed_power,4.834000,2026-02-17T01:06:13.204Z
sensor.sigen_plant_consumed_power,4.850000,2026-02-17T01:06:18.199Z
sensor.sigen_plant_consumed_power,4.851000,2026-02-17T01:06:23.189Z
sensor.sigen_plant_consumed_power,4.848000,2026-02-17T01:06:28.189Z
sensor.sigen_plant_consumed_power,4.821000,2026-02-17T01:06:33.188Z
sensor.sigen_plant_consumed_power,4.819000,2026-02-17T01:06:38.169Z
sensor.sigen_plant_consumed_power,4.840000,2026-02-17T01:06:43.192Z
sensor.sigen_plant_consumed_power,4.845000,2026-02-17T01:06:48.189Z
sensor.sigen_plant_consumed_power,4.843000,2026-02-17T01:06:53.181Z
sensor.sigen_plant_consumed_power,4.844000,2026-02-17T01:06:58.175Z
sensor.sigen_plant_consumed_power,4.840000,2026-02-17T01:07:03.191Z
sensor.sigen_plant_consumed_power,4.837000,2026-02-17T01:07:08.204Z
sensor.sigen_plant_consumed_power,4.855000,2026-02-17T01:07:13.199Z
sensor.sigen_plant_consumed_power,4.831000,2026-02-17T01:07:18.190Z
sensor.sigen_plant_consumed_power,4.855000,2026-02-17T01:07:23.200Z
sensor.sigen_plant_consumed_power,4.840000,2026-02-17T01:07:28.211Z
sensor.sigen_plant_consumed_power,4.847000,2026-02-17T01:07:33.201Z
sensor.sigen_plant_consumed_power,4.838000,2026-02-17T01:07:38.205Z
sensor.sigen_plant_consumed_power,4.827000,2026-02-17T01:07:43.204Z
sensor.sigen_plant_consumed_power,4.825000,2026-02-17T01:07:48.200Z
sensor.sigen_plant_consumed_power,4.833000,2026-02-17T01:07:53.170Z
sensor.sigen_plant_consumed_power,4.887000,2026-02-17T01:07:58.181Z
sensor.sigen_plant_consumed_power,4.820000,2026-02-17T01:08:03.207Z
sensor.sigen_plant_consumed_power,4.833000,2026-02-17T01:08:08.172Z
sensor.sigen_plant_consumed_power,4.840000,2026-02-17T01:08:13.194Z
sensor.sigen_plant_consumed_power,4.808000,2026-02-17T01:08:18.194Z
sensor.sigen_plant_consumed_power,4.823000,2026-02-17T01:08:23.190Z
sensor.sigen_plant_consumed_power,4.839000,2026-02-17T01:08:28.180Z
sensor.sigen_plant_consumed_power,4.848000,2026-02-17T01:08:33.185Z
sensor.sigen_plant_consumed_power,4.809000,2026-02-17T01:08:38.170Z
sensor.sigen_plant_consumed_power,4.853000,2026-02-17T01:08:43.175Z
sensor.sigen_plant_consumed_power,4.857000,2026-02-17T01:08:48.214Z
sensor.sigen_plant_consumed_power,4.861000,2026-02-17T01:08:53.200Z
sensor.sigen_plant_consumed_power,4.853000,2026-02-17T01:08:58.211Z
sensor.sigen_plant_consumed_power,4.852000,2026-02-17T01:09:03.212Z
sensor.sigen_plant_consumed_power,4.858000,2026-02-17T01:09:08.180Z
sensor.sigen_plant_consumed_power,4.861000,2026-02-17T01:09:13.180Z
sensor.sigen_plant_consumed_power,4.878000,2026-02-17T01:09:18.200Z
sensor.sigen_plant_consumed_power,4.853000,2026-02-17T01:09:23.215Z
sensor.sigen_plant_consumed_power,4.882000,2026-02-17T01:09:28.201Z
sensor.sigen_plant_consumed_power,4.932000,2026-02-17T01:09:33.162Z
sensor.sigen_plant_consumed_power,4.878000,2026-02-17T01:09:38.190Z
sensor.sigen_plant_consumed_power,4.894000,2026-02-17T01:09:43.180Z
sensor.sigen_plant_consumed_power,4.880000,2026-02-17T01:09:48.210Z
sensor.sigen_plant_consumed_power,4.890000,2026-02-17T01:09:53.169Z
sensor.sigen_plant_consumed_power,4.870000,2026-02-17T01:09:58.193Z
sensor.sigen_plant_consumed_power,4.865000,2026-02-17T01:10:03.180Z
sensor.sigen_plant_consumed_power,4.851000,2026-02-17T01:10:08.180Z
sensor.sigen_plant_consumed_power,4.848000,2026-02-17T01:10:13.187Z
sensor.sigen_plant_consumed_power,4.886000,2026-02-17T01:10:18.212Z
sensor.sigen_plant_consumed_power,4.881000,2026-02-17T01:10:23.200Z
sensor.sigen_plant_consumed_power,4.886000,2026-02-17T01:10:28.178Z
sensor.sigen_plant_consumed_power,4.867000,2026-02-17T01:10:33.160Z
sensor.sigen_plant_consumed_power,4.869000,2026-02-17T01:10:33.700Z
sensor.sigen_plant_consumed_power,4.848000,2026-02-17T01:10:38.200Z
sensor.sigen_plant_consumed_power,4.836000,2026-02-17T01:10:43.173Z
sensor.sigen_plant_consumed_power,4.839000,2026-02-17T01:10:48.180Z
sensor.sigen_plant_consumed_power,4.860000,2026-02-17T01:10:53.193Z
sensor.sigen_plant_consumed_power,4.821000,2026-02-17T01:10:58.171Z
sensor.sigen_plant_consumed_power,4.816000,2026-02-17T01:11:03.181Z
sensor.sigen_plant_consumed_power,4.814000,2026-02-17T01:11:08.213Z
sensor.sigen_plant_consumed_power,4.813000,2026-02-17T01:11:13.211Z
sensor.sigen_plant_consumed_power,4.809000,2026-02-17T01:11:18.176Z
sensor.sigen_plant_consumed_power,4.825000,2026-02-17T01:11:23.222Z
sensor.sigen_plant_consumed_power,4.808000,2026-02-17T01:11:28.171Z
sensor.sigen_plant_consumed_power,4.818000,2026-02-17T01:11:33.206Z
sensor.sigen_plant_consumed_power,4.822000,2026-02-17T01:11:38.201Z
sensor.sigen_plant_consumed_power,4.827000,2026-02-17T01:11:43.181Z
sensor.sigen_plant_consumed_power,4.797000,2026-02-17T01:11:48.201Z
sensor.sigen_plant_consumed_power,4.822000,2026-02-17T01:11:53.191Z
sensor.sigen_plant_consumed_power,4.876000,2026-02-17T01:11:58.193Z
sensor.sigen_plant_consumed_power,4.856000,2026-02-17T01:12:03.171Z
sensor.sigen_plant_consumed_power,4.868000,2026-02-17T01:12:08.182Z
sensor.sigen_plant_consumed_power,4.886000,2026-02-17T01:12:13.201Z
sensor.sigen_plant_consumed_power,4.867000,2026-02-17T01:12:18.174Z
sensor.sigen_plant_consumed_power,4.884000,2026-02-17T01:12:23.172Z
sensor.sigen_plant_consumed_power,4.876000,2026-02-17T01:12:28.191Z
sensor.sigen_plant_consumed_power,4.892000,2026-02-17T01:12:33.173Z
sensor.sigen_plant_consumed_power,4.890000,2026-02-17T01:12:38.171Z
sensor.sigen_plant_consumed_power,4.981000,2026-02-17T01:12:43.201Z
sensor.sigen_plant_consumed_power,5.018000,2026-02-17T01:12:48.212Z
sensor.sigen_plant_consumed_power,4.970000,2026-02-17T01:12:53.192Z
sensor.sigen_plant_consumed_power,5.026000,2026-02-17T01:12:58.193Z
sensor.sigen_plant_consumed_power,5.012000,2026-02-17T01:13:03.181Z
sensor.sigen_plant_consumed_power,4.993000,2026-02-17T01:13:08.211Z
sensor.sigen_plant_consumed_power,4.983000,2026-02-17T01:13:13.172Z
sensor.sigen_plant_consumed_power,4.942000,2026-02-17T01:13:18.195Z
sensor.sigen_plant_consumed_power,4.985000,2026-02-17T01:13:23.213Z
sensor.sigen_plant_consumed_power,4.984000,2026-02-17T01:13:28.191Z
sensor.sigen_plant_consumed_power,4.983000,2026-02-17T01:13:33.203Z
sensor.sigen_plant_consumed_power,4.979000,2026-02-17T01:13:38.191Z
sensor.sigen_plant_consumed_power,4.970000,2026-02-17T01:13:43.203Z
sensor.sigen_plant_consumed_power,5.003000,2026-02-17T01:13:48.161Z
sensor.sigen_plant_consumed_power,4.993000,2026-02-17T01:13:53.184Z
sensor.sigen_plant_consumed_power,5.002000,2026-02-17T01:13:58.215Z
sensor.sigen_plant_consumed_power,4.985000,2026-02-17T01:14:03.401Z
sensor.sigen_plant_consumed_power,4.984000,2026-02-17T01:14:08.182Z
sensor.sigen_plant_consumed_power,4.996000,2026-02-17T01:14:13.192Z
sensor.sigen_plant_consumed_power,4.946000,2026-02-17T01:14:18.163Z
sensor.sigen_plant_consumed_power,4.928000,2026-02-17T01:14:23.182Z
sensor.sigen_plant_consumed_power,4.990000,2026-02-17T01:14:28.182Z
sensor.sigen_plant_consumed_power,4.978000,2026-02-17T01:14:33.172Z
sensor.sigen_plant_consumed_power,4.994000,2026-02-17T01:14:38.204Z
sensor.sigen_plant_consumed_power,4.953000,2026-02-17T01:14:43.192Z
sensor.sigen_plant_consumed_power,4.968000,2026-02-17T01:14:48.198Z
sensor.sigen_plant_consumed_power,4.960000,2026-02-17T01:14:53.200Z
sensor.sigen_plant_consumed_power,4.978000,2026-02-17T01:14:58.192Z
sensor.sigen_plant_consumed_power,4.982000,2026-02-17T01:15:03.182Z
sensor.sigen_plant_consumed_power,5.016000,2026-02-17T01:15:08.182Z
sensor.sigen_plant_consumed_power,4.979000,2026-02-17T01:15:13.173Z
sensor.sigen_plant_consumed_power,5.018000,2026-02-17T01:15:18.203Z
sensor.sigen_plant_consumed_power,5.017000,2026-02-17T01:15:23.172Z
sensor.sigen_plant_consumed_power,5.012000,2026-02-17T01:15:28.182Z
sensor.sigen_plant_consumed_power,5.020000,2026-02-17T01:15:33.185Z
sensor.sigen_plant_consumed_power,5.008000,2026-02-17T01:15:38.182Z
sensor.sigen_plant_consumed_power,5.000000,2026-02-17T01:15:41.754Z
sensor.sigen_plant_consumed_power,4.984000,2026-02-17T01:15:46.189Z
sensor.sigen_plant_consumed_power,4.996000,2026-02-17T01:15:51.193Z
sensor.sigen_plant_consumed_power,4.981000,2026-02-17T01:15:56.173Z
sensor.sigen_plant_consumed_power,4.965000,2026-02-17T01:16:01.172Z
sensor.sigen_plant_consumed_power,4.957000,2026-02-17T01:16:06.182Z
sensor.sigen_plant_consumed_power,4.980000,2026-02-17T01:16:11.176Z
sensor.sigen_plant_consumed_power,5.006000,2026-02-17T01:16:21.174Z
sensor.sigen_plant_consumed_power,4.976000,2026-02-17T01:16:26.198Z
sensor.sigen_plant_consumed_power,5.007000,2026-02-17T01:16:31.182Z
sensor.sigen_plant_consumed_power,4.990000,2026-02-17T01:16:36.172Z
sensor.sigen_plant_consumed_power,4.997000,2026-02-17T01:16:41.182Z
sensor.sigen_plant_consumed_power,5.006000,2026-02-17T01:16:46.173Z
sensor.sigen_plant_consumed_power,5.008000,2026-02-17T01:16:51.163Z
sensor.sigen_plant_consumed_power,4.984000,2026-02-17T01:16:56.202Z
sensor.sigen_plant_consumed_power,4.973000,2026-02-17T01:17:01.182Z
sensor.sigen_plant_consumed_power,4.963000,2026-02-17T01:17:06.182Z
sensor.sigen_plant_consumed_power,4.973000,2026-02-17T01:17:11.163Z
sensor.sigen_plant_consumed_power,4.958000,2026-02-17T01:17:16.173Z
sensor.sigen_plant_consumed_power,4.974000,2026-02-17T01:17:21.196Z
sensor.sigen_plant_consumed_power,4.952000,2026-02-17T01:17:26.174Z
sensor.sigen_plant_consumed_power,4.971000,2026-02-17T01:17:31.172Z
sensor.sigen_plant_consumed_power,4.974000,2026-02-17T01:17:36.185Z
sensor.sigen_plant_consumed_power,4.972000,2026-02-17T01:17:41.195Z
sensor.sigen_plant_consumed_power,4.975000,2026-02-17T01:17:46.183Z
sensor.sigen_plant_consumed_power,4.978000,2026-02-17T01:17:51.179Z
sensor.sigen_plant_consumed_power,4.967000,2026-02-17T01:17:56.210Z
sensor.sigen_plant_consumed_power,4.979000,2026-02-17T01:18:01.193Z
sensor.sigen_plant_consumed_power,4.993000,2026-02-17T01:18:06.183Z
sensor.sigen_plant_consumed_power,4.997000,2026-02-17T01:18:11.203Z
sensor.sigen_plant_consumed_power,4.962000,2026-02-17T01:18:16.164Z
sensor.sigen_plant_consumed_power,4.992000,2026-02-17T01:18:21.165Z
sensor.sigen_plant_consumed_power,4.978000,2026-02-17T01:18:26.183Z
sensor.sigen_plant_consumed_power,4.961000,2026-02-17T01:18:31.193Z
sensor.sigen_plant_consumed_power,4.980000,2026-02-17T01:18:36.163Z
sensor.sigen_plant_consumed_power,5.022000,2026-02-17T01:18:41.183Z
sensor.sigen_plant_consumed_power,4.966000,2026-02-17T01:18:46.193Z
sensor.sigen_plant_consumed_power,4.982000,2026-02-17T01:18:51.163Z
sensor.sigen_plant_consumed_power,4.966000,2026-02-17T01:18:56.183Z
sensor.sigen_plant_consumed_power,4.977000,2026-02-17T01:19:01.193Z
sensor.sigen_plant_consumed_power,4.968000,2026-02-17T01:19:06.183Z
sensor.sigen_plant_consumed_power,4.987000,2026-02-17T01:19:11.163Z
sensor.sigen_plant_consumed_power,4.951000,2026-02-17T01:19:16.175Z
sensor.sigen_plant_consumed_power,4.960000,2026-02-17T01:19:21.207Z
sensor.sigen_plant_consumed_power,4.973000,2026-02-17T01:19:26.220Z
sensor.sigen_plant_consumed_power,4.970000,2026-02-17T01:19:31.204Z
sensor.sigen_plant_consumed_power,4.971000,2026-02-17T01:19:36.183Z
sensor.sigen_plant_consumed_power,4.969000,2026-02-17T01:19:41.185Z
sensor.sigen_plant_consumed_power,4.968000,2026-02-17T01:19:46.164Z
sensor.sigen_plant_consumed_power,4.979000,2026-02-17T01:19:51.175Z
sensor.sigen_plant_consumed_power,4.960000,2026-02-17T01:19:56.183Z
sensor.sigen_plant_consumed_power,4.874000,2026-02-17T01:20:01.184Z
sensor.sigen_plant_consumed_power,4.877000,2026-02-17T01:20:06.173Z
sensor.sigen_plant_consumed_power,4.883000,2026-02-17T01:20:11.183Z
sensor.sigen_plant_consumed_power,4.870000,2026-02-17T01:20:16.177Z
sensor.sigen_plant_consumed_power,4.879000,2026-02-17T01:20:26.221Z
sensor.sigen_plant_consumed_power,4.871000,2026-02-17T01:20:31.184Z
sensor.sigen_plant_consumed_power,4.878000,2026-02-17T01:20:36.177Z
sensor.sigen_plant_consumed_power,4.889000,2026-02-17T01:20:41.173Z
sensor.sigen_plant_consumed_power,4.900000,2026-02-17T01:20:44.915Z
sensor.sigen_plant_consumed_power,4.872000,2026-02-17T01:20:50.197Z
sensor.sigen_plant_consumed_power,4.880000,2026-02-17T01:20:55.174Z
sensor.sigen_plant_consumed_power,4.867000,2026-02-17T01:21:00.246Z
sensor.sigen_plant_consumed_power,4.872000,2026-02-17T01:21:05.184Z
sensor.sigen_plant_consumed_power,4.846000,2026-02-17T01:21:10.174Z
sensor.sigen_plant_consumed_power,4.866000,2026-02-17T01:21:15.174Z
sensor.sigen_plant_consumed_power,4.850000,2026-02-17T01:21:20.183Z
sensor.sigen_plant_consumed_power,4.860000,2026-02-17T01:21:25.164Z
sensor.sigen_plant_consumed_power,4.826000,2026-02-17T01:21:30.187Z
sensor.sigen_plant_consumed_power,4.845000,2026-02-17T01:21:35.194Z
sensor.sigen_plant_consumed_power,4.853000,2026-02-17T01:21:40.194Z
sensor.sigen_plant_consumed_power,4.855000,2026-02-17T01:21:45.174Z
sensor.sigen_plant_consumed_power,4.857000,2026-02-17T01:21:50.176Z
sensor.sigen_plant_consumed_power,4.875000,2026-02-17T01:21:55.174Z
sensor.sigen_plant_consumed_power,4.878000,2026-02-17T01:22:00.268Z
sensor.sigen_plant_consumed_power,4.868000,2026-02-17T01:22:05.184Z
sensor.sigen_plant_consumed_power,4.971000,2026-02-17T01:22:10.194Z
sensor.sigen_plant_consumed_power,4.997000,2026-02-17T01:22:15.167Z
sensor.sigen_plant_consumed_power,4.957000,2026-02-17T01:22:20.194Z
sensor.sigen_plant_consumed_power,4.976000,2026-02-17T01:22:25.205Z
sensor.sigen_plant_consumed_power,4.960000,2026-02-17T01:22:30.194Z
sensor.sigen_plant_consumed_power,4.943000,2026-02-17T01:22:35.204Z
sensor.sigen_plant_consumed_power,4.950000,2026-02-17T01:22:40.204Z
sensor.sigen_plant_consumed_power,5.008000,2026-02-17T01:22:45.214Z
sensor.sigen_plant_consumed_power,4.989000,2026-02-17T01:22:50.192Z
sensor.sigen_plant_consumed_power,4.994000,2026-02-17T01:22:55.211Z
sensor.sigen_plant_consumed_power,4.973000,2026-02-17T01:23:00.278Z
sensor.sigen_plant_consumed_power,4.969000,2026-02-17T01:23:05.285Z
sensor.sigen_plant_consumed_power,4.966000,2026-02-17T01:23:10.196Z
sensor.sigen_plant_consumed_power,4.977000,2026-02-17T01:23:15.170Z
sensor.sigen_plant_consumed_power,4.976000,2026-02-17T01:23:20.177Z
sensor.sigen_plant_consumed_power,4.962000,2026-02-17T01:23:25.184Z
sensor.sigen_plant_consumed_power,4.968000,2026-02-17T01:23:30.186Z
sensor.sigen_plant_consumed_power,4.989000,2026-02-17T01:23:35.165Z
sensor.sigen_plant_consumed_power,4.979000,2026-02-17T01:23:40.206Z
sensor.sigen_plant_consumed_power,4.953000,2026-02-17T01:23:45.165Z
sensor.sigen_plant_consumed_power,4.952000,2026-02-17T01:23:50.187Z
sensor.sigen_plant_consumed_power,4.957000,2026-02-17T01:23:55.185Z
sensor.sigen_plant_consumed_power,4.963000,2026-02-17T01:24:00.255Z
sensor.sigen_plant_consumed_power,4.957000,2026-02-17T01:24:05.187Z
sensor.sigen_plant_consumed_power,4.963000,2026-02-17T01:24:10.179Z
sensor.sigen_plant_consumed_power,4.965000,2026-02-17T01:24:15.183Z
sensor.sigen_plant_consumed_power,4.955000,2026-02-17T01:24:25.185Z
sensor.sigen_plant_consumed_power,4.853000,2026-02-17T01:24:30.175Z
sensor.sigen_plant_consumed_power,4.857000,2026-02-17T01:24:35.176Z
sensor.sigen_plant_consumed_power,4.851000,2026-02-17T01:24:40.182Z
sensor.sigen_plant_consumed_power,4.840000,2026-02-17T01:24:45.188Z
sensor.sigen_plant_consumed_power,4.862000,2026-02-17T01:24:50.188Z
sensor.sigen_plant_consumed_power,4.868000,2026-02-17T01:24:55.175Z
sensor.sigen_plant_consumed_power,4.858000,2026-02-17T01:25:00.245Z
sensor.sigen_plant_consumed_power,4.870000,2026-02-17T01:25:05.165Z
sensor.sigen_plant_consumed_power,4.857000,2026-02-17T01:25:10.188Z
sensor.sigen_plant_consumed_power,4.839000,2026-02-17T01:25:15.175Z
sensor.sigen_plant_consumed_power,4.867000,2026-02-17T01:25:20.199Z
sensor.sigen_plant_consumed_power,4.845000,2026-02-17T01:25:25.175Z
sensor.sigen_plant_consumed_power,4.851000,2026-02-17T01:25:30.177Z
sensor.sigen_plant_consumed_power,4.866000,2026-02-17T01:25:35.175Z
sensor.sigen_plant_consumed_power,4.864000,2026-02-17T01:25:36.568Z
sensor.sigen_plant_consumed_power,4.867000,2026-02-17T01:25:41.175Z
sensor.sigen_plant_consumed_power,4.860000,2026-02-17T01:25:46.226Z
sensor.sigen_plant_consumed_power,4.853000,2026-02-17T01:25:51.197Z
sensor.sigen_plant_consumed_power,4.845000,2026-02-17T01:26:06.278Z
sensor.sigen_plant_consumed_power,4.847000,2026-02-17T01:26:11.203Z
sensor.sigen_plant_consumed_power,4.848000,2026-02-17T01:26:16.168Z
sensor.sigen_plant_consumed_power,4.854000,2026-02-17T01:26:21.165Z
sensor.sigen_plant_consumed_power,4.849000,2026-02-17T01:26:26.196Z
sensor.sigen_plant_consumed_power,4.863000,2026-02-17T01:26:31.189Z
sensor.sigen_plant_consumed_power,4.880000,2026-02-17T01:26:36.166Z
sensor.sigen_plant_consumed_power,4.868000,2026-02-17T01:26:41.213Z
sensor.sigen_plant_consumed_power,4.866000,2026-02-17T01:26:46.186Z
sensor.sigen_plant_consumed_power,4.885000,2026-02-17T01:26:51.177Z
sensor.sigen_plant_consumed_power,4.858000,2026-02-17T01:26:56.196Z
sensor.sigen_plant_consumed_power,4.870000,2026-02-17T01:27:01.192Z
sensor.sigen_plant_consumed_power,4.878000,2026-02-17T01:27:06.176Z
sensor.sigen_plant_consumed_power,4.879000,2026-02-17T01:27:11.196Z
sensor.sigen_plant_consumed_power,4.858000,2026-02-17T01:27:16.176Z
sensor.sigen_plant_consumed_power,4.856000,2026-02-17T01:27:21.176Z
sensor.sigen_plant_consumed_power,4.847000,2026-02-17T01:27:26.176Z
sensor.sigen_plant_consumed_power,4.829000,2026-02-17T01:27:31.168Z
sensor.sigen_plant_consumed_power,4.867000,2026-02-17T01:27:36.166Z
sensor.sigen_plant_consumed_power,4.869000,2026-02-17T01:27:41.186Z
sensor.sigen_plant_consumed_power,4.848000,2026-02-17T01:27:46.188Z
sensor.sigen_plant_consumed_power,4.843000,2026-02-17T01:27:51.176Z
sensor.sigen_plant_consumed_power,4.842000,2026-02-17T01:27:56.226Z
sensor.sigen_plant_consumed_power,4.847000,2026-02-17T01:28:01.207Z
sensor.sigen_plant_consumed_power,4.848000,2026-02-17T01:28:06.186Z
sensor.sigen_plant_consumed_power,4.886000,2026-02-17T01:28:11.190Z
sensor.sigen_plant_consumed_power,4.870000,2026-02-17T01:28:16.166Z
sensor.sigen_plant_consumed_power,4.858000,2026-02-17T01:28:21.176Z
sensor.sigen_plant_consumed_power,4.879000,2026-02-17T01:28:26.206Z
sensor.sigen_plant_consumed_power,4.854000,2026-02-17T01:28:31.218Z
sensor.sigen_plant_consumed_power,4.850000,2026-02-17T01:28:36.176Z
sensor.sigen_plant_consumed_power,4.874000,2026-02-17T01:28:41.186Z
sensor.sigen_plant_consumed_power,4.867000,2026-02-17T01:28:46.176Z
sensor.sigen_plant_consumed_power,4.874000,2026-02-17T01:28:51.177Z
sensor.sigen_plant_consumed_power,4.867000,2026-02-17T01:28:56.186Z
sensor.sigen_plant_consumed_power,4.870000,2026-02-17T01:29:01.187Z
sensor.sigen_plant_consumed_power,4.833000,2026-02-17T01:29:06.176Z
sensor.sigen_plant_consumed_power,4.827000,2026-02-17T01:29:11.186Z
sensor.sigen_plant_consumed_power,4.852000,2026-02-17T01:29:16.179Z
sensor.sigen_plant_consumed_power,4.839000,2026-02-17T01:29:21.207Z
sensor.sigen_plant_consumed_power,4.846000,2026-02-17T01:29:26.189Z
sensor.sigen_plant_consumed_power,4.825000,2026-02-17T01:29:31.166Z
sensor.sigen_plant_consumed_power,4.835000,2026-02-17T01:29:36.178Z
sensor.sigen_plant_consumed_power,4.859000,2026-02-17T01:29:41.177Z
sensor.sigen_plant_consumed_power,4.849000,2026-02-17T01:29:46.177Z
sensor.sigen_plant_consumed_power,4.823000,2026-02-17T01:29:51.178Z
sensor.sigen_plant_consumed_power,4.830000,2026-02-17T01:29:56.187Z
sensor.sigen_plant_consumed_power,4.859000,2026-02-17T01:30:01.207Z
sensor.sigen_plant_consumed_power,4.846000,2026-02-17T01:30:06.177Z
sensor.sigen_plant_consumed_power,4.870000,2026-02-17T01:30:11.166Z
sensor.sigen_plant_consumed_power,4.845000,2026-02-17T01:30:16.187Z
sensor.sigen_plant_consumed_power,4.842000,2026-02-17T01:30:21.197Z
sensor.sigen_plant_consumed_power,4.838000,2026-02-17T01:30:26.197Z
sensor.sigen_plant_consumed_power,4.865000,2026-02-17T01:30:31.177Z
sensor.sigen_plant_consumed_power,4.856000,2026-02-17T01:30:36.187Z
sensor.sigen_plant_consumed_power,4.849000,2026-02-17T01:30:38.387Z
sensor.sigen_plant_consumed_power,4.842000,2026-02-17T01:30:43.188Z
sensor.sigen_plant_consumed_power,4.857000,2026-02-17T01:30:48.207Z
sensor.sigen_plant_consumed_power,4.832000,2026-02-17T01:30:53.196Z
sensor.sigen_plant_consumed_power,4.875000,2026-02-17T01:30:58.217Z
sensor.sigen_plant_consumed_power,4.863000,2026-02-17T01:31:03.177Z
sensor.sigen_plant_consumed_power,4.852000,2026-02-17T01:31:08.207Z
sensor.sigen_plant_consumed_power,5.862000,2026-02-17T01:31:13.178Z
sensor.sigen_plant_consumed_power,5.835000,2026-02-17T01:31:18.187Z
sensor.sigen_plant_consumed_power,5.846000,2026-02-17T01:31:23.187Z
sensor.sigen_plant_consumed_power,5.860000,2026-02-17T01:31:28.208Z
sensor.sigen_plant_consumed_power,5.872000,2026-02-17T01:31:33.177Z
sensor.sigen_plant_consumed_power,5.876000,2026-02-17T01:31:38.232Z
sensor.sigen_plant_consumed_power,5.847000,2026-02-17T01:31:43.177Z
sensor.sigen_plant_consumed_power,5.852000,2026-02-17T01:31:48.227Z
sensor.sigen_plant_consumed_power,5.876000,2026-02-17T01:31:53.180Z
sensor.sigen_plant_consumed_power,5.860000,2026-02-17T01:31:58.227Z
sensor.sigen_plant_consumed_power,5.866000,2026-02-17T01:32:03.177Z
sensor.sigen_plant_consumed_power,5.852000,2026-02-17T01:32:08.292Z
sensor.sigen_plant_consumed_power,5.906000,2026-02-17T01:32:13.177Z
sensor.sigen_plant_consumed_power,5.894000,2026-02-17T01:32:18.200Z
sensor.sigen_plant_consumed_power,5.879000,2026-02-17T01:32:23.198Z
sensor.sigen_plant_consumed_power,5.880000,2026-02-17T01:32:28.200Z
sensor.sigen_plant_consumed_power,5.884000,2026-02-17T01:32:33.178Z
sensor.sigen_plant_consumed_power,5.902000,2026-02-17T01:32:38.200Z
sensor.sigen_plant_consumed_power,5.970000,2026-02-17T01:32:43.197Z
sensor.sigen_plant_consumed_power,5.912000,2026-02-17T01:32:48.198Z
sensor.sigen_plant_consumed_power,5.905000,2026-02-17T01:32:53.210Z
sensor.sigen_plant_consumed_power,6.228000,2026-02-17T01:32:58.219Z
sensor.sigen_plant_consumed_power,7.425000,2026-02-17T01:33:03.211Z
sensor.sigen_plant_consumed_power,7.438000,2026-02-17T01:33:08.228Z
sensor.sigen_plant_consumed_power,7.441000,2026-02-17T01:33:13.202Z
sensor.sigen_plant_consumed_power,7.467000,2026-02-17T01:33:18.190Z
sensor.sigen_plant_consumed_power,7.445000,2026-02-17T01:33:23.199Z
sensor.sigen_plant_consumed_power,7.398000,2026-02-17T01:33:28.230Z
sensor.sigen_plant_consumed_power,6.003000,2026-02-17T01:33:33.209Z
sensor.sigen_plant_consumed_power,4.932000,2026-02-17T01:33:38.202Z
sensor.sigen_plant_consumed_power,4.993000,2026-02-17T01:33:43.170Z
sensor.sigen_plant_consumed_power,4.939000,2026-02-17T01:33:48.230Z
sensor.sigen_plant_consumed_power,5.034000,2026-02-17T01:33:53.178Z
sensor.sigen_plant_consumed_power,5.026000,2026-02-17T01:33:58.178Z
sensor.sigen_plant_consumed_power,5.024000,2026-02-17T01:34:03.178Z
sensor.sigen_plant_consumed_power,5.021000,2026-02-17T01:34:08.200Z
sensor.sigen_plant_consumed_power,4.997000,2026-02-17T01:34:13.188Z
sensor.sigen_plant_consumed_power,5.002000,2026-02-17T01:34:18.228Z
sensor.sigen_plant_consumed_power,4.988000,2026-02-17T01:34:23.188Z
sensor.sigen_plant_consumed_power,4.964000,2026-02-17T01:34:28.180Z
sensor.sigen_plant_consumed_power,5.024000,2026-02-17T01:34:33.185Z
sensor.sigen_plant_consumed_power,4.964000,2026-02-17T01:34:38.189Z
sensor.sigen_plant_consumed_power,4.979000,2026-02-17T01:34:43.178Z
sensor.sigen_plant_consumed_power,4.980000,2026-02-17T01:34:48.188Z
sensor.sigen_plant_consumed_power,4.974000,2026-02-17T01:34:53.188Z
sensor.sigen_plant_consumed_power,4.952000,2026-02-17T01:34:58.188Z
sensor.sigen_plant_consumed_power,4.978000,2026-02-17T01:35:03.196Z
sensor.sigen_plant_consumed_power,4.971000,2026-02-17T01:35:08.178Z
sensor.sigen_plant_consumed_power,4.960000,2026-02-17T01:35:13.181Z
sensor.sigen_plant_consumed_power,4.986000,2026-02-17T01:35:18.220Z
sensor.sigen_plant_consumed_power,4.992000,2026-02-17T01:35:23.188Z
sensor.sigen_plant_consumed_power,5.031000,2026-02-17T01:35:28.199Z
sensor.sigen_plant_consumed_power,5.005000,2026-02-17T01:35:33.184Z
sensor.sigen_plant_consumed_power,4.990000,2026-02-17T01:35:35.539Z
sensor.sigen_plant_consumed_power,5.001000,2026-02-17T01:35:40.208Z
sensor.sigen_plant_consumed_power,4.985000,2026-02-17T01:35:45.229Z
sensor.sigen_plant_consumed_power,4.969000,2026-02-17T01:35:50.198Z
sensor.sigen_plant_consumed_power,5.041000,2026-02-17T01:35:55.338Z
sensor.sigen_plant_consumed_power,4.983000,2026-02-17T01:36:00.269Z
sensor.sigen_plant_consumed_power,4.995000,2026-02-17T01:36:05.202Z
sensor.sigen_plant_consumed_power,4.985000,2026-02-17T01:36:10.179Z
sensor.sigen_plant_consumed_power,4.955000,2026-02-17T01:36:15.209Z
sensor.sigen_plant_consumed_power,4.973000,2026-02-17T01:36:20.169Z
sensor.sigen_plant_consumed_power,4.966000,2026-02-17T01:36:25.224Z
sensor.sigen_plant_consumed_power,4.959000,2026-02-17T01:36:30.179Z
sensor.sigen_plant_consumed_power,5.028000,2026-02-17T01:36:35.189Z
sensor.sigen_plant_consumed_power,4.984000,2026-02-17T01:36:40.169Z
sensor.sigen_plant_consumed_power,4.997000,2026-02-17T01:36:45.199Z
sensor.sigen_plant_consumed_power,4.973000,2026-02-17T01:36:50.169Z
sensor.sigen_plant_consumed_power,4.989000,2026-02-17T01:36:55.172Z
sensor.sigen_plant_consumed_power,4.990000,2026-02-17T01:37:00.259Z
sensor.sigen_plant_consumed_power,4.976000,2026-02-17T01:37:10.189Z
sensor.sigen_plant_consumed_power,4.986000,2026-02-17T01:37:15.199Z
sensor.sigen_plant_consumed_power,4.991000,2026-02-17T01:37:20.184Z
sensor.sigen_plant_consumed_power,4.996000,2026-02-17T01:37:25.179Z
sensor.sigen_plant_consumed_power,4.976000,2026-02-17T01:37:30.190Z
sensor.sigen_plant_consumed_power,5.011000,2026-02-17T01:37:35.179Z
sensor.sigen_plant_consumed_power,4.986000,2026-02-17T01:37:40.229Z
sensor.sigen_plant_consumed_power,4.995000,2026-02-17T01:37:45.171Z
sensor.sigen_plant_consumed_power,4.963000,2026-02-17T01:37:50.219Z
sensor.sigen_plant_consumed_power,4.961000,2026-02-17T01:37:55.221Z
sensor.sigen_plant_consumed_power,4.960000,2026-02-17T01:38:00.499Z
sensor.sigen_plant_consumed_power,4.949000,2026-02-17T01:38:05.170Z
sensor.sigen_plant_consumed_power,4.976000,2026-02-17T01:38:10.187Z
sensor.sigen_plant_consumed_power,4.986000,2026-02-17T01:38:15.189Z
sensor.sigen_plant_consumed_power,4.959000,2026-02-17T01:38:20.190Z
sensor.sigen_plant_consumed_power,4.931000,2026-02-17T01:38:25.210Z
sensor.sigen_plant_consumed_power,4.962000,2026-02-17T01:38:30.190Z
sensor.sigen_plant_consumed_power,4.949000,2026-02-17T01:38:35.189Z
sensor.sigen_plant_consumed_power,4.957000,2026-02-17T01:38:40.164Z
sensor.sigen_plant_consumed_power,4.971000,2026-02-17T01:38:45.209Z
sensor.sigen_plant_consumed_power,4.997000,2026-02-17T01:38:50.180Z
sensor.sigen_plant_consumed_power,5.023000,2026-02-17T01:38:55.180Z
sensor.sigen_plant_consumed_power,4.988000,2026-02-17T01:39:00.260Z
sensor.sigen_plant_consumed_power,4.998000,2026-02-17T01:39:05.190Z
sensor.sigen_plant_consumed_power,5.024000,2026-02-17T01:39:10.210Z
sensor.sigen_plant_consumed_power,4.983000,2026-02-17T01:39:15.160Z
sensor.sigen_plant_consumed_power,4.993000,2026-02-17T01:39:20.173Z
sensor.sigen_plant_consumed_power,4.998000,2026-02-17T01:39:25.190Z
sensor.sigen_plant_consumed_power,4.976000,2026-02-17T01:39:30.190Z
sensor.sigen_plant_consumed_power,4.962000,2026-02-17T01:39:35.190Z
sensor.sigen_plant_consumed_power,5.009000,2026-02-17T01:39:40.190Z
sensor.sigen_plant_consumed_power,5.019000,2026-02-17T01:39:45.186Z
sensor.sigen_plant_consumed_power,5.002000,2026-02-17T01:39:50.183Z
sensor.sigen_plant_consumed_power,5.013000,2026-02-17T01:39:55.161Z
sensor.sigen_plant_consumed_power,4.982000,2026-02-17T01:40:00.260Z
sensor.sigen_plant_consumed_power,5.001000,2026-02-17T01:40:05.190Z
sensor.sigen_plant_consumed_power,4.983000,2026-02-17T01:40:10.190Z
sensor.sigen_plant_consumed_power,4.994000,2026-02-17T01:40:15.180Z
sensor.sigen_plant_consumed_power,4.982000,2026-02-17T01:40:20.220Z
sensor.sigen_plant_consumed_power,4.964000,2026-02-17T01:40:25.190Z
sensor.sigen_plant_consumed_power,4.998000,2026-02-17T01:40:30.180Z
sensor.sigen_plant_consumed_power,4.985000,2026-02-17T01:40:33.432Z
sensor.sigen_plant_consumed_power,4.951000,2026-02-17T01:40:38.160Z
sensor.sigen_plant_consumed_power,4.964000,2026-02-17T01:40:43.169Z
sensor.sigen_plant_consumed_power,4.971000,2026-02-17T01:40:48.180Z
sensor.sigen_plant_consumed_power,4.984000,2026-02-17T01:40:53.189Z
sensor.sigen_plant_consumed_power,4.982000,2026-02-17T01:40:58.181Z
sensor.sigen_plant_consumed_power,4.975000,2026-02-17T01:41:03.170Z
sensor.sigen_plant_consumed_power,4.945000,2026-02-17T01:41:08.181Z
sensor.sigen_plant_consumed_power,4.960000,2026-02-17T01:41:13.170Z
sensor.sigen_plant_consumed_power,4.984000,2026-02-17T01:41:18.177Z
sensor.sigen_plant_consumed_power,5.004000,2026-02-17T01:41:23.170Z
sensor.sigen_plant_consumed_power,5.014000,2026-02-17T01:41:28.172Z
sensor.sigen_plant_consumed_power,4.997000,2026-02-17T01:41:33.172Z
sensor.sigen_plant_consumed_power,4.978000,2026-02-17T01:41:38.201Z
sensor.sigen_plant_consumed_power,4.980000,2026-02-17T01:41:43.191Z
sensor.sigen_plant_consumed_power,5.005000,2026-02-17T01:41:48.202Z
sensor.sigen_plant_consumed_power,5.002000,2026-02-17T01:41:53.184Z
sensor.sigen_plant_consumed_power,4.978000,2026-02-17T01:41:58.171Z
sensor.sigen_plant_consumed_power,4.981000,2026-02-17T01:42:03.211Z
sensor.sigen_plant_consumed_power,4.963000,2026-02-17T01:42:08.193Z
sensor.sigen_plant_consumed_power,4.958000,2026-02-17T01:42:13.171Z
sensor.sigen_plant_consumed_power,4.987000,2026-02-17T01:42:18.183Z
sensor.sigen_plant_consumed_power,4.970000,2026-02-17T01:42:23.211Z
sensor.sigen_plant_consumed_power,4.989000,2026-02-17T01:42:28.181Z
sensor.sigen_plant_consumed_power,4.978000,2026-02-17T01:42:33.183Z
sensor.sigen_plant_consumed_power,4.963000,2026-02-17T01:42:38.191Z
sensor.sigen_plant_consumed_power,4.981000,2026-02-17T01:42:43.191Z
sensor.sigen_plant_consumed_power,4.953000,2026-02-17T01:42:48.173Z
sensor.sigen_plant_consumed_power,5.001000,2026-02-17T01:42:53.164Z
sensor.sigen_plant_consumed_power,4.991000,2026-02-17T01:42:58.202Z
sensor.sigen_plant_consumed_power,5.000000,2026-02-17T01:43:03.171Z
sensor.sigen_plant_consumed_power,5.002000,2026-02-17T01:43:08.182Z
sensor.sigen_plant_consumed_power,4.986000,2026-02-17T01:43:13.174Z
sensor.sigen_plant_consumed_power,4.992000,2026-02-17T01:43:18.201Z
sensor.sigen_plant_consumed_power,5.019000,2026-02-17T01:43:23.161Z
sensor.sigen_plant_consumed_power,4.985000,2026-02-17T01:43:28.191Z
sensor.sigen_plant_consumed_power,4.988000,2026-02-17T01:43:33.193Z
sensor.sigen_plant_consumed_power,4.985000,2026-02-17T01:43:38.181Z
sensor.sigen_plant_consumed_power,4.978000,2026-02-17T01:43:43.171Z
sensor.sigen_plant_consumed_power,4.989000,2026-02-17T01:43:48.171Z
sensor.sigen_plant_consumed_power,4.978000,2026-02-17T01:43:53.182Z
sensor.sigen_plant_consumed_power,4.991000,2026-02-17T01:43:58.181Z
sensor.sigen_plant_consumed_power,4.992000,2026-02-17T01:44:03.181Z
sensor.sigen_plant_consumed_power,4.986000,2026-02-17T01:44:08.168Z
sensor.sigen_plant_consumed_power,4.992000,2026-02-17T01:44:13.164Z
sensor.sigen_plant_consumed_power,4.948000,2026-02-17T01:44:18.194Z
sensor.sigen_plant_consumed_power,4.946000,2026-02-17T01:44:23.181Z
sensor.sigen_plant_consumed_power,4.939000,2026-02-17T01:44:28.172Z
sensor.sigen_plant_consumed_power,5.103000,2026-02-17T01:44:33.181Z
sensor.sigen_plant_consumed_power,5.083000,2026-02-17T01:44:38.173Z
sensor.sigen_plant_consumed_power,5.073000,2026-02-17T01:44:43.188Z
sensor.sigen_plant_consumed_power,5.110000,2026-02-17T01:44:48.181Z
sensor.sigen_plant_consumed_power,5.064000,2026-02-17T01:44:53.181Z
sensor.sigen_plant_consumed_power,5.104000,2026-02-17T01:44:58.181Z
sensor.sigen_plant_consumed_power,5.091000,2026-02-17T01:45:03.175Z
sensor.sigen_plant_consumed_power,5.088000,2026-02-17T01:45:08.163Z
sensor.sigen_plant_consumed_power,5.102000,2026-02-17T01:45:13.187Z
sensor.sigen_plant_consumed_power,5.105000,2026-02-17T01:45:18.182Z
sensor.sigen_plant_consumed_power,5.085000,2026-02-17T01:45:23.192Z
sensor.sigen_plant_consumed_power,5.098000,2026-02-17T01:45:28.204Z
sensor.sigen_plant_consumed_power,5.078000,2026-02-17T01:45:33.182Z
sensor.sigen_plant_consumed_power,5.083000,2026-02-17T01:45:38.194Z
sensor.sigen_plant_consumed_power,5.073000,2026-02-17T01:45:42.562Z
sensor.sigen_plant_consumed_power,5.080000,2026-02-17T01:45:47.182Z
sensor.sigen_plant_consumed_power,5.087000,2026-02-17T01:45:52.176Z
sensor.sigen_plant_consumed_power,5.078000,2026-02-17T01:45:57.181Z
sensor.sigen_plant_consumed_power,5.086000,2026-02-17T01:46:02.172Z
sensor.sigen_plant_consumed_power,5.074000,2026-02-17T01:46:07.191Z
sensor.sigen_plant_consumed_power,5.050000,2026-02-17T01:46:12.184Z
sensor.sigen_plant_consumed_power,5.077000,2026-02-17T01:46:17.162Z
sensor.sigen_plant_consumed_power,5.089000,2026-02-17T01:46:22.175Z
sensor.sigen_plant_consumed_power,5.070000,2026-02-17T01:46:27.194Z
sensor.sigen_plant_consumed_power,5.059000,2026-02-17T01:46:32.182Z
sensor.sigen_plant_consumed_power,5.056000,2026-02-17T01:46:37.172Z
sensor.sigen_plant_consumed_power,5.053000,2026-02-17T01:46:42.173Z
sensor.sigen_plant_consumed_power,5.049000,2026-02-17T01:46:47.192Z
sensor.sigen_plant_consumed_power,5.053000,2026-02-17T01:46:52.172Z
sensor.sigen_plant_consumed_power,5.075000,2026-02-17T01:46:57.162Z
sensor.sigen_plant_consumed_power,5.080000,2026-02-17T01:47:02.215Z
sensor.sigen_plant_consumed_power,5.082000,2026-02-17T01:47:07.184Z
sensor.sigen_plant_consumed_power,5.071000,2026-02-17T01:47:12.175Z
sensor.sigen_plant_consumed_power,5.073000,2026-02-17T01:47:17.164Z
sensor.sigen_plant_consumed_power,5.067000,2026-02-17T01:47:22.183Z
sensor.sigen_plant_consumed_power,5.061000,2026-02-17T01:47:27.182Z
sensor.sigen_plant_consumed_power,5.069000,2026-02-17T01:47:32.194Z
sensor.sigen_plant_consumed_power,5.048000,2026-02-17T01:47:37.163Z
sensor.sigen_plant_consumed_power,5.095000,2026-02-17T01:47:42.193Z
sensor.sigen_plant_consumed_power,5.098000,2026-02-17T01:47:47.174Z
sensor.sigen_plant_consumed_power,5.106000,2026-02-17T01:47:52.174Z
sensor.sigen_plant_consumed_power,5.060000,2026-02-17T01:47:57.173Z
sensor.sigen_plant_consumed_power,5.085000,2026-02-17T01:48:02.173Z
sensor.sigen_plant_consumed_power,5.082000,2026-02-17T01:48:07.186Z
sensor.sigen_plant_consumed_power,5.068000,2026-02-17T01:48:12.185Z
sensor.sigen_plant_consumed_power,5.082000,2026-02-17T01:48:17.183Z
sensor.sigen_plant_consumed_power,5.056000,2026-02-17T01:48:27.183Z
sensor.sigen_plant_consumed_power,5.050000,2026-02-17T01:48:32.173Z
sensor.sigen_plant_consumed_power,5.088000,2026-02-17T01:48:37.173Z
sensor.sigen_plant_consumed_power,5.070000,2026-02-17T01:48:42.176Z
sensor.sigen_plant_consumed_power,5.066000,2026-02-17T01:48:47.173Z
sensor.sigen_plant_consumed_power,5.046000,2026-02-17T01:48:52.176Z
sensor.sigen_plant_consumed_power,5.056000,2026-02-17T01:48:57.173Z
sensor.sigen_plant_consumed_power,5.054000,2026-02-17T01:49:02.185Z
sensor.sigen_plant_consumed_power,5.056000,2026-02-17T01:49:07.194Z
sensor.sigen_plant_consumed_power,5.046000,2026-02-17T01:49:12.164Z
sensor.sigen_plant_consumed_power,5.033000,2026-02-17T01:49:17.196Z
sensor.sigen_plant_consumed_power,5.041000,2026-02-17T01:49:22.183Z
sensor.sigen_plant_consumed_power,5.045000,2026-02-17T01:49:27.173Z
sensor.sigen_plant_consumed_power,4.755000,2026-02-17T01:49:32.193Z
sensor.sigen_plant_consumed_power,4.772000,2026-02-17T01:49:37.423Z
sensor.sigen_plant_consumed_power,4.696000,2026-02-17T01:49:42.173Z
sensor.sigen_plant_consumed_power,4.732000,2026-02-17T01:49:47.165Z
sensor.sigen_plant_consumed_power,4.715000,2026-02-17T01:49:52.163Z
sensor.sigen_plant_consumed_power,4.751000,2026-02-17T01:49:57.193Z
sensor.sigen_plant_consumed_power,4.714000,2026-02-17T01:50:02.183Z
sensor.sigen_plant_consumed_power,4.715000,2026-02-17T01:50:07.166Z
sensor.sigen_plant_consumed_power,4.689000,2026-02-17T01:50:12.166Z
sensor.sigen_plant_consumed_power,4.713000,2026-02-17T01:50:17.193Z
sensor.sigen_plant_consumed_power,4.736000,2026-02-17T01:50:22.204Z
sensor.sigen_plant_consumed_power,4.670000,2026-02-17T01:50:27.174Z
sensor.sigen_plant_consumed_power,4.734000,2026-02-17T01:50:32.166Z
sensor.sigen_plant_consumed_power,4.701000,2026-02-17T01:50:33.994Z
sensor.sigen_plant_consumed_power,4.700000,2026-02-17T01:50:44.163Z
sensor.sigen_plant_consumed_power,4.709000,2026-02-17T01:50:49.174Z
sensor.sigen_plant_consumed_power,4.710000,2026-02-17T01:50:54.203Z
sensor.sigen_plant_consumed_power,4.732000,2026-02-17T01:50:59.187Z
sensor.sigen_plant_consumed_power,4.740000,2026-02-17T01:51:04.224Z
sensor.sigen_plant_consumed_power,4.700000,2026-02-17T01:51:09.185Z
sensor.sigen_plant_consumed_power,4.726000,2026-02-17T01:51:14.183Z
sensor.sigen_plant_consumed_power,4.717000,2026-02-17T01:51:19.195Z
sensor.sigen_plant_consumed_power,4.731000,2026-02-17T01:51:29.176Z
sensor.sigen_plant_consumed_power,4.721000,2026-02-17T01:51:34.174Z
sensor.sigen_plant_consumed_power,4.740000,2026-02-17T01:51:39.176Z
sensor.sigen_plant_consumed_power,4.736000,2026-02-17T01:51:44.185Z
sensor.sigen_plant_consumed_power,4.726000,2026-02-17T01:51:49.195Z
sensor.sigen_plant_consumed_power,4.708000,2026-02-17T01:51:54.177Z
sensor.sigen_plant_consumed_power,4.704000,2026-02-17T01:51:59.204Z
sensor.sigen_plant_consumed_power,4.697000,2026-02-17T01:52:04.185Z
sensor.sigen_plant_consumed_power,4.692000,2026-02-17T01:52:09.174Z
sensor.sigen_plant_consumed_power,4.593000,2026-02-17T01:52:14.174Z
sensor.sigen_plant_consumed_power,4.591000,2026-02-17T01:52:19.195Z
sensor.sigen_plant_consumed_power,4.618000,2026-02-17T01:52:24.186Z
sensor.sigen_plant_consumed_power,4.598000,2026-02-17T01:52:29.195Z
sensor.sigen_plant_consumed_power,4.613000,2026-02-17T01:52:34.184Z
sensor.sigen_plant_consumed_power,4.619000,2026-02-17T01:52:39.196Z
sensor.sigen_plant_consumed_power,4.622000,2026-02-17T01:52:44.174Z
sensor.sigen_plant_consumed_power,4.615000,2026-02-17T01:52:49.191Z
sensor.sigen_plant_consumed_power,4.591000,2026-02-17T01:52:54.204Z
sensor.sigen_plant_consumed_power,4.606000,2026-02-17T01:52:59.184Z
sensor.sigen_plant_consumed_power,4.565000,2026-02-17T01:53:04.188Z
sensor.sigen_plant_consumed_power,4.621000,2026-02-17T01:53:09.184Z
sensor.sigen_plant_consumed_power,4.646000,2026-02-17T01:53:14.175Z
sensor.sigen_plant_consumed_power,1.740000,2026-02-17T01:53:19.167Z
sensor.sigen_plant_consumed_power,0.910000,2026-02-17T01:53:24.177Z
sensor.sigen_plant_consumed_power,0.907000,2026-02-17T01:53:29.176Z
sensor.sigen_plant_consumed_power,0.916000,2026-02-17T01:53:34.185Z
sensor.sigen_plant_consumed_power,0.932000,2026-02-17T01:53:39.165Z
sensor.sigen_plant_consumed_power,0.931000,2026-02-17T01:53:44.175Z
sensor.sigen_plant_consumed_power,0.921000,2026-02-17T01:53:49.181Z
sensor.sigen_plant_consumed_power,0.915000,2026-02-17T01:53:54.185Z
sensor.sigen_plant_consumed_power,0.920000,2026-02-17T01:53:59.176Z
sensor.sigen_plant_consumed_power,0.903000,2026-02-17T01:54:04.185Z
sensor.sigen_plant_consumed_power,1.125000,2026-02-17T01:54:09.185Z
sensor.sigen_plant_consumed_power,1.235000,2026-02-17T01:54:14.185Z
sensor.sigen_plant_consumed_power,1.249000,2026-02-17T01:54:19.176Z
sensor.sigen_plant_consumed_power,1.238000,2026-02-17T01:54:24.199Z
sensor.sigen_plant_consumed_power,1.239000,2026-02-17T01:54:29.165Z
sensor.sigen_plant_consumed_power,1.253000,2026-02-17T01:54:34.164Z
sensor.sigen_plant_consumed_power,1.229000,2026-02-17T01:54:39.165Z
sensor.sigen_plant_consumed_power,1.233000,2026-02-17T01:54:44.195Z
sensor.sigen_plant_consumed_power,1.242000,2026-02-17T01:54:49.165Z
sensor.sigen_plant_consumed_power,1.253000,2026-02-17T01:54:54.185Z
sensor.sigen_plant_consumed_power,1.244000,2026-02-17T01:54:59.165Z
sensor.sigen_plant_consumed_power,1.231000,2026-02-17T01:55:04.195Z
sensor.sigen_plant_consumed_power,1.237000,2026-02-17T01:55:09.189Z
sensor.sigen_plant_consumed_power,1.221000,2026-02-17T01:55:14.177Z
sensor.sigen_plant_consumed_power,1.243000,2026-02-17T01:55:19.187Z
sensor.sigen_plant_consumed_power,1.239000,2026-02-17T01:55:24.195Z
sensor.sigen_plant_consumed_power,1.229000,2026-02-17T01:55:29.277Z
sensor.sigen_plant_consumed_power,1.286000,2026-02-17T01:55:32.024Z
sensor.sigen_plant_consumed_power,1.308000,2026-02-17T01:55:37.247Z
sensor.sigen_plant_consumed_power,1.254000,2026-02-17T01:55:42.175Z
sensor.sigen_plant_consumed_power,1.283000,2026-02-17T01:55:47.234Z
sensor.sigen_plant_consumed_power,1.302000,2026-02-17T01:55:52.178Z
sensor.sigen_plant_consumed_power,1.248000,2026-02-17T01:55:57.177Z
sensor.sigen_plant_consumed_power,1.252000,2026-02-17T01:56:02.178Z
sensor.sigen_plant_consumed_power,1.240000,2026-02-17T01:56:07.165Z
sensor.sigen_plant_consumed_power,1.275000,2026-02-17T01:56:12.168Z
sensor.sigen_plant_consumed_power,1.230000,2026-02-17T01:56:17.165Z
sensor.sigen_plant_consumed_power,1.225000,2026-02-17T01:56:22.167Z
sensor.sigen_plant_consumed_power,1.269000,2026-02-17T01:56:27.208Z
sensor.sigen_plant_consumed_power,1.244000,2026-02-17T01:56:32.186Z
sensor.sigen_plant_consumed_power,1.252000,2026-02-17T01:56:37.178Z
sensor.sigen_plant_consumed_power,1.274000,2026-02-17T01:56:42.177Z
sensor.sigen_plant_consumed_power,1.270000,2026-02-17T01:56:47.167Z
sensor.sigen_plant_consumed_power,1.238000,2026-02-17T01:56:52.166Z
sensor.sigen_plant_consumed_power,1.259000,2026-02-17T01:56:57.175Z
sensor.sigen_plant_consumed_power,1.234000,2026-02-17T01:57:02.165Z
sensor.sigen_plant_consumed_power,1.262000,2026-02-17T01:57:07.176Z
sensor.sigen_plant_consumed_power,1.237000,2026-02-17T01:57:12.176Z
sensor.sigen_plant_consumed_power,1.255000,2026-02-17T01:57:17.185Z
sensor.sigen_plant_consumed_power,1.223000,2026-02-17T01:57:22.179Z
sensor.sigen_plant_consumed_power,1.240000,2026-02-17T01:57:27.213Z
sensor.sigen_plant_consumed_power,1.245000,2026-02-17T01:57:32.177Z
sensor.sigen_plant_consumed_power,1.246000,2026-02-17T01:57:37.176Z
sensor.sigen_plant_consumed_power,1.225000,2026-02-17T01:57:42.196Z
sensor.sigen_plant_consumed_power,1.217000,2026-02-17T01:57:47.226Z
sensor.sigen_plant_consumed_power,1.245000,2026-02-17T01:57:52.399Z
sensor.sigen_plant_consumed_power,1.227000,2026-02-17T01:57:57.166Z
sensor.sigen_plant_consumed_power,1.231000,2026-02-17T01:58:02.196Z
sensor.sigen_plant_consumed_power,1.232000,2026-02-17T01:58:07.186Z
sensor.sigen_plant_consumed_power,1.230000,2026-02-17T01:58:12.186Z
sensor.sigen_plant_consumed_power,1.246000,2026-02-17T01:58:17.186Z
sensor.sigen_plant_consumed_power,1.255000,2026-02-17T01:58:22.182Z
sensor.sigen_plant_consumed_power,1.202000,2026-02-17T01:58:27.177Z
sensor.sigen_plant_consumed_power,1.238000,2026-02-17T01:58:32.209Z
sensor.sigen_plant_consumed_power,1.230000,2026-02-17T01:58:37.186Z
sensor.sigen_plant_consumed_power,1.187000,2026-02-17T01:58:42.169Z
sensor.sigen_plant_consumed_power,1.238000,2026-02-17T01:58:47.246Z
sensor.sigen_plant_consumed_power,1.215000,2026-02-17T01:58:52.167Z
sensor.sigen_plant_consumed_power,1.224000,2026-02-17T01:58:57.226Z
sensor.sigen_plant_consumed_power,1.225000,2026-02-17T01:59:02.197Z
sensor.sigen_plant_consumed_power,1.227000,2026-02-17T01:59:07.278Z
sensor.sigen_plant_consumed_power,1.216000,2026-02-17T01:59:12.177Z
sensor.sigen_plant_consumed_power,1.213000,2026-02-17T01:59:17.180Z
sensor.sigen_plant_consumed_power,1.246000,2026-02-17T01:59:22.191Z
sensor.sigen_plant_consumed_power,1.245000,2026-02-17T01:59:27.170Z
sensor.sigen_plant_consumed_power,1.253000,2026-02-17T01:59:32.208Z
sensor.sigen_plant_consumed_power,1.249000,2026-02-17T01:59:37.166Z
sensor.sigen_plant_consumed_power,1.217000,2026-02-17T01:59:42.178Z
sensor.sigen_plant_consumed_power,1.229000,2026-02-17T01:59:47.182Z
sensor.sigen_plant_consumed_power,1.221000,2026-02-17T01:59:52.168Z
sensor.sigen_plant_consumed_power,1.228000,2026-02-17T01:59:57.196Z
sensor.sigen_plant_consumed_power,1.251000,2026-02-17T02:00:02.187Z
sensor.sigen_plant_consumed_power,1.270000,2026-02-17T02:00:07.167Z
sensor.sigen_plant_consumed_power,1.264000,2026-02-17T02:00:12.170Z
sensor.sigen_plant_consumed_power,1.233000,2026-02-17T02:00:17.217Z
sensor.sigen_plant_consumed_power,1.218000,2026-02-17T02:00:22.167Z
sensor.sigen_plant_consumed_power,1.228000,2026-02-17T02:00:27.186Z
sensor.sigen_plant_consumed_power,1.207000,2026-02-17T02:00:32.167Z
sensor.sigen_plant_consumed_power,1.222000,2026-02-17T02:00:37.216Z
sensor.sigen_plant_consumed_power,1.226000,2026-02-17T02:00:42.176Z
sensor.sigen_plant_consumed_power,1.211000,2026-02-17T02:00:47.167Z
sensor.sigen_plant_consumed_power,1.205000,2026-02-17T02:00:52.192Z
sensor.sigen_plant_consumed_power,1.234000,2026-02-17T02:00:57.186Z
sensor.sigen_plant_consumed_power,1.230000,2026-02-17T02:01:02.177Z
sensor.sigen_plant_consumed_power,1.223000,2026-02-17T02:01:07.177Z
sensor.sigen_plant_consumed_power,1.240000,2026-02-17T02:01:12.197Z
sensor.sigen_plant_consumed_power,1.231000,2026-02-17T02:01:17.178Z
sensor.sigen_plant_consumed_power,1.247000,2026-02-17T02:01:22.187Z
sensor.sigen_plant_consumed_power,1.268000,2026-02-17T02:01:27.199Z
sensor.sigen_plant_consumed_power,1.253000,2026-02-17T02:01:32.177Z
sensor.sigen_plant_consumed_power,1.283000,2026-02-17T02:01:37.188Z
sensor.sigen_plant_consumed_power,1.278000,2026-02-17T02:01:42.178Z
sensor.sigen_plant_consumed_power,1.211000,2026-02-17T02:01:47.168Z
sensor.sigen_plant_consumed_power,1.270000,2026-02-17T02:01:52.187Z
sensor.sigen_plant_consumed_power,1.260000,2026-02-17T02:01:57.190Z
sensor.sigen_plant_consumed_power,1.219000,2026-02-17T02:02:02.177Z
sensor.sigen_plant_consumed_power,1.213000,2026-02-17T02:02:07.198Z
sensor.sigen_plant_consumed_power,1.203000,2026-02-17T02:02:12.208Z
sensor.sigen_plant_consumed_power,1.229000,2026-02-17T02:02:17.167Z
sensor.sigen_plant_consumed_power,1.247000,2026-02-17T02:02:22.179Z
sensor.sigen_plant_consumed_power,0.879000,2026-02-17T02:02:27.198Z
sensor.sigen_plant_consumed_power,0.886000,2026-02-17T02:02:32.187Z
sensor.sigen_plant_consumed_power,0.852000,2026-02-17T02:02:37.177Z
sensor.sigen_plant_consumed_power,0.854000,2026-02-17T02:02:42.207Z
sensor.sigen_plant_consumed_power,0.875000,2026-02-17T02:02:47.177Z
sensor.sigen_plant_consumed_power,0.865000,2026-02-17T02:02:52.168Z
sensor.sigen_plant_consumed_power,0.871000,2026-02-17T02:02:57.180Z
sensor.sigen_plant_consumed_power,0.887000,2026-02-17T02:03:02.197Z
sensor.sigen_plant_consumed_power,0.860000,2026-02-17T02:03:07.208Z
sensor.sigen_plant_consumed_power,0.871000,2026-02-17T02:03:12.189Z
sensor.sigen_plant_consumed_power,0.937000,2026-02-17T02:03:17.200Z
sensor.sigen_plant_consumed_power,0.901000,2026-02-17T02:03:22.178Z
sensor.sigen_plant_consumed_power,0.888000,2026-02-17T02:03:27.188Z
sensor.sigen_plant_consumed_power,0.889000,2026-02-17T02:03:32.199Z
sensor.sigen_plant_consumed_power,0.853000,2026-02-17T02:03:37.191Z
sensor.sigen_plant_consumed_power,0.882000,2026-02-17T02:03:42.799Z
sensor.sigen_plant_consumed_power,0.868000,2026-02-17T02:03:47.202Z
sensor.sigen_plant_consumed_power,0.889000,2026-02-17T02:03:52.169Z
sensor.sigen_plant_consumed_power,0.870000,2026-02-17T02:03:57.178Z
sensor.sigen_plant_consumed_power,0.873000,2026-02-17T02:04:02.188Z
sensor.sigen_plant_consumed_power,0.881000,2026-02-17T02:04:07.170Z
sensor.sigen_plant_consumed_power,0.911000,2026-02-17T02:04:12.179Z
sensor.sigen_plant_consumed_power,0.924000,2026-02-17T02:04:17.191Z
sensor.sigen_plant_consumed_power,0.881000,2026-02-17T02:04:22.188Z
sensor.sigen_plant_consumed_power,0.890000,2026-02-17T02:04:27.180Z
sensor.sigen_plant_consumed_power,0.892000,2026-02-17T02:04:32.188Z
sensor.sigen_plant_consumed_power,0.875000,2026-02-17T02:04:37.190Z
sensor.sigen_plant_consumed_power,0.922000,2026-02-17T02:04:42.178Z
sensor.sigen_plant_consumed_power,0.916000,2026-02-17T02:04:47.171Z
sensor.sigen_plant_consumed_power,0.886000,2026-02-17T02:04:52.188Z
sensor.sigen_plant_consumed_power,0.905000,2026-02-17T02:04:57.188Z
sensor.sigen_plant_consumed_power,0.937000,2026-02-17T02:05:02.178Z
sensor.sigen_plant_consumed_power,0.906000,2026-02-17T02:05:07.188Z
sensor.sigen_plant_consumed_power,0.762000,2026-02-17T02:05:12.191Z
sensor.sigen_plant_consumed_power,0.805000,2026-02-17T02:05:17.178Z
sensor.sigen_plant_consumed_power,0.750000,2026-02-17T02:05:22.168Z
sensor.sigen_plant_consumed_power,0.794000,2026-02-17T02:05:27.178Z
sensor.sigen_plant_consumed_power,0.779000,2026-02-17T02:05:32.229Z
sensor.sigen_plant_consumed_power,0.757000,2026-02-17T02:05:37.179Z
sensor.sigen_plant_consumed_power,0.763000,2026-02-17T02:05:38.448Z
sensor.sigen_plant_consumed_power,0.909000,2026-02-17T02:05:43.199Z
sensor.sigen_plant_consumed_power,0.854000,2026-02-17T02:05:48.187Z
sensor.sigen_plant_consumed_power,0.863000,2026-02-17T02:05:53.179Z
sensor.sigen_plant_consumed_power,0.832000,2026-02-17T02:05:58.191Z
sensor.sigen_plant_consumed_power,0.853000,2026-02-17T02:06:03.170Z
sensor.sigen_plant_consumed_power,0.861000,2026-02-17T02:06:08.182Z
sensor.sigen_plant_consumed_power,0.842000,2026-02-17T02:06:13.168Z
sensor.sigen_plant_consumed_power,0.911000,2026-02-17T02:06:18.180Z
sensor.sigen_plant_consumed_power,0.929000,2026-02-17T02:06:23.169Z
sensor.sigen_plant_consumed_power,0.901000,2026-02-17T02:06:28.175Z
sensor.sigen_plant_consumed_power,0.879000,2026-02-17T02:06:33.179Z
sensor.sigen_plant_consumed_power,0.902000,2026-02-17T02:06:38.179Z
sensor.sigen_plant_consumed_power,0.878000,2026-02-17T02:06:43.189Z
sensor.sigen_plant_consumed_power,0.905000,2026-02-17T02:06:48.179Z
sensor.sigen_plant_consumed_power,0.855000,2026-02-17T02:06:53.219Z
sensor.sigen_plant_consumed_power,0.881000,2026-02-17T02:06:58.171Z
sensor.sigen_plant_consumed_power,0.889000,2026-02-17T02:07:03.169Z
sensor.sigen_plant_consumed_power,0.907000,2026-02-17T02:07:08.214Z
sensor.sigen_plant_consumed_power,0.893000,2026-02-17T02:07:13.180Z
sensor.sigen_plant_consumed_power,0.780000,2026-02-17T02:07:18.169Z
sensor.sigen_plant_consumed_power,0.932000,2026-02-17T02:07:23.180Z
sensor.sigen_plant_consumed_power,0.917000,2026-02-17T02:07:28.186Z
sensor.sigen_plant_consumed_power,0.867000,2026-02-17T02:07:33.229Z
sensor.sigen_plant_consumed_power,0.878000,2026-02-17T02:07:38.169Z
sensor.sigen_plant_consumed_power,0.831000,2026-02-17T02:07:43.169Z
sensor.sigen_plant_consumed_power,0.829000,2026-02-17T02:07:48.192Z
sensor.sigen_plant_consumed_power,0.816000,2026-02-17T02:07:53.189Z
sensor.sigen_plant_consumed_power,0.852000,2026-02-17T02:07:58.185Z
sensor.sigen_plant_consumed_power,0.828000,2026-02-17T02:08:03.207Z
sensor.sigen_plant_consumed_power,0.866000,2026-02-17T02:08:08.169Z
sensor.sigen_plant_consumed_power,0.887000,2026-02-17T02:08:13.189Z
sensor.sigen_plant_consumed_power,0.860000,2026-02-17T02:08:18.189Z
sensor.sigen_plant_consumed_power,0.854000,2026-02-17T02:08:23.183Z
sensor.sigen_plant_consumed_power,0.820000,2026-02-17T02:08:28.172Z
sensor.sigen_plant_consumed_power,0.842000,2026-02-17T02:08:33.182Z
sensor.sigen_plant_consumed_power,0.840000,2026-02-17T02:08:38.202Z
sensor.sigen_plant_consumed_power,0.854000,2026-02-17T02:08:43.169Z
sensor.sigen_plant_consumed_power,0.841000,2026-02-17T02:08:48.189Z
sensor.sigen_plant_consumed_power,0.861000,2026-02-17T02:08:53.189Z
sensor.sigen_plant_consumed_power,0.975000,2026-02-17T02:08:58.204Z
sensor.sigen_plant_consumed_power,1.177000,2026-02-17T02:09:03.230Z
sensor.sigen_plant_consumed_power,1.166000,2026-02-17T02:09:08.231Z
sensor.sigen_plant_consumed_power,1.195000,2026-02-17T02:09:13.179Z
sensor.sigen_plant_consumed_power,1.192000,2026-02-17T02:09:18.204Z
sensor.sigen_plant_consumed_power,1.222000,2026-02-17T02:09:23.181Z
sensor.sigen_plant_consumed_power,1.241000,2026-02-17T02:09:28.179Z
sensor.sigen_plant_consumed_power,1.177000,2026-02-17T02:09:33.226Z
sensor.sigen_plant_consumed_power,1.186000,2026-02-17T02:09:38.181Z
sensor.sigen_plant_consumed_power,1.182000,2026-02-17T02:09:43.199Z
sensor.sigen_plant_consumed_power,1.172000,2026-02-17T02:09:48.210Z
sensor.sigen_plant_consumed_power,1.165000,2026-02-17T02:09:53.200Z
sensor.sigen_plant_consumed_power,1.179000,2026-02-17T02:09:58.190Z
sensor.sigen_plant_consumed_power,1.200000,2026-02-17T02:10:03.170Z
sensor.sigen_plant_consumed_power,1.186000,2026-02-17T02:10:08.175Z
sensor.sigen_plant_consumed_power,1.220000,2026-02-17T02:10:13.170Z
sensor.sigen_plant_consumed_power,1.186000,2026-02-17T02:10:18.200Z
sensor.sigen_plant_consumed_power,1.198000,2026-02-17T02:10:23.187Z
sensor.sigen_plant_consumed_power,1.185000,2026-02-17T02:10:28.215Z
sensor.sigen_plant_consumed_power,1.144000,2026-02-17T02:10:33.193Z
sensor.sigen_plant_consumed_power,1.154000,2026-02-17T02:10:38.213Z
sensor.sigen_plant_consumed_power,1.136000,2026-02-17T02:10:48.222Z
sensor.sigen_plant_consumed_power,1.140000,2026-02-17T02:10:53.191Z
sensor.sigen_plant_consumed_power,1.180000,2026-02-17T02:10:58.202Z
sensor.sigen_plant_consumed_power,1.141000,2026-02-17T02:11:03.550Z
sensor.sigen_plant_consumed_power,1.107000,2026-02-17T02:11:08.170Z
sensor.sigen_plant_consumed_power,1.150000,2026-02-17T02:11:13.180Z
sensor.sigen_plant_consumed_power,1.158000,2026-02-17T02:11:18.177Z
sensor.sigen_plant_consumed_power,1.148000,2026-02-17T02:11:23.180Z
sensor.sigen_plant_consumed_power,1.133000,2026-02-17T02:11:28.170Z
sensor.sigen_plant_consumed_power,1.144000,2026-02-17T02:11:33.170Z
sensor.sigen_plant_consumed_power,1.154000,2026-02-17T02:11:43.172Z
sensor.sigen_plant_consumed_power,1.151000,2026-02-17T02:11:48.175Z
sensor.sigen_plant_consumed_power,1.154000,2026-02-17T02:11:53.170Z
sensor.sigen_plant_consumed_power,1.155000,2026-02-17T02:11:58.191Z
sensor.sigen_plant_consumed_power,1.143000,2026-02-17T02:12:03.160Z
sensor.sigen_plant_consumed_power,1.161000,2026-02-17T02:12:08.180Z
sensor.sigen_plant_consumed_power,1.143000,2026-02-17T02:12:13.171Z
sensor.sigen_plant_consumed_power,1.157000,2026-02-17T02:12:18.192Z
sensor.sigen_plant_consumed_power,1.145000,2026-02-17T02:12:23.161Z
sensor.sigen_plant_consumed_power,1.171000,2026-02-17T02:12:28.181Z
sensor.sigen_plant_consumed_power,1.181000,2026-02-17T02:12:33.173Z
sensor.sigen_plant_consumed_power,1.146000,2026-02-17T02:12:38.181Z
sensor.sigen_plant_consumed_power,1.142000,2026-02-17T02:12:43.184Z
sensor.sigen_plant_consumed_power,1.157000,2026-02-17T02:12:48.261Z
sensor.sigen_plant_consumed_power,1.138000,2026-02-17T02:12:53.172Z
sensor.sigen_plant_consumed_power,1.140000,2026-02-17T02:12:58.171Z
sensor.sigen_plant_consumed_power,1.137000,2026-02-17T02:13:03.735Z
sensor.sigen_plant_consumed_power,1.128000,2026-02-17T02:13:08.175Z
sensor.sigen_plant_consumed_power,1.134000,2026-02-17T02:13:13.191Z
sensor.sigen_plant_consumed_power,1.123000,2026-02-17T02:13:18.188Z
sensor.sigen_plant_consumed_power,1.135000,2026-02-17T02:13:23.181Z
sensor.sigen_plant_consumed_power,1.129000,2026-02-17T02:13:28.171Z
sensor.sigen_plant_consumed_power,1.120000,2026-02-17T02:13:33.192Z
sensor.sigen_plant_consumed_power,1.123000,2026-02-17T02:13:38.201Z
sensor.sigen_plant_consumed_power,1.149000,2026-02-17T02:13:43.162Z
sensor.sigen_plant_consumed_power,1.111000,2026-02-17T02:13:48.193Z
sensor.sigen_plant_consumed_power,1.142000,2026-02-17T02:13:53.171Z
sensor.sigen_plant_consumed_power,1.115000,2026-02-17T02:13:58.191Z
sensor.sigen_plant_consumed_power,1.114000,2026-02-17T02:14:03.161Z
sensor.sigen_plant_consumed_power,1.118000,2026-02-17T02:14:08.161Z
sensor.sigen_plant_consumed_power,1.136000,2026-02-17T02:14:13.196Z
sensor.sigen_plant_consumed_power,1.114000,2026-02-17T02:14:18.171Z
sensor.sigen_plant_consumed_power,1.152000,2026-02-17T02:14:23.161Z
sensor.sigen_plant_consumed_power,1.103000,2026-02-17T02:14:28.193Z
sensor.sigen_plant_consumed_power,1.114000,2026-02-17T02:14:33.212Z
sensor.sigen_plant_consumed_power,1.109000,2026-02-17T02:14:38.182Z
sensor.sigen_plant_consumed_power,1.105000,2026-02-17T02:14:43.208Z
sensor.sigen_plant_consumed_power,1.116000,2026-02-17T02:14:48.182Z
sensor.sigen_plant_consumed_power,1.122000,2026-02-17T02:14:53.182Z
sensor.sigen_plant_consumed_power,1.080000,2026-02-17T02:14:58.194Z
sensor.sigen_plant_consumed_power,1.099000,2026-02-17T02:15:03.163Z
sensor.sigen_plant_consumed_power,1.085000,2026-02-17T02:15:08.202Z
sensor.sigen_plant_consumed_power,1.099000,2026-02-17T02:15:13.183Z
sensor.sigen_plant_consumed_power,1.109000,2026-02-17T02:15:18.199Z
sensor.sigen_plant_consumed_power,1.119000,2026-02-17T02:15:23.192Z
sensor.sigen_plant_consumed_power,1.113000,2026-02-17T02:15:28.202Z
sensor.sigen_plant_consumed_power,1.121000,2026-02-17T02:15:33.224Z
sensor.sigen_plant_consumed_power,1.142000,2026-02-17T02:15:38.192Z
sensor.sigen_plant_consumed_power,1.128000,2026-02-17T02:15:41.382Z
sensor.sigen_plant_consumed_power,1.152000,2026-02-17T02:15:46.192Z
sensor.sigen_plant_consumed_power,1.170000,2026-02-17T02:15:51.188Z
sensor.sigen_plant_consumed_power,1.153000,2026-02-17T02:15:56.192Z
sensor.sigen_plant_consumed_power,1.139000,2026-02-17T02:16:01.184Z
sensor.sigen_plant_consumed_power,1.146000,2026-02-17T02:16:06.164Z
sensor.sigen_plant_consumed_power,1.144000,2026-02-17T02:16:11.172Z
sensor.sigen_plant_consumed_power,1.125000,2026-02-17T02:16:16.182Z
sensor.sigen_plant_consumed_power,1.144000,2026-02-17T02:16:21.222Z
sensor.sigen_plant_consumed_power,1.122000,2026-02-17T02:16:26.172Z
sensor.sigen_plant_consumed_power,1.133000,2026-02-17T02:16:31.173Z
sensor.sigen_plant_consumed_power,1.155000,2026-02-17T02:16:36.192Z
sensor.sigen_plant_consumed_power,1.146000,2026-02-17T02:16:41.182Z
sensor.sigen_plant_consumed_power,1.161000,2026-02-17T02:16:46.193Z
sensor.sigen_plant_consumed_power,1.155000,2026-02-17T02:16:51.173Z
sensor.sigen_plant_consumed_power,1.171000,2026-02-17T02:16:56.183Z
sensor.sigen_plant_consumed_power,1.121000,2026-02-17T02:17:01.164Z
sensor.sigen_plant_consumed_power,1.166000,2026-02-17T02:17:06.163Z
sensor.sigen_plant_consumed_power,1.157000,2026-02-17T02:17:11.193Z
sensor.sigen_plant_consumed_power,1.903000,2026-02-17T02:17:16.163Z
sensor.sigen_plant_consumed_power,1.925000,2026-02-17T02:17:21.199Z
sensor.sigen_plant_consumed_power,1.908000,2026-02-17T02:17:26.193Z
sensor.sigen_plant_consumed_power,1.888000,2026-02-17T02:17:31.203Z
sensor.sigen_plant_consumed_power,1.884000,2026-02-17T02:17:36.174Z
sensor.sigen_plant_consumed_power,1.874000,2026-02-17T02:17:41.164Z
sensor.sigen_plant_consumed_power,1.873000,2026-02-17T02:17:46.163Z
sensor.sigen_plant_consumed_power,1.897000,2026-02-17T02:17:51.188Z
sensor.sigen_plant_consumed_power,1.876000,2026-02-17T02:17:56.173Z
sensor.sigen_plant_consumed_power,1.880000,2026-02-17T02:18:01.225Z
sensor.sigen_plant_consumed_power,1.886000,2026-02-17T02:18:06.163Z
sensor.sigen_plant_consumed_power,1.145000,2026-02-17T02:18:11.194Z
sensor.sigen_plant_consumed_power,1.127000,2026-02-17T02:18:16.163Z
sensor.sigen_plant_consumed_power,1.137000,2026-02-17T02:18:21.166Z
sensor.sigen_plant_consumed_power,1.167000,2026-02-17T02:18:26.183Z
sensor.sigen_plant_consumed_power,1.150000,2026-02-17T02:18:31.176Z
sensor.sigen_plant_consumed_power,1.138000,2026-02-17T02:18:36.163Z
sensor.sigen_plant_consumed_power,1.160000,2026-02-17T02:18:41.183Z
sensor.sigen_plant_consumed_power,1.172000,2026-02-17T02:18:46.187Z
sensor.sigen_plant_consumed_power,0.857000,2026-02-17T02:18:51.175Z
sensor.sigen_plant_consumed_power,0.800000,2026-02-17T02:18:56.186Z
sensor.sigen_plant_consumed_power,0.820000,2026-02-17T02:19:01.217Z
sensor.sigen_plant_consumed_power,0.793000,2026-02-17T02:19:07.413Z
sensor.sigen_plant_consumed_power,0.823000,2026-02-17T02:19:12.174Z
sensor.sigen_plant_consumed_power,0.820000,2026-02-17T02:19:17.184Z
sensor.sigen_plant_consumed_power,0.798000,2026-02-17T02:19:22.196Z
sensor.sigen_plant_consumed_power,0.811000,2026-02-17T02:19:27.174Z
sensor.sigen_plant_consumed_power,0.820000,2026-02-17T02:19:32.184Z
sensor.sigen_plant_consumed_power,0.972000,2026-02-17T02:19:37.164Z
sensor.sigen_plant_consumed_power,1.145000,2026-02-17T02:19:42.185Z
sensor.sigen_plant_consumed_power,1.157000,2026-02-17T02:19:47.220Z
sensor.sigen_plant_consumed_power,1.155000,2026-02-17T02:19:52.164Z
sensor.sigen_plant_consumed_power,1.133000,2026-02-17T02:19:57.164Z
sensor.sigen_plant_consumed_power,1.162000,2026-02-17T02:20:02.194Z
sensor.sigen_plant_consumed_power,1.137000,2026-02-17T02:20:07.234Z
sensor.sigen_plant_consumed_power,1.140000,2026-02-17T02:20:12.175Z
sensor.sigen_plant_consumed_power,1.160000,2026-02-17T02:20:17.195Z
sensor.sigen_plant_consumed_power,1.141000,2026-02-17T02:20:22.184Z
sensor.sigen_plant_consumed_power,1.158000,2026-02-17T02:20:27.225Z
sensor.sigen_plant_consumed_power,1.139000,2026-02-17T02:20:32.179Z
sensor.sigen_plant_consumed_power,1.126000,2026-02-17T02:20:35.674Z
sensor.sigen_plant_consumed_power,1.146000,2026-02-17T02:20:40.194Z
sensor.sigen_plant_consumed_power,1.148000,2026-02-17T02:20:45.190Z
sensor.sigen_plant_consumed_power,1.136000,2026-02-17T02:20:50.227Z
sensor.sigen_plant_consumed_power,1.147000,2026-02-17T02:20:55.195Z
sensor.sigen_plant_consumed_power,1.144000,2026-02-17T02:21:00.264Z
sensor.sigen_plant_consumed_power,1.132000,2026-02-17T02:21:05.174Z
sensor.sigen_plant_consumed_power,1.147000,2026-02-17T02:21:10.184Z
sensor.sigen_plant_consumed_power,1.179000,2026-02-17T02:21:15.214Z
sensor.sigen_plant_consumed_power,1.169000,2026-02-17T02:21:20.200Z
sensor.sigen_plant_consumed_power,1.159000,2026-02-17T02:21:25.764Z
sensor.sigen_plant_consumed_power,1.160000,2026-02-17T02:21:30.174Z
sensor.sigen_plant_consumed_power,1.119000,2026-02-17T02:21:40.178Z
sensor.sigen_plant_consumed_power,1.163000,2026-02-17T02:21:45.165Z
sensor.sigen_plant_consumed_power,1.156000,2026-02-17T02:21:50.185Z
sensor.sigen_plant_consumed_power,1.155000,2026-02-17T02:21:55.209Z
sensor.sigen_plant_consumed_power,1.142000,2026-02-17T02:22:00.276Z
sensor.sigen_plant_consumed_power,1.166000,2026-02-17T02:22:05.176Z
sensor.sigen_plant_consumed_power,1.168000,2026-02-17T02:22:10.185Z
sensor.sigen_plant_consumed_power,1.162000,2026-02-17T02:22:15.165Z
sensor.sigen_plant_consumed_power,1.151000,2026-02-17T02:22:20.176Z
sensor.sigen_plant_consumed_power,1.176000,2026-02-17T02:22:25.206Z
sensor.sigen_plant_consumed_power,1.160000,2026-02-17T02:22:30.166Z
sensor.sigen_plant_consumed_power,1.159000,2026-02-17T02:22:35.225Z
sensor.sigen_plant_consumed_power,1.163000,2026-02-17T02:22:40.175Z
sensor.sigen_plant_consumed_power,1.162000,2026-02-17T02:22:45.215Z
sensor.sigen_plant_consumed_power,1.151000,2026-02-17T02:22:50.196Z
sensor.sigen_plant_consumed_power,1.155000,2026-02-17T02:22:55.216Z
sensor.sigen_plant_consumed_power,1.166000,2026-02-17T02:23:00.236Z
sensor.sigen_plant_consumed_power,1.139000,2026-02-17T02:23:05.315Z
sensor.sigen_plant_consumed_power,1.171000,2026-02-17T02:23:10.208Z
sensor.sigen_plant_consumed_power,1.198000,2026-02-17T02:23:15.166Z
sensor.sigen_plant_consumed_power,1.145000,2026-02-17T02:23:20.201Z
sensor.sigen_plant_consumed_power,1.171000,2026-02-17T02:23:25.235Z
sensor.sigen_plant_consumed_power,1.114000,2026-02-17T02:23:30.187Z
sensor.sigen_plant_consumed_power,0.312000,2026-02-17T02:23:35.166Z
sensor.sigen_plant_consumed_power,1.699000,2026-02-17T02:23:40.190Z
sensor.sigen_plant_consumed_power,1.520000,2026-02-17T02:23:45.175Z
sensor.sigen_plant_consumed_power,1.172000,2026-02-17T02:23:50.187Z
sensor.sigen_plant_consumed_power,1.190000,2026-02-17T02:23:55.185Z
sensor.sigen_plant_consumed_power,1.145000,2026-02-17T02:24:00.285Z
sensor.sigen_plant_consumed_power,1.172000,2026-02-17T02:24:05.195Z
sensor.sigen_plant_consumed_power,1.349000,2026-02-17T02:24:10.186Z
sensor.sigen_plant_consumed_power,0.000000,2026-02-17T02:24:15.200Z
sensor.sigen_plant_consumed_power,1.772000,2026-02-17T02:24:20.195Z
sensor.sigen_plant_consumed_power,1.001000,2026-02-17T02:24:25.175Z
sensor.sigen_plant_consumed_power,1.196000,2026-02-17T02:24:30.175Z
sensor.sigen_plant_consumed_power,0.000000,2026-02-17T02:24:35.182Z
sensor.sigen_plant_consumed_power,1.056000,2026-02-17T02:24:40.193Z
sensor.sigen_plant_consumed_power,1.027000,2026-02-17T02:24:45.169Z
sensor.sigen_plant_consumed_power,1.157000,2026-02-17T02:24:50.206Z
sensor.sigen_plant_consumed_power,1.172000,2026-02-17T02:24:55.186Z
sensor.sigen_plant_consumed_power,1.177000,2026-02-17T02:25:00.271Z
sensor.sigen_plant_consumed_power,1.140000,2026-02-17T02:25:05.166Z
sensor.sigen_plant_consumed_power,1.165000,2026-02-17T02:25:10.223Z
sensor.sigen_plant_consumed_power,1.121000,2026-02-17T02:25:15.176Z
sensor.sigen_plant_consumed_power,0.000000,2026-02-17T02:25:20.180Z
sensor.sigen_plant_consumed_power,1.110000,2026-02-17T02:25:25.239Z
sensor.sigen_plant_consumed_power,1.156000,2026-02-17T02:25:30.186Z
sensor.sigen_plant_consumed_power,1.403000,2026-02-17T02:25:35.196Z
sensor.sigen_plant_consumed_power,1.124000,2026-02-17T02:25:40.189Z
sensor.sigen_plant_consumed_power,0.744000,2026-02-17T02:25:43.944Z
sensor.sigen_plant_consumed_power,1.165000,2026-02-17T02:25:49.190Z
sensor.sigen_plant_consumed_power,1.173000,2026-02-17T02:25:54.175Z
sensor.sigen_plant_consumed_power,1.233000,2026-02-17T02:25:59.186Z
sensor.sigen_plant_consumed_power,1.321000,2026-02-17T02:26:04.176Z
sensor.sigen_plant_consumed_power,1.416000,2026-02-17T02:26:09.193Z
sensor.sigen_plant_consumed_power,1.689000,2026-02-17T02:26:14.183Z
sensor.sigen_plant_consumed_power,1.812000,2026-02-17T02:26:19.176Z
sensor.sigen_plant_consumed_power,2.358000,2026-02-17T02:26:24.186Z
sensor.sigen_plant_consumed_power,2.682000,2026-02-17T02:26:29.176Z
sensor.sigen_plant_consumed_power,2.941000,2026-02-17T02:26:34.197Z
sensor.sigen_plant_consumed_power,3.040000,2026-02-17T02:26:39.208Z
sensor.sigen_plant_consumed_power,3.167000,2026-02-17T02:26:44.176Z
sensor.sigen_plant_consumed_power,3.055000,2026-02-17T02:26:49.189Z
sensor.sigen_plant_consumed_power,3.102000,2026-02-17T02:26:54.196Z
sensor.sigen_plant_consumed_power,3.188000,2026-02-17T02:27:04.176Z
sensor.sigen_plant_consumed_power,3.215000,2026-02-17T02:27:09.187Z
sensor.sigen_plant_consumed_power,3.180000,2026-02-17T02:27:14.176Z
sensor.sigen_plant_consumed_power,3.181000,2026-02-17T02:27:19.176Z
sensor.sigen_plant_consumed_power,3.166000,2026-02-17T02:27:24.186Z
sensor.sigen_plant_consumed_power,3.163000,2026-02-17T02:27:29.197Z
sensor.sigen_plant_consumed_power,3.201000,2026-02-17T02:27:34.178Z
sensor.sigen_plant_consumed_power,3.291000,2026-02-17T02:27:39.177Z
sensor.sigen_plant_consumed_power,3.282000,2026-02-17T02:27:44.178Z
sensor.sigen_plant_consumed_power,3.252000,2026-02-17T02:27:49.167Z
sensor.sigen_plant_consumed_power,3.280000,2026-02-17T02:27:54.188Z
sensor.sigen_plant_consumed_power,3.249000,2026-02-17T02:27:59.187Z
sensor.sigen_plant_consumed_power,3.318000,2026-02-17T02:28:04.177Z
sensor.sigen_plant_consumed_power,3.222000,2026-02-17T02:28:09.194Z
sensor.sigen_plant_consumed_power,3.235000,2026-02-17T02:28:14.167Z
sensor.sigen_plant_consumed_power,3.225000,2026-02-17T02:28:19.167Z
sensor.sigen_plant_consumed_power,3.211000,2026-02-17T02:28:24.202Z
sensor.sigen_plant_consumed_power,3.254000,2026-02-17T02:28:29.187Z
sensor.sigen_plant_consumed_power,3.197000,2026-02-17T02:28:34.187Z
sensor.sigen_plant_consumed_power,3.164000,2026-02-17T02:28:39.188Z
sensor.sigen_plant_consumed_power,3.227000,2026-02-17T02:28:44.187Z
sensor.sigen_plant_consumed_power,3.230000,2026-02-17T02:28:49.187Z
sensor.sigen_plant_consumed_power,3.195000,2026-02-17T02:28:54.197Z
sensor.sigen_plant_consumed_power,3.186000,2026-02-17T02:28:59.187Z
sensor.sigen_plant_consumed_power,3.208000,2026-02-17T02:29:04.192Z
sensor.sigen_plant_consumed_power,3.231000,2026-02-17T02:29:09.177Z
sensor.sigen_plant_consumed_power,3.218000,2026-02-17T02:29:14.177Z
sensor.sigen_plant_consumed_power,3.195000,2026-02-17T02:29:19.169Z
sensor.sigen_plant_consumed_power,3.242000,2026-02-17T02:29:24.169Z
sensor.sigen_plant_consumed_power,3.207000,2026-02-17T02:29:29.198Z
sensor.sigen_plant_consumed_power,3.244000,2026-02-17T02:29:34.197Z
sensor.sigen_plant_consumed_power,3.218000,2026-02-17T02:29:39.177Z
sensor.sigen_plant_consumed_power,3.189000,2026-02-17T02:29:44.177Z
sensor.sigen_plant_consumed_power,3.258000,2026-02-17T02:29:49.179Z
sensor.sigen_plant_consumed_power,3.468000,2026-02-17T02:29:54.177Z
sensor.sigen_plant_consumed_power,3.650000,2026-02-17T02:29:59.177Z
sensor.sigen_plant_consumed_power,3.820000,2026-02-17T02:30:04.191Z
sensor.sigen_plant_consumed_power,3.902000,2026-02-17T02:30:09.208Z
sensor.sigen_plant_consumed_power,3.832000,2026-02-17T02:30:14.200Z
sensor.sigen_plant_consumed_power,3.840000,2026-02-17T02:30:24.178Z
sensor.sigen_plant_consumed_power,3.852000,2026-02-17T02:30:29.208Z
sensor.sigen_plant_consumed_power,3.858000,2026-02-17T02:30:34.209Z
sensor.sigen_plant_consumed_power,3.888000,2026-02-17T02:30:39.177Z
sensor.sigen_plant_consumed_power,3.867000,2026-02-17T02:30:41.677Z
sensor.sigen_plant_consumed_power,3.791000,2026-02-17T02:30:46.169Z
sensor.sigen_plant_consumed_power,3.986000,2026-02-17T02:30:51.167Z
sensor.sigen_plant_consumed_power,3.962000,2026-02-17T02:30:56.187Z
sensor.sigen_plant_consumed_power,3.977000,2026-02-17T02:31:01.198Z
sensor.sigen_plant_consumed_power,3.990000,2026-02-17T02:31:06.178Z
sensor.sigen_plant_consumed_power,3.946000,2026-02-17T02:31:11.188Z
sensor.sigen_plant_consumed_power,3.974000,2026-02-17T02:31:16.199Z
sensor.sigen_plant_consumed_power,3.967000,2026-02-17T02:31:21.178Z
sensor.sigen_plant_consumed_power,4.001000,2026-02-17T02:31:26.190Z
sensor.sigen_plant_consumed_power,3.914000,2026-02-17T02:31:31.188Z
sensor.sigen_plant_consumed_power,3.948000,2026-02-17T02:31:36.169Z
sensor.sigen_plant_consumed_power,3.961000,2026-02-17T02:31:41.199Z
sensor.sigen_plant_consumed_power,3.981000,2026-02-17T02:31:46.180Z
sensor.sigen_plant_consumed_power,3.992000,2026-02-17T02:31:51.178Z
sensor.sigen_plant_consumed_power,4.005000,2026-02-17T02:31:56.170Z
sensor.sigen_plant_consumed_power,4.001000,2026-02-17T02:32:01.178Z
sensor.sigen_plant_consumed_power,3.989000,2026-02-17T02:32:06.168Z
sensor.sigen_plant_consumed_power,3.994000,2026-02-17T02:32:11.200Z
sensor.sigen_plant_consumed_power,4.040000,2026-02-17T02:32:16.181Z
sensor.sigen_plant_consumed_power,4.056000,2026-02-17T02:32:21.182Z
sensor.sigen_plant_consumed_power,4.063000,2026-02-17T02:32:26.238Z
sensor.sigen_plant_consumed_power,4.012000,2026-02-17T02:32:31.188Z
sensor.sigen_plant_consumed_power,4.046000,2026-02-17T02:32:36.178Z
sensor.sigen_plant_consumed_power,4.004000,2026-02-17T02:32:41.189Z
sensor.sigen_plant_consumed_power,4.066000,2026-02-17T02:32:46.168Z
sensor.sigen_plant_consumed_power,4.271000,2026-02-17T02:32:51.189Z
sensor.sigen_plant_consumed_power,4.219000,2026-02-17T02:32:56.168Z
sensor.sigen_plant_consumed_power,4.878000,2026-02-17T02:33:01.179Z
sensor.sigen_plant_consumed_power,5.004000,2026-02-17T02:33:06.169Z
sensor.sigen_plant_consumed_power,4.398000,2026-02-17T02:33:11.169Z
sensor.sigen_plant_consumed_power,4.591000,2026-02-17T02:33:16.183Z
sensor.sigen_plant_consumed_power,4.685000,2026-02-17T02:33:21.188Z
sensor.sigen_plant_consumed_power,4.668000,2026-02-17T02:33:26.217Z
sensor.sigen_plant_consumed_power,4.702000,2026-02-17T02:33:31.201Z
sensor.sigen_plant_consumed_power,4.798000,2026-02-17T02:33:36.189Z
sensor.sigen_plant_consumed_power,4.736000,2026-02-17T02:33:41.199Z
sensor.sigen_plant_consumed_power,4.666000,2026-02-17T02:33:46.209Z
sensor.sigen_plant_consumed_power,4.641000,2026-02-17T02:33:51.181Z
sensor.sigen_plant_consumed_power,4.674000,2026-02-17T02:33:56.189Z
sensor.sigen_plant_consumed_power,4.740000,2026-02-17T02:34:01.209Z
sensor.sigen_plant_consumed_power,4.744000,2026-02-17T02:34:06.169Z
sensor.sigen_plant_consumed_power,4.827000,2026-02-17T02:34:11.181Z
sensor.sigen_plant_consumed_power,4.802000,2026-02-17T02:34:16.179Z
sensor.sigen_plant_consumed_power,4.753000,2026-02-17T02:34:21.179Z
sensor.sigen_plant_consumed_power,4.860000,2026-02-17T02:34:26.169Z
sensor.sigen_plant_consumed_power,4.842000,2026-02-17T02:34:31.199Z
sensor.sigen_plant_consumed_power,4.856000,2026-02-17T02:34:36.191Z
sensor.sigen_plant_consumed_power,4.915000,2026-02-17T02:34:41.189Z
sensor.sigen_plant_consumed_power,4.889000,2026-02-17T02:34:46.172Z
sensor.sigen_plant_consumed_power,4.820000,2026-02-17T02:34:51.189Z
sensor.sigen_plant_consumed_power,4.730000,2026-02-17T02:34:56.189Z
sensor.sigen_plant_consumed_power,4.505000,2026-02-17T02:35:01.191Z
sensor.sigen_plant_consumed_power,4.592000,2026-02-17T02:35:06.209Z
sensor.sigen_plant_consumed_power,4.948000,2026-02-17T02:35:11.220Z
sensor.sigen_plant_consumed_power,4.850000,2026-02-17T02:35:16.180Z
sensor.sigen_plant_consumed_power,4.779000,2026-02-17T02:35:21.190Z
sensor.sigen_plant_consumed_power,4.755000,2026-02-17T02:35:26.189Z
sensor.sigen_plant_consumed_power,4.794000,2026-02-17T02:35:31.189Z
sensor.sigen_plant_consumed_power,4.824000,2026-02-17T02:35:36.189Z
sensor.sigen_plant_consumed_power,4.770000,2026-02-17T02:35:41.180Z
sensor.sigen_plant_consumed_power,4.722000,2026-02-17T02:35:46.193Z
sensor.sigen_plant_consumed_power,4.842000,2026-02-17T02:35:51.190Z
sensor.sigen_plant_consumed_power,5.223000,2026-02-17T02:35:56.179Z
sensor.sigen_plant_consumed_power,5.192000,2026-02-17T02:35:57.000Z
sensor.sigen_plant_consumed_power,5.132000,2026-02-17T02:36:02.193Z
sensor.sigen_plant_consumed_power,5.127000,2026-02-17T02:36:07.181Z
sensor.sigen_plant_consumed_power,5.179000,2026-02-17T02:36:12.189Z
sensor.sigen_plant_consumed_power,4.106000,2026-02-17T02:36:17.180Z
sensor.sigen_plant_consumed_power,5.610000,2026-02-17T02:36:22.201Z
sensor.sigen_plant_consumed_power,5.259000,2026-02-17T02:36:27.191Z
sensor.sigen_plant_consumed_power,4.158000,2026-02-17T02:36:32.180Z
sensor.sigen_plant_consumed_power,4.621000,2026-02-17T02:36:37.183Z
sensor.sigen_plant_consumed_power,5.033000,2026-02-17T02:36:42.203Z
sensor.sigen_plant_consumed_power,5.105000,2026-02-17T02:36:47.162Z
sensor.sigen_plant_consumed_power,5.179000,2026-02-17T02:36:52.200Z
sensor.sigen_plant_consumed_power,5.115000,2026-02-17T02:36:57.178Z
sensor.sigen_plant_consumed_power,5.131000,2026-02-17T02:37:02.170Z
sensor.sigen_plant_consumed_power,5.137000,2026-02-17T02:37:07.180Z
sensor.sigen_plant_consumed_power,5.130000,2026-02-17T02:37:12.190Z
sensor.sigen_plant_consumed_power,5.115000,2026-02-17T02:37:17.191Z
sensor.sigen_plant_consumed_power,5.112000,2026-02-17T02:37:22.170Z
sensor.sigen_plant_consumed_power,5.077000,2026-02-17T02:37:27.200Z
sensor.sigen_plant_consumed_power,5.061000,2026-02-17T02:37:32.197Z
sensor.sigen_plant_consumed_power,5.056000,2026-02-17T02:37:37.180Z
sensor.sigen_plant_consumed_power,5.079000,2026-02-17T02:37:42.181Z
sensor.sigen_plant_consumed_power,5.004000,2026-02-17T02:37:47.193Z
sensor.sigen_plant_consumed_power,5.085000,2026-02-17T02:37:52.193Z
sensor.sigen_plant_consumed_power,5.040000,2026-02-17T02:37:57.182Z
sensor.sigen_plant_consumed_power,5.032000,2026-02-17T02:38:02.202Z
sensor.sigen_plant_consumed_power,4.985000,2026-02-17T02:38:07.217Z
sensor.sigen_plant_consumed_power,5.019000,2026-02-17T02:38:12.210Z
sensor.sigen_plant_consumed_power,5.049000,2026-02-17T02:38:17.170Z
sensor.sigen_plant_consumed_power,5.048000,2026-02-17T02:38:22.200Z
sensor.sigen_plant_consumed_power,5.084000,2026-02-17T02:38:27.179Z
sensor.sigen_plant_consumed_power,5.148000,2026-02-17T02:38:32.175Z
sensor.sigen_plant_consumed_power,5.111000,2026-02-17T02:38:37.193Z
sensor.sigen_plant_consumed_power,5.176000,2026-02-17T02:38:42.170Z
sensor.sigen_plant_consumed_power,5.163000,2026-02-17T02:38:47.210Z
sensor.sigen_plant_consumed_power,5.240000,2026-02-17T02:38:52.189Z
sensor.sigen_plant_consumed_power,5.552000,2026-02-17T02:38:57.172Z
sensor.sigen_plant_consumed_power,5.750000,2026-02-17T02:39:02.196Z
sensor.sigen_plant_consumed_power,5.831000,2026-02-17T02:39:07.180Z
sensor.sigen_plant_consumed_power,6.035000,2026-02-17T02:39:12.194Z
sensor.sigen_plant_consumed_power,6.088000,2026-02-17T02:39:17.181Z
sensor.sigen_plant_consumed_power,6.198000,2026-02-17T02:39:22.200Z
sensor.sigen_plant_consumed_power,6.345000,2026-02-17T02:39:27.182Z
sensor.sigen_plant_consumed_power,6.487000,2026-02-17T02:39:32.210Z
sensor.sigen_plant_consumed_power,6.731000,2026-02-17T02:39:37.191Z
sensor.sigen_plant_consumed_power,6.744000,2026-02-17T02:39:42.172Z
sensor.sigen_plant_consumed_power,6.811000,2026-02-17T02:39:47.243Z
sensor.sigen_plant_consumed_power,7.004000,2026-02-17T02:39:52.211Z
sensor.sigen_plant_consumed_power,7.125000,2026-02-17T02:39:57.171Z
sensor.sigen_plant_consumed_power,7.101000,2026-02-17T02:40:02.193Z
sensor.sigen_plant_consumed_power,7.240000,2026-02-17T02:40:07.240Z
sensor.sigen_plant_consumed_power,7.283000,2026-02-17T02:40:12.181Z
sensor.sigen_plant_consumed_power,7.213000,2026-02-17T02:40:17.222Z
sensor.sigen_plant_consumed_power,7.373000,2026-02-17T02:40:22.181Z
sensor.sigen_plant_consumed_power,7.325000,2026-02-17T02:40:25.862Z
sensor.sigen_plant_consumed_power,7.443000,2026-02-17T02:40:30.180Z
sensor.sigen_plant_consumed_power,7.335000,2026-02-17T02:40:35.182Z
sensor.sigen_plant_consumed_power,7.304000,2026-02-17T02:40:40.181Z
sensor.sigen_plant_consumed_power,7.296000,2026-02-17T02:40:45.422Z
sensor.sigen_plant_consumed_power,7.317000,2026-02-17T02:40:50.191Z
sensor.sigen_plant_consumed_power,7.434000,2026-02-17T02:40:55.172Z
sensor.sigen_plant_consumed_power,7.470000,2026-02-17T02:41:00.251Z
sensor.sigen_plant_consumed_power,7.522000,2026-02-17T02:41:05.172Z
sensor.sigen_plant_consumed_power,7.561000,2026-02-17T02:41:10.171Z
sensor.sigen_plant_consumed_power,7.514000,2026-02-17T02:41:15.181Z
sensor.sigen_plant_consumed_power,7.435000,2026-02-17T02:41:20.174Z
sensor.sigen_plant_consumed_power,7.430000,2026-02-17T02:41:25.214Z
sensor.sigen_plant_consumed_power,7.366000,2026-02-17T02:41:30.191Z
sensor.sigen_plant_consumed_power,7.346000,2026-02-17T02:41:35.171Z
sensor.sigen_plant_consumed_power,7.323000,2026-02-17T02:41:40.194Z
sensor.sigen_plant_consumed_power,7.437000,2026-02-17T02:41:45.194Z
sensor.sigen_plant_consumed_power,7.263000,2026-02-17T02:41:50.171Z
sensor.sigen_plant_consumed_power,7.362000,2026-02-17T02:41:55.162Z
sensor.sigen_plant_consumed_power,7.299000,2026-02-17T02:42:00.251Z
sensor.sigen_plant_consumed_power,7.224000,2026-02-17T02:42:05.185Z
sensor.sigen_plant_consumed_power,7.246000,2026-02-17T02:42:10.181Z
sensor.sigen_plant_consumed_power,7.234000,2026-02-17T02:42:15.191Z
sensor.sigen_plant_consumed_power,7.235000,2026-02-17T02:42:20.172Z
sensor.sigen_plant_consumed_power,7.162000,2026-02-17T02:42:25.203Z
sensor.sigen_plant_consumed_power,7.127000,2026-02-17T02:42:30.187Z
sensor.sigen_plant_consumed_power,7.111000,2026-02-17T02:42:35.185Z
sensor.sigen_plant_consumed_power,7.219000,2026-02-17T02:42:40.194Z
sensor.sigen_plant_consumed_power,7.210000,2026-02-17T02:42:45.182Z
sensor.sigen_plant_consumed_power,7.150000,2026-02-17T02:42:50.172Z
sensor.sigen_plant_consumed_power,7.069000,2026-02-17T02:42:55.172Z
sensor.sigen_plant_consumed_power,7.097000,2026-02-17T02:43:00.263Z
sensor.sigen_plant_consumed_power,7.089000,2026-02-17T02:43:05.194Z
sensor.sigen_plant_consumed_power,7.127000,2026-02-17T02:43:10.172Z
sensor.sigen_plant_consumed_power,7.170000,2026-02-17T02:43:15.162Z
sensor.sigen_plant_consumed_power,7.141000,2026-02-17T02:43:20.192Z
sensor.sigen_plant_consumed_power,7.102000,2026-02-17T02:43:25.195Z
sensor.sigen_plant_consumed_power,7.180000,2026-02-17T02:43:30.188Z
sensor.sigen_plant_consumed_power,7.196000,2026-02-17T02:43:35.164Z
sensor.sigen_plant_consumed_power,7.242000,2026-02-17T02:43:40.192Z
sensor.sigen_plant_consumed_power,7.217000,2026-02-17T02:43:45.182Z
sensor.sigen_plant_consumed_power,7.208000,2026-02-17T02:43:50.182Z
sensor.sigen_plant_consumed_power,7.168000,2026-02-17T02:43:55.175Z
sensor.sigen_plant_consumed_power,7.180000,2026-02-17T02:44:00.244Z
sensor.sigen_plant_consumed_power,7.143000,2026-02-17T02:44:05.182Z
sensor.sigen_plant_consumed_power,7.115000,2026-02-17T02:44:10.175Z
sensor.sigen_plant_consumed_power,7.158000,2026-02-17T02:44:15.192Z
sensor.sigen_plant_consumed_power,7.189000,2026-02-17T02:44:20.184Z
sensor.sigen_plant_consumed_power,7.197000,2026-02-17T02:44:25.192Z
sensor.sigen_plant_consumed_power,7.217000,2026-02-17T02:44:30.187Z
sensor.sigen_plant_consumed_power,7.248000,2026-02-17T02:44:35.219Z
sensor.sigen_plant_consumed_power,7.191000,2026-02-17T02:44:40.202Z
sensor.sigen_plant_consumed_power,7.114000,2026-02-17T02:44:45.172Z
sensor.sigen_plant_consumed_power,7.453000,2026-02-17T02:44:50.176Z
sensor.sigen_plant_consumed_power,7.464000,2026-02-17T02:44:55.194Z
sensor.sigen_plant_consumed_power,7.503000,2026-02-17T02:45:00.264Z
sensor.sigen_plant_consumed_power,7.508000,2026-02-17T02:45:05.172Z
sensor.sigen_plant_consumed_power,7.494000,2026-02-17T02:45:10.162Z
sensor.sigen_plant_consumed_power,7.547000,2026-02-17T02:45:15.196Z
sensor.sigen_plant_consumed_power,7.472000,2026-02-17T02:45:20.182Z
sensor.sigen_plant_consumed_power,7.515000,2026-02-17T02:45:25.213Z
sensor.sigen_plant_consumed_power,7.478000,2026-02-17T02:45:30.194Z
sensor.sigen_plant_consumed_power,7.489000,2026-02-17T02:45:35.163Z
sensor.sigen_plant_consumed_power,7.493000,2026-02-17T02:45:40.163Z
sensor.sigen_plant_consumed_power,7.438000,2026-02-17T02:45:43.951Z
sensor.sigen_plant_consumed_power,7.230000,2026-02-17T02:45:49.175Z
sensor.sigen_plant_consumed_power,7.276000,2026-02-17T02:45:54.197Z
sensor.sigen_plant_consumed_power,7.233000,2026-02-17T02:45:59.248Z
sensor.sigen_plant_consumed_power,7.160000,2026-02-17T02:46:04.197Z
sensor.sigen_plant_consumed_power,7.182000,2026-02-17T02:46:09.172Z
sensor.sigen_plant_consumed_power,7.228000,2026-02-17T02:46:14.194Z
sensor.sigen_plant_consumed_power,7.244000,2026-02-17T02:46:19.193Z
sensor.sigen_plant_consumed_power,7.058000,2026-02-17T02:46:24.183Z
sensor.sigen_plant_consumed_power,7.182000,2026-02-17T02:46:29.164Z
sensor.sigen_plant_consumed_power,7.082000,2026-02-17T02:46:34.184Z
sensor.sigen_plant_consumed_power,7.246000,2026-02-17T02:46:39.233Z
sensor.sigen_plant_consumed_power,6.837000,2026-02-17T02:46:44.174Z
sensor.sigen_plant_consumed_power,7.155000,2026-02-17T02:46:49.183Z
sensor.sigen_plant_consumed_power,7.167000,2026-02-17T02:46:54.183Z
sensor.sigen_plant_consumed_power,7.191000,2026-02-17T02:46:59.213Z
sensor.sigen_plant_consumed_power,6.995000,2026-02-17T02:47:04.209Z
sensor.sigen_plant_consumed_power,7.135000,2026-02-17T02:47:09.203Z
sensor.sigen_plant_consumed_power,8.160000,2026-02-17T02:47:14.183Z
sensor.sigen_plant_consumed_power,6.536000,2026-02-17T02:47:19.213Z
sensor.sigen_plant_consumed_power,5.736000,2026-02-17T02:47:24.173Z
sensor.sigen_plant_consumed_power,7.251000,2026-02-17T02:47:29.173Z
sensor.sigen_plant_consumed_power,7.150000,2026-02-17T02:47:34.213Z
sensor.sigen_plant_consumed_power,7.291000,2026-02-17T02:47:39.173Z
sensor.sigen_plant_consumed_power,7.383000,2026-02-17T02:47:44.186Z
sensor.sigen_plant_consumed_power,7.248000,2026-02-17T02:47:49.183Z
sensor.sigen_plant_consumed_power,7.309000,2026-02-17T02:47:54.171Z
sensor.sigen_plant_consumed_power,7.146000,2026-02-17T02:47:59.173Z
sensor.sigen_plant_consumed_power,7.232000,2026-02-17T02:48:04.183Z
sensor.sigen_plant_consumed_power,7.286000,2026-02-17T02:48:09.183Z
sensor.sigen_plant_consumed_power,7.292000,2026-02-17T02:48:14.193Z
sensor.sigen_plant_consumed_power,7.340000,2026-02-17T02:48:19.170Z
sensor.sigen_plant_consumed_power,7.350000,2026-02-17T02:48:24.177Z
sensor.sigen_plant_consumed_power,7.270000,2026-02-17T02:48:29.173Z
sensor.sigen_plant_consumed_power,7.285000,2026-02-17T02:48:34.205Z
sensor.sigen_plant_consumed_power,7.242000,2026-02-17T02:48:39.196Z
sensor.sigen_plant_consumed_power,7.250000,2026-02-17T02:48:44.174Z
sensor.sigen_plant_consumed_power,7.246000,2026-02-17T02:48:49.193Z
sensor.sigen_plant_consumed_power,7.284000,2026-02-17T02:48:54.176Z
sensor.sigen_plant_consumed_power,7.197000,2026-02-17T02:48:59.175Z
sensor.sigen_plant_consumed_power,7.276000,2026-02-17T02:49:04.244Z
sensor.sigen_plant_consumed_power,7.238000,2026-02-17T02:49:09.173Z
sensor.sigen_plant_consumed_power,7.224000,2026-02-17T02:49:14.223Z
sensor.sigen_plant_consumed_power,7.258000,2026-02-17T02:49:19.175Z
sensor.sigen_plant_consumed_power,7.260000,2026-02-17T02:49:24.215Z
sensor.sigen_plant_consumed_power,7.261000,2026-02-17T02:49:29.186Z
sensor.sigen_plant_consumed_power,7.240000,2026-02-17T02:49:34.235Z
sensor.sigen_plant_consumed_power,7.278000,2026-02-17T02:49:39.195Z
sensor.sigen_plant_consumed_power,7.192000,2026-02-17T02:49:44.204Z
sensor.sigen_plant_consumed_power,7.280000,2026-02-17T02:49:49.183Z
sensor.sigen_plant_consumed_power,7.338000,2026-02-17T02:49:54.179Z
sensor.sigen_plant_consumed_power,7.282000,2026-02-17T02:49:59.184Z
sensor.sigen_plant_consumed_power,7.175000,2026-02-17T02:50:04.174Z
sensor.sigen_plant_consumed_power,7.262000,2026-02-17T02:50:09.184Z
sensor.sigen_plant_consumed_power,7.210000,2026-02-17T02:50:14.194Z
sensor.sigen_plant_consumed_power,7.238000,2026-02-17T02:50:19.176Z
sensor.sigen_plant_consumed_power,7.394000,2026-02-17T02:50:24.174Z
sensor.sigen_plant_consumed_power,7.311000,2026-02-17T02:50:29.236Z
sensor.sigen_plant_consumed_power,7.326000,2026-02-17T02:50:34.163Z
sensor.sigen_plant_consumed_power,7.417000,2026-02-17T02:50:37.708Z
sensor.sigen_plant_consumed_power,7.236000,2026-02-17T02:50:42.195Z
sensor.sigen_plant_consumed_power,7.532000,2026-02-17T02:50:47.196Z
sensor.sigen_plant_consumed_power,7.525000,2026-02-17T02:50:52.173Z
sensor.sigen_plant_consumed_power,7.474000,2026-02-17T02:50:57.186Z
sensor.sigen_plant_consumed_power,7.881000,2026-02-17T02:51:02.178Z
sensor.sigen_plant_consumed_power,7.510000,2026-02-17T02:51:07.198Z
sensor.sigen_plant_consumed_power,7.421000,2026-02-17T02:51:12.185Z
sensor.sigen_plant_consumed_power,7.469000,2026-02-17T02:51:17.174Z
sensor.sigen_plant_consumed_power,7.399000,2026-02-17T02:51:22.185Z
sensor.sigen_plant_consumed_power,6.662000,2026-02-17T02:51:27.177Z
sensor.sigen_plant_consumed_power,7.295000,2026-02-17T02:51:32.175Z
sensor.sigen_plant_consumed_power,7.544000,2026-02-17T02:51:37.174Z
sensor.sigen_plant_consumed_power,7.266000,2026-02-17T02:51:42.187Z
sensor.sigen_plant_consumed_power,7.290000,2026-02-17T02:51:47.174Z
sensor.sigen_plant_consumed_power,7.273000,2026-02-17T02:51:52.175Z
sensor.sigen_plant_consumed_power,7.264000,2026-02-17T02:51:57.182Z
sensor.sigen_plant_consumed_power,7.256000,2026-02-17T02:52:02.178Z
sensor.sigen_plant_consumed_power,6.829000,2026-02-17T02:52:07.176Z
sensor.sigen_plant_consumed_power,7.370000,2026-02-17T02:52:12.174Z
sensor.sigen_plant_consumed_power,7.405000,2026-02-17T02:52:17.164Z
sensor.sigen_plant_consumed_power,7.602000,2026-02-17T02:52:22.174Z
sensor.sigen_plant_consumed_power,7.284000,2026-02-17T02:52:27.204Z
sensor.sigen_plant_consumed_power,7.271000,2026-02-17T02:52:32.176Z
sensor.sigen_plant_consumed_power,7.322000,2026-02-17T02:52:37.231Z
sensor.sigen_plant_consumed_power,7.346000,2026-02-17T02:52:42.174Z
sensor.sigen_plant_consumed_power,7.721000,2026-02-17T02:52:47.206Z
sensor.sigen_plant_consumed_power,7.466000,2026-02-17T02:52:52.165Z
sensor.sigen_plant_consumed_power,7.669000,2026-02-17T02:52:57.191Z
sensor.sigen_plant_consumed_power,7.479000,2026-02-17T02:53:02.176Z
sensor.sigen_plant_consumed_power,6.712000,2026-02-17T02:53:07.718Z
sensor.sigen_plant_consumed_power,7.678000,2026-02-17T02:53:12.164Z
sensor.sigen_plant_consumed_power,7.668000,2026-02-17T02:53:17.214Z
sensor.sigen_plant_consumed_power,7.586000,2026-02-17T02:53:22.177Z
sensor.sigen_plant_consumed_power,7.555000,2026-02-17T02:53:27.195Z
sensor.sigen_plant_consumed_power,7.612000,2026-02-17T02:53:32.196Z
sensor.sigen_plant_consumed_power,7.692000,2026-02-17T02:53:37.186Z
sensor.sigen_plant_consumed_power,7.680000,2026-02-17T02:53:42.195Z
sensor.sigen_plant_consumed_power,7.710000,2026-02-17T02:53:47.195Z
sensor.sigen_plant_consumed_power,7.757000,2026-02-17T02:53:52.198Z
sensor.sigen_plant_consumed_power,7.749000,2026-02-17T02:53:57.182Z
sensor.sigen_plant_consumed_power,7.793000,2026-02-17T02:54:02.169Z
sensor.sigen_plant_consumed_power,7.746000,2026-02-17T02:54:07.185Z
sensor.sigen_plant_consumed_power,7.773000,2026-02-17T02:54:12.166Z
sensor.sigen_plant_consumed_power,7.822000,2026-02-17T02:54:17.175Z
sensor.sigen_plant_consumed_power,7.610000,2026-02-17T02:54:22.166Z
sensor.sigen_plant_consumed_power,7.709000,2026-02-17T02:54:27.166Z
sensor.sigen_plant_consumed_power,7.649000,2026-02-17T02:54:32.185Z
sensor.sigen_plant_consumed_power,7.711000,2026-02-17T02:54:37.185Z
sensor.sigen_plant_consumed_power,7.709000,2026-02-17T02:54:42.176Z
sensor.sigen_plant_consumed_power,8.208000,2026-02-17T02:54:47.195Z
sensor.sigen_plant_consumed_power,7.652000,2026-02-17T02:54:52.171Z
sensor.sigen_plant_consumed_power,7.528000,2026-02-17T02:54:57.176Z
sensor.sigen_plant_consumed_power,7.662000,2026-02-17T02:55:02.212Z
sensor.sigen_plant_consumed_power,7.701000,2026-02-17T02:55:08.282Z
sensor.sigen_plant_consumed_power,7.713000,2026-02-17T02:55:13.190Z
sensor.sigen_plant_consumed_power,7.704000,2026-02-17T02:55:18.165Z
sensor.sigen_plant_consumed_power,7.608000,2026-02-17T02:55:23.176Z
sensor.sigen_plant_consumed_power,7.626000,2026-02-17T02:55:28.206Z
sensor.sigen_plant_consumed_power,7.588000,2026-02-17T02:55:33.198Z
sensor.sigen_plant_consumed_power,7.639000,2026-02-17T02:55:38.165Z
sensor.sigen_plant_consumed_power,7.611000,2026-02-17T02:55:43.177Z
sensor.sigen_plant_consumed_power,7.556000,2026-02-17T02:55:48.166Z
sensor.sigen_plant_consumed_power,7.536000,2026-02-17T02:55:53.185Z
sensor.sigen_plant_consumed_power,7.241000,2026-02-17T02:55:58.187Z
sensor.sigen_plant_consumed_power,7.349000,2026-02-17T02:56:02.661Z
sensor.sigen_plant_consumed_power,7.367000,2026-02-17T02:56:08.466Z
sensor.sigen_plant_consumed_power,7.202000,2026-02-17T02:56:13.205Z
sensor.sigen_plant_consumed_power,7.239000,2026-02-17T02:56:18.199Z
sensor.sigen_plant_consumed_power,7.223000,2026-02-17T02:56:23.184Z
sensor.sigen_plant_consumed_power,7.273000,2026-02-17T02:56:28.185Z
sensor.sigen_plant_consumed_power,7.165000,2026-02-17T02:56:33.175Z
sensor.sigen_plant_consumed_power,7.172000,2026-02-17T02:56:38.175Z
sensor.sigen_plant_consumed_power,7.132000,2026-02-17T02:56:43.172Z
sensor.sigen_plant_consumed_power,7.149000,2026-02-17T02:56:48.175Z
sensor.sigen_plant_consumed_power,7.171000,2026-02-17T02:56:53.195Z
sensor.sigen_plant_consumed_power,7.185000,2026-02-17T02:56:58.185Z
sensor.sigen_plant_consumed_power,7.186000,2026-02-17T02:57:03.176Z
sensor.sigen_plant_consumed_power,7.108000,2026-02-17T02:57:09.337Z
sensor.sigen_plant_consumed_power,7.277000,2026-02-17T02:57:14.227Z
sensor.sigen_plant_consumed_power,7.724000,2026-02-17T02:57:19.176Z
sensor.sigen_plant_consumed_power,6.766000,2026-02-17T02:57:24.197Z
sensor.sigen_plant_consumed_power,7.565000,2026-02-17T02:57:29.177Z
sensor.sigen_plant_consumed_power,7.557000,2026-02-17T02:57:34.188Z
sensor.sigen_plant_consumed_power,7.774000,2026-02-17T02:57:39.176Z
sensor.sigen_plant_consumed_power,7.441000,2026-02-17T02:57:44.189Z
sensor.sigen_plant_consumed_power,7.372000,2026-02-17T02:57:49.186Z
sensor.sigen_plant_consumed_power,7.389000,2026-02-17T02:57:54.187Z
sensor.sigen_plant_consumed_power,7.428000,2026-02-17T02:57:59.177Z
sensor.sigen_plant_consumed_power,7.465000,2026-02-17T02:58:04.206Z
sensor.sigen_plant_consumed_power,7.526000,2026-02-17T02:58:09.206Z
sensor.sigen_plant_consumed_power,7.534000,2026-02-17T02:58:14.188Z
sensor.sigen_plant_consumed_power,4.977000,2026-02-17T02:58:19.196Z
sensor.sigen_plant_consumed_power,7.455000,2026-02-17T02:58:24.196Z
sensor.sigen_plant_consumed_power,7.482000,2026-02-17T02:58:29.186Z
sensor.sigen_plant_consumed_power,7.486000,2026-02-17T02:58:34.191Z
sensor.sigen_plant_consumed_power,7.503000,2026-02-17T02:58:39.176Z
sensor.sigen_plant_consumed_power,7.682000,2026-02-17T02:58:44.286Z
sensor.sigen_plant_consumed_power,7.572000,2026-02-17T02:58:49.199Z
sensor.sigen_plant_consumed_power,7.672000,2026-02-17T02:58:54.188Z
sensor.sigen_plant_consumed_power,7.631000,2026-02-17T02:58:59.176Z
sensor.sigen_plant_consumed_power,7.514000,2026-02-17T02:59:04.199Z
sensor.sigen_plant_consumed_power,7.456000,2026-02-17T02:59:09.176Z
sensor.sigen_plant_consumed_power,7.439000,2026-02-17T02:59:14.178Z
sensor.sigen_plant_consumed_power,7.527000,2026-02-17T02:59:19.186Z
sensor.sigen_plant_consumed_power,7.473000,2026-02-17T02:59:24.189Z
sensor.sigen_plant_consumed_power,7.458000,2026-02-17T02:59:29.186Z
sensor.sigen_plant_consumed_power,7.569000,2026-02-17T02:59:34.178Z
sensor.sigen_plant_consumed_power,7.588000,2026-02-17T02:59:39.186Z
sensor.sigen_plant_consumed_power,7.401000,2026-02-17T02:59:44.188Z
sensor.sigen_plant_consumed_power,7.410000,2026-02-17T02:59:49.216Z
sensor.sigen_plant_consumed_power,7.448000,2026-02-17T02:59:54.179Z
sensor.sigen_plant_consumed_power,7.525000,2026-02-17T02:59:59.180Z
sensor.sigen_plant_consumed_power,7.422000,2026-02-17T03:00:04.197Z
sensor.sigen_plant_consumed_power,7.434000,2026-02-17T03:00:09.170Z
sensor.sigen_plant_consumed_power,7.310000,2026-02-17T03:00:14.177Z
sensor.sigen_plant_consumed_power,7.387000,2026-02-17T03:00:19.177Z
sensor.sigen_plant_consumed_power,7.460000,2026-02-17T03:00:24.186Z
sensor.sigen_plant_consumed_power,7.373000,2026-02-17T03:00:29.179Z
sensor.sigen_plant_consumed_power,6.905000,2026-02-17T03:00:34.194Z
sensor.sigen_plant_consumed_power,6.928000,2026-02-17T03:00:40.569Z
sensor.sigen_plant_consumed_power,6.933000,2026-02-17T03:00:45.186Z
sensor.sigen_plant_consumed_power,6.864000,2026-02-17T03:00:50.187Z
sensor.sigen_plant_consumed_power,6.904000,2026-02-17T03:00:55.178Z
sensor.sigen_plant_consumed_power,6.861000,2026-02-17T03:01:00.218Z
sensor.sigen_plant_consumed_power,6.903000,2026-02-17T03:01:05.188Z
sensor.sigen_plant_consumed_power,6.874000,2026-02-17T03:01:10.207Z
sensor.sigen_plant_consumed_power,6.937000,2026-02-17T03:01:15.178Z
sensor.sigen_plant_consumed_power,6.958000,2026-02-17T03:01:20.197Z
sensor.sigen_plant_consumed_power,7.089000,2026-02-17T03:01:25.192Z
sensor.sigen_plant_consumed_power,6.947000,2026-02-17T03:01:30.177Z
sensor.sigen_plant_consumed_power,7.032000,2026-02-17T03:01:35.198Z
sensor.sigen_plant_consumed_power,7.027000,2026-02-17T03:01:40.197Z
sensor.sigen_plant_consumed_power,7.097000,2026-02-17T03:01:45.177Z
sensor.sigen_plant_consumed_power,7.058000,2026-02-17T03:01:50.168Z
sensor.sigen_plant_consumed_power,7.084000,2026-02-17T03:01:55.167Z
sensor.sigen_plant_consumed_power,6.920000,2026-02-17T03:02:00.257Z
sensor.sigen_plant_consumed_power,6.919000,2026-02-17T03:02:05.177Z
sensor.sigen_plant_consumed_power,6.951000,2026-02-17T03:02:10.197Z
sensor.sigen_plant_consumed_power,6.985000,2026-02-17T03:02:15.199Z
sensor.sigen_plant_consumed_power,7.011000,2026-02-17T03:02:20.187Z
sensor.sigen_plant_consumed_power,7.005000,2026-02-17T03:02:25.209Z
sensor.sigen_plant_consumed_power,7.043000,2026-02-17T03:02:30.187Z
sensor.sigen_plant_consumed_power,7.013000,2026-02-17T03:02:35.211Z
sensor.sigen_plant_consumed_power,7.112000,2026-02-17T03:02:40.188Z
sensor.sigen_plant_consumed_power,7.031000,2026-02-17T03:02:45.187Z
sensor.sigen_plant_consumed_power,7.025000,2026-02-17T03:02:50.168Z
sensor.sigen_plant_consumed_power,6.982000,2026-02-17T03:02:55.209Z
sensor.sigen_plant_consumed_power,7.036000,2026-02-17T03:03:00.279Z
sensor.sigen_plant_consumed_power,7.039000,2026-02-17T03:03:05.168Z
sensor.sigen_plant_consumed_power,7.081000,2026-02-17T03:03:10.189Z
sensor.sigen_plant_consumed_power,7.036000,2026-02-17T03:03:15.199Z
sensor.sigen_plant_consumed_power,6.841000,2026-02-17T03:03:20.178Z
sensor.sigen_plant_consumed_power,6.859000,2026-02-17T03:03:25.206Z
sensor.sigen_plant_consumed_power,6.969000,2026-02-17T03:03:30.200Z
sensor.sigen_plant_consumed_power,6.921000,2026-02-17T03:03:35.208Z
sensor.sigen_plant_consumed_power,6.915000,2026-02-17T03:03:40.178Z
sensor.sigen_plant_consumed_power,7.052000,2026-02-17T03:03:45.175Z
sensor.sigen_plant_consumed_power,6.772000,2026-02-17T03:03:50.180Z
sensor.sigen_plant_consumed_power,6.700000,2026-02-17T03:03:55.204Z
sensor.sigen_plant_consumed_power,6.740000,2026-02-17T03:04:00.258Z
sensor.sigen_plant_consumed_power,6.791000,2026-02-17T03:04:05.198Z
sensor.sigen_plant_consumed_power,6.810000,2026-02-17T03:04:10.179Z
sensor.sigen_plant_consumed_power,6.819000,2026-02-17T03:04:15.183Z
sensor.sigen_plant_consumed_power,6.930000,2026-02-17T03:04:20.168Z
sensor.sigen_plant_consumed_power,7.137000,2026-02-17T03:04:25.198Z
sensor.sigen_plant_consumed_power,6.908000,2026-02-17T03:04:30.178Z
sensor.sigen_plant_consumed_power,7.226000,2026-02-17T03:04:35.168Z
sensor.sigen_plant_consumed_power,7.225000,2026-02-17T03:04:40.188Z
sensor.sigen_plant_consumed_power,7.280000,2026-02-17T03:04:45.179Z
sensor.sigen_plant_consumed_power,7.380000,2026-02-17T03:04:50.169Z
sensor.sigen_plant_consumed_power,7.295000,2026-02-17T03:04:55.180Z
sensor.sigen_plant_consumed_power,7.243000,2026-02-17T03:05:00.279Z
sensor.sigen_plant_consumed_power,7.110000,2026-02-17T03:05:05.189Z
sensor.sigen_plant_consumed_power,7.230000,2026-02-17T03:05:10.210Z
sensor.sigen_plant_consumed_power,7.110000,2026-02-17T03:05:15.170Z
sensor.sigen_plant_consumed_power,7.101000,2026-02-17T03:05:20.191Z
sensor.sigen_plant_consumed_power,7.153000,2026-02-17T03:05:25.258Z
sensor.sigen_plant_consumed_power,7.063000,2026-02-17T03:05:30.191Z
sensor.sigen_plant_consumed_power,7.079000,2026-02-17T03:05:34.928Z
sensor.sigen_plant_consumed_power,1.165000,2026-02-17T03:05:40.171Z
sensor.sigen_plant_consumed_power,7.138000,2026-02-17T03:05:45.167Z
sensor.sigen_plant_consumed_power,7.230000,2026-02-17T03:05:50.188Z
sensor.sigen_plant_consumed_power,7.104000,2026-02-17T03:05:55.188Z
sensor.sigen_plant_consumed_power,7.071000,2026-02-17T03:06:00.268Z
sensor.sigen_plant_consumed_power,7.097000,2026-02-17T03:06:05.179Z
sensor.sigen_plant_consumed_power,7.070000,2026-02-17T03:06:10.188Z
sensor.sigen_plant_consumed_power,7.157000,2026-02-17T03:06:15.169Z
sensor.sigen_plant_consumed_power,7.780000,2026-02-17T03:06:20.201Z
sensor.sigen_plant_consumed_power,7.117000,2026-02-17T03:06:25.189Z
sensor.sigen_plant_consumed_power,7.301000,2026-02-17T03:06:30.230Z
sensor.sigen_plant_consumed_power,7.257000,2026-02-17T03:06:35.190Z
sensor.sigen_plant_consumed_power,7.306000,2026-02-17T03:06:40.229Z
sensor.sigen_plant_consumed_power,7.324000,2026-02-17T03:06:45.179Z
sensor.sigen_plant_consumed_power,7.487000,2026-02-17T03:06:50.229Z
sensor.sigen_plant_consumed_power,7.302000,2026-02-17T03:06:55.170Z
sensor.sigen_plant_consumed_power,7.367000,2026-02-17T03:07:00.380Z
sensor.sigen_plant_consumed_power,7.291000,2026-02-17T03:07:05.169Z
sensor.sigen_plant_consumed_power,7.399000,2026-02-17T03:07:10.170Z
sensor.sigen_plant_consumed_power,7.293000,2026-02-17T03:07:15.181Z
sensor.sigen_plant_consumed_power,7.349000,2026-02-17T03:07:20.169Z
sensor.sigen_plant_consumed_power,7.204000,2026-02-17T03:07:25.189Z
sensor.sigen_plant_consumed_power,7.176000,2026-02-17T03:07:30.179Z
sensor.sigen_plant_consumed_power,7.335000,2026-02-17T03:07:35.170Z
sensor.sigen_plant_consumed_power,7.269000,2026-02-17T03:07:40.173Z
sensor.sigen_plant_consumed_power,7.327000,2026-02-17T03:07:45.192Z
sensor.sigen_plant_consumed_power,7.262000,2026-02-17T03:07:50.199Z
sensor.sigen_plant_consumed_power,7.246000,2026-02-17T03:07:55.189Z
sensor.sigen_plant_consumed_power,7.061000,2026-02-17T03:08:00.265Z
sensor.sigen_plant_consumed_power,6.978000,2026-02-17T03:08:05.174Z
sensor.sigen_plant_consumed_power,7.163000,2026-02-17T03:08:10.169Z
sensor.sigen_plant_consumed_power,7.031000,2026-02-17T03:08:15.171Z
sensor.sigen_plant_consumed_power,7.045000,2026-02-17T03:08:20.199Z
sensor.sigen_plant_consumed_power,7.037000,2026-02-17T03:08:25.170Z
sensor.sigen_plant_consumed_power,7.027000,2026-02-17T03:08:30.221Z
sensor.sigen_plant_consumed_power,6.956000,2026-02-17T03:08:35.172Z
sensor.sigen_plant_consumed_power,6.882000,2026-02-17T03:08:40.184Z
sensor.sigen_plant_consumed_power,6.881000,2026-02-17T03:08:45.189Z
sensor.sigen_plant_consumed_power,6.944000,2026-02-17T03:08:50.179Z
sensor.sigen_plant_consumed_power,7.000000,2026-02-17T03:08:55.170Z
sensor.sigen_plant_consumed_power,6.875000,2026-02-17T03:09:00.251Z
sensor.sigen_plant_consumed_power,6.847000,2026-02-17T03:09:05.191Z
sensor.sigen_plant_consumed_power,6.936000,2026-02-17T03:09:10.179Z
sensor.sigen_plant_consumed_power,6.937000,2026-02-17T03:09:15.189Z
sensor.sigen_plant_consumed_power,7.022000,2026-02-17T03:09:20.237Z
sensor.sigen_plant_consumed_power,7.015000,2026-02-17T03:09:25.192Z
sensor.sigen_plant_consumed_power,6.990000,2026-02-17T03:09:30.191Z
sensor.sigen_plant_consumed_power,6.953000,2026-02-17T03:09:35.202Z
sensor.sigen_plant_consumed_power,7.038000,2026-02-17T03:09:40.198Z
sensor.sigen_plant_consumed_power,7.116000,2026-02-17T03:09:45.217Z
sensor.sigen_plant_consumed_power,7.025000,2026-02-17T03:09:50.190Z
sensor.sigen_plant_consumed_power,6.959000,2026-02-17T03:09:55.190Z
sensor.sigen_plant_consumed_power,7.041000,2026-02-17T03:10:00.260Z
sensor.sigen_plant_consumed_power,6.954000,2026-02-17T03:10:05.170Z
sensor.sigen_plant_consumed_power,7.009000,2026-02-17T03:10:10.213Z
sensor.sigen_plant_consumed_power,7.002000,2026-02-17T03:10:15.262Z
sensor.sigen_plant_consumed_power,7.021000,2026-02-17T03:10:20.220Z
sensor.sigen_plant_consumed_power,7.027000,2026-02-17T03:10:25.192Z
sensor.sigen_plant_consumed_power,6.967000,2026-02-17T03:10:30.239Z
sensor.sigen_plant_consumed_power,7.034000,2026-02-17T03:10:32.960Z
sensor.sigen_plant_consumed_power,7.168000,2026-02-17T03:10:38.170Z
sensor.sigen_plant_consumed_power,7.087000,2026-02-17T03:10:43.191Z
sensor.sigen_plant_consumed_power,7.187000,2026-02-17T03:10:48.186Z
sensor.sigen_plant_consumed_power,7.079000,2026-02-17T03:10:53.206Z
sensor.sigen_plant_consumed_power,7.134000,2026-02-17T03:10:58.182Z
sensor.sigen_plant_consumed_power,7.197000,2026-02-17T03:11:01.410Z
sensor.sigen_plant_consumed_power,7.176000,2026-02-17T03:11:06.170Z
sensor.sigen_plant_consumed_power,7.053000,2026-02-17T03:11:11.192Z
sensor.sigen_plant_consumed_power,7.195000,2026-02-17T03:11:16.170Z
sensor.sigen_plant_consumed_power,7.341000,2026-02-17T03:11:21.171Z
sensor.sigen_plant_consumed_power,7.277000,2026-02-17T03:11:26.175Z
sensor.sigen_plant_consumed_power,7.222000,2026-02-17T03:11:31.170Z
sensor.sigen_plant_consumed_power,7.226000,2026-02-17T03:11:36.201Z
sensor.sigen_plant_consumed_power,7.220000,2026-02-17T03:11:41.210Z
sensor.sigen_plant_consumed_power,7.263000,2026-02-17T03:11:46.180Z
sensor.sigen_plant_consumed_power,7.264000,2026-02-17T03:11:51.179Z
sensor.sigen_plant_consumed_power,7.247000,2026-02-17T03:11:56.170Z
sensor.sigen_plant_consumed_power,7.144000,2026-02-17T03:12:01.181Z
sensor.sigen_plant_consumed_power,7.153000,2026-02-17T03:12:06.170Z
sensor.sigen_plant_consumed_power,7.221000,2026-02-17T03:12:11.203Z
sensor.sigen_plant_consumed_power,7.192000,2026-02-17T03:12:16.161Z
sensor.sigen_plant_consumed_power,7.139000,2026-02-17T03:12:21.192Z
sensor.sigen_plant_consumed_power,7.157000,2026-02-17T03:12:26.181Z
sensor.sigen_plant_consumed_power,7.191000,2026-02-17T03:12:31.172Z
sensor.sigen_plant_consumed_power,7.185000,2026-02-17T03:12:36.192Z
sensor.sigen_plant_consumed_power,7.145000,2026-02-17T03:12:41.182Z
sensor.sigen_plant_consumed_power,7.133000,2026-02-17T03:12:46.171Z
sensor.sigen_plant_consumed_power,7.137000,2026-02-17T03:12:51.162Z
sensor.sigen_plant_consumed_power,7.114000,2026-02-17T03:12:56.192Z
sensor.sigen_plant_consumed_power,7.170000,2026-02-17T03:13:01.192Z
sensor.sigen_plant_consumed_power,7.155000,2026-02-17T03:13:06.191Z
sensor.sigen_plant_consumed_power,7.160000,2026-02-17T03:13:11.171Z
sensor.sigen_plant_consumed_power,7.189000,2026-02-17T03:13:16.181Z
sensor.sigen_plant_consumed_power,7.283000,2026-02-17T03:13:21.172Z
sensor.sigen_plant_consumed_power,7.220000,2026-02-17T03:13:26.222Z
sensor.sigen_plant_consumed_power,7.272000,2026-02-17T03:13:31.201Z
sensor.sigen_plant_consumed_power,7.282000,2026-02-17T03:13:36.171Z
sensor.sigen_plant_consumed_power,7.320000,2026-02-17T03:13:41.161Z
sensor.sigen_plant_consumed_power,7.260000,2026-02-17T03:13:46.172Z
sensor.sigen_plant_consumed_power,7.186000,2026-02-17T03:13:51.172Z
sensor.sigen_plant_consumed_power,7.257000,2026-02-17T03:13:56.162Z
sensor.sigen_plant_consumed_power,7.196000,2026-02-17T03:14:01.171Z
sensor.sigen_plant_consumed_power,7.115000,2026-02-17T03:14:06.193Z
sensor.sigen_plant_consumed_power,7.061000,2026-02-17T03:14:11.174Z
sensor.sigen_plant_consumed_power,7.022000,2026-02-17T03:14:16.191Z
sensor.sigen_plant_consumed_power,6.981000,2026-02-17T03:14:21.200Z
sensor.sigen_plant_consumed_power,6.933000,2026-02-17T03:14:26.216Z
sensor.sigen_plant_consumed_power,7.039000,2026-02-17T03:14:31.161Z
sensor.sigen_plant_consumed_power,7.108000,2026-02-17T03:14:36.181Z
sensor.sigen_plant_consumed_power,7.102000,2026-02-17T03:14:41.191Z
sensor.sigen_plant_consumed_power,7.053000,2026-02-17T03:14:46.181Z
sensor.sigen_plant_consumed_power,7.129000,2026-02-17T03:14:51.186Z
sensor.sigen_plant_consumed_power,7.202000,2026-02-17T03:14:56.172Z
sensor.sigen_plant_consumed_power,7.246000,2026-02-17T03:15:01.171Z
sensor.sigen_plant_consumed_power,7.258000,2026-02-17T03:15:06.171Z
sensor.sigen_plant_consumed_power,7.231000,2026-02-17T03:15:11.171Z
sensor.sigen_plant_consumed_power,7.183000,2026-02-17T03:15:16.201Z
sensor.sigen_plant_consumed_power,7.179000,2026-02-17T03:15:21.202Z
sensor.sigen_plant_consumed_power,7.177000,2026-02-17T03:15:26.162Z
sensor.sigen_plant_consumed_power,7.115000,2026-02-17T03:15:31.161Z
sensor.sigen_plant_consumed_power,5.799000,2026-02-17T03:15:36.172Z
sensor.sigen_plant_consumed_power,7.091000,2026-02-17T03:15:39.413Z
sensor.sigen_plant_consumed_power,7.316000,2026-02-17T03:15:44.226Z
sensor.sigen_plant_consumed_power,7.292000,2026-02-17T03:15:49.171Z
sensor.sigen_plant_consumed_power,7.186000,2026-02-17T03:15:54.166Z
sensor.sigen_plant_consumed_power,7.134000,2026-02-17T03:15:59.174Z
sensor.sigen_plant_consumed_power,7.226000,2026-02-17T03:16:04.203Z
sensor.sigen_plant_consumed_power,7.241000,2026-02-17T03:16:09.162Z
sensor.sigen_plant_consumed_power,7.216000,2026-02-17T03:16:14.171Z
sensor.sigen_plant_consumed_power,7.104000,2026-02-17T03:16:19.193Z
sensor.sigen_plant_consumed_power,7.161000,2026-02-17T03:16:24.205Z
sensor.sigen_plant_consumed_power,7.216000,2026-02-17T03:16:29.183Z
sensor.sigen_plant_consumed_power,7.225000,2026-02-17T03:16:34.173Z
sensor.sigen_plant_consumed_power,7.228000,2026-02-17T03:16:39.182Z
sensor.sigen_plant_consumed_power,7.126000,2026-02-17T03:16:44.182Z
sensor.sigen_plant_consumed_power,7.147000,2026-02-17T03:16:49.192Z
sensor.sigen_plant_consumed_power,7.184000,2026-02-17T03:16:54.184Z
sensor.sigen_plant_consumed_power,7.239000,2026-02-17T03:16:59.202Z
sensor.sigen_plant_consumed_power,7.189000,2026-02-17T03:17:04.172Z
sensor.sigen_plant_consumed_power,7.188000,2026-02-17T03:17:09.182Z
sensor.sigen_plant_consumed_power,7.228000,2026-02-17T03:17:14.164Z
sensor.sigen_plant_consumed_power,7.239000,2026-02-17T03:17:19.182Z
sensor.sigen_plant_consumed_power,7.176000,2026-02-17T03:17:24.176Z
sensor.sigen_plant_consumed_power,7.183000,2026-02-17T03:17:29.256Z
sensor.sigen_plant_consumed_power,7.172000,2026-02-17T03:17:34.162Z
sensor.sigen_plant_consumed_power,7.234000,2026-02-17T03:17:39.213Z
sensor.sigen_plant_consumed_power,7.200000,2026-02-17T03:17:44.204Z
sensor.sigen_plant_consumed_power,7.202000,2026-02-17T03:17:49.166Z
sensor.sigen_plant_consumed_power,7.189000,2026-02-17T03:17:54.173Z
sensor.sigen_plant_consumed_power,7.133000,2026-02-17T03:17:59.164Z
sensor.sigen_plant_consumed_power,7.129000,2026-02-17T03:18:04.242Z
sensor.sigen_plant_consumed_power,7.098000,2026-02-17T03:18:09.172Z
sensor.sigen_plant_consumed_power,7.157000,2026-02-17T03:18:14.182Z
sensor.sigen_plant_consumed_power,7.250000,2026-02-17T03:18:19.176Z
sensor.sigen_plant_consumed_power,7.184000,2026-02-17T03:18:24.178Z
sensor.sigen_plant_consumed_power,7.259000,2026-02-17T03:18:29.163Z
sensor.sigen_plant_consumed_power,7.209000,2026-02-17T03:18:34.192Z
sensor.sigen_plant_consumed_power,7.207000,2026-02-17T03:18:39.174Z
sensor.sigen_plant_consumed_power,7.218000,2026-02-17T03:18:44.203Z
sensor.sigen_plant_consumed_power,7.160000,2026-02-17T03:18:49.179Z
sensor.sigen_plant_consumed_power,7.205000,2026-02-17T03:18:54.215Z
sensor.sigen_plant_consumed_power,7.401000,2026-02-17T03:18:59.173Z
sensor.sigen_plant_consumed_power,7.024000,2026-02-17T03:19:04.273Z
sensor.sigen_plant_consumed_power,7.382000,2026-02-17T03:19:09.173Z
sensor.sigen_plant_consumed_power,7.378000,2026-02-17T03:19:14.185Z
sensor.sigen_plant_consumed_power,7.587000,2026-02-17T03:19:19.174Z
sensor.sigen_plant_consumed_power,7.327000,2026-02-17T03:19:24.173Z
sensor.sigen_plant_consumed_power,5.952000,2026-02-17T03:19:29.173Z
sensor.sigen_plant_consumed_power,7.250000,2026-02-17T03:19:34.163Z
sensor.sigen_plant_consumed_power,7.375000,2026-02-17T03:19:39.173Z
sensor.sigen_plant_consumed_power,7.190000,2026-02-17T03:19:44.165Z
sensor.sigen_plant_consumed_power,7.142000,2026-02-17T03:19:49.174Z
sensor.sigen_plant_consumed_power,7.127000,2026-02-17T03:19:54.173Z
sensor.sigen_plant_consumed_power,7.063000,2026-02-17T03:19:59.194Z
sensor.sigen_plant_consumed_power,7.148000,2026-02-17T03:20:04.194Z
sensor.sigen_plant_consumed_power,7.050000,2026-02-17T03:20:09.193Z
sensor.sigen_plant_consumed_power,7.140000,2026-02-17T03:20:14.184Z
sensor.sigen_plant_consumed_power,7.114000,2026-02-17T03:20:19.176Z
sensor.sigen_plant_consumed_power,7.029000,2026-02-17T03:20:24.163Z
sensor.sigen_plant_consumed_power,7.028000,2026-02-17T03:20:29.183Z
sensor.sigen_plant_consumed_power,7.032000,2026-02-17T03:20:34.193Z
sensor.sigen_plant_consumed_power,6.952000,2026-02-17T03:20:39.173Z
sensor.sigen_plant_consumed_power,7.238000,2026-02-17T03:20:44.184Z
sensor.sigen_plant_consumed_power,7.044000,2026-02-17T03:20:48.084Z
sensor.sigen_plant_consumed_power,0.000000,2026-02-17T03:20:53.162Z
sensor.sigen_plant_consumed_power,7.201000,2026-02-17T03:20:58.188Z
sensor.sigen_plant_consumed_power,7.257000,2026-02-17T03:21:03.183Z
sensor.sigen_plant_consumed_power,6.883000,2026-02-17T03:21:08.173Z
sensor.sigen_plant_consumed_power,7.039000,2026-02-17T03:21:13.177Z
sensor.sigen_plant_consumed_power,7.203000,2026-02-17T03:21:18.173Z
sensor.sigen_plant_consumed_power,7.012000,2026-02-17T03:21:23.191Z
sensor.sigen_plant_consumed_power,6.991000,2026-02-17T03:21:28.173Z
sensor.sigen_plant_consumed_power,6.345000,2026-02-17T03:21:33.185Z
sensor.sigen_plant_consumed_power,6.885000,2026-02-17T03:21:38.175Z
sensor.sigen_plant_consumed_power,6.807000,2026-02-17T03:21:43.183Z
sensor.sigen_plant_consumed_power,6.803000,2026-02-17T03:21:48.195Z
sensor.sigen_plant_consumed_power,6.758000,2026-02-17T03:21:53.185Z
sensor.sigen_plant_consumed_power,6.723000,2026-02-17T03:21:58.412Z
sensor.sigen_plant_consumed_power,6.833000,2026-02-17T03:22:03.164Z
sensor.sigen_plant_consumed_power,6.829000,2026-02-17T03:22:08.163Z
sensor.sigen_plant_consumed_power,6.810000,2026-02-17T03:22:13.174Z
sensor.sigen_plant_consumed_power,6.837000,2026-02-17T03:22:18.171Z
sensor.sigen_plant_consumed_power,6.851000,2026-02-17T03:22:23.184Z
sensor.sigen_plant_consumed_power,6.925000,2026-02-17T03:22:28.184Z
sensor.sigen_plant_consumed_power,6.902000,2026-02-17T03:22:33.281Z
sensor.sigen_plant_consumed_power,6.942000,2026-02-17T03:22:38.173Z
sensor.sigen_plant_consumed_power,7.029000,2026-02-17T03:22:43.165Z
sensor.sigen_plant_consumed_power,7.000000,2026-02-17T03:22:48.184Z
sensor.sigen_plant_consumed_power,7.043000,2026-02-17T03:22:53.164Z
sensor.sigen_plant_consumed_power,7.122000,2026-02-17T03:22:58.174Z
sensor.sigen_plant_consumed_power,7.079000,2026-02-17T03:23:03.184Z
sensor.sigen_plant_consumed_power,7.148000,2026-02-17T03:23:08.185Z
sensor.sigen_plant_consumed_power,7.113000,2026-02-17T03:23:13.165Z
sensor.sigen_plant_consumed_power,7.130000,2026-02-17T03:23:18.164Z
sensor.sigen_plant_consumed_power,7.060000,2026-02-17T03:23:23.164Z
sensor.sigen_plant_consumed_power,7.127000,2026-02-17T03:23:28.204Z
sensor.sigen_plant_consumed_power,7.105000,2026-02-17T03:23:33.194Z
sensor.sigen_plant_consumed_power,7.087000,2026-02-17T03:23:38.164Z
sensor.sigen_plant_consumed_power,7.156000,2026-02-17T03:23:43.195Z
sensor.sigen_plant_consumed_power,7.073000,2026-02-17T03:23:48.189Z
sensor.sigen_plant_consumed_power,7.085000,2026-02-17T03:23:53.175Z
sensor.sigen_plant_consumed_power,7.148000,2026-02-17T03:23:58.185Z
sensor.sigen_plant_consumed_power,7.308000,2026-02-17T03:24:03.174Z
sensor.sigen_plant_consumed_power,7.132000,2026-02-17T03:24:08.164Z
sensor.sigen_plant_consumed_power,7.216000,2026-02-17T03:24:13.194Z
sensor.sigen_plant_consumed_power,7.342000,2026-02-17T03:24:18.175Z
sensor.sigen_plant_consumed_power,7.270000,2026-02-17T03:24:23.184Z
sensor.sigen_plant_consumed_power,7.424000,2026-02-17T03:24:28.204Z
sensor.sigen_plant_consumed_power,7.241000,2026-02-17T03:24:33.204Z
sensor.sigen_plant_consumed_power,7.206000,2026-02-17T03:24:38.184Z
sensor.sigen_plant_consumed_power,7.308000,2026-02-17T03:24:43.204Z
sensor.sigen_plant_consumed_power,7.378000,2026-02-17T03:24:48.174Z
sensor.sigen_plant_consumed_power,7.236000,2026-02-17T03:24:53.184Z
sensor.sigen_plant_consumed_power,7.346000,2026-02-17T03:24:58.188Z
sensor.sigen_plant_consumed_power,7.277000,2026-02-17T03:25:03.194Z
sensor.sigen_plant_consumed_power,7.251000,2026-02-17T03:25:08.186Z
sensor.sigen_plant_consumed_power,7.678000,2026-02-17T03:25:13.185Z
sensor.sigen_plant_consumed_power,8.116000,2026-02-17T03:25:18.226Z
sensor.sigen_plant_consumed_power,7.511000,2026-02-17T03:25:23.194Z
sensor.sigen_plant_consumed_power,6.577000,2026-02-17T03:25:28.205Z
sensor.sigen_plant_consumed_power,7.498000,2026-02-17T03:25:33.164Z
sensor.sigen_plant_consumed_power,7.289000,2026-02-17T03:25:38.188Z
sensor.sigen_plant_consumed_power,7.511000,2026-02-17T03:25:43.176Z
sensor.sigen_plant_consumed_power,7.018000,2026-02-17T03:25:48.166Z
sensor.sigen_plant_consumed_power,6.969000,2026-02-17T03:25:53.234Z
sensor.sigen_plant_consumed_power,6.323000,2026-02-17T03:25:54.865Z
sensor.sigen_plant_consumed_power,7.334000,2026-02-17T03:25:59.174Z
sensor.sigen_plant_consumed_power,7.439000,2026-02-17T03:26:04.176Z
sensor.sigen_plant_consumed_power,7.464000,2026-02-17T03:26:09.197Z
sensor.sigen_plant_consumed_power,7.497000,2026-02-17T03:26:14.208Z
sensor.sigen_plant_consumed_power,7.525000,2026-02-17T03:26:19.174Z
sensor.sigen_plant_consumed_power,7.583000,2026-02-17T03:26:24.195Z
sensor.sigen_plant_consumed_power,7.594000,2026-02-17T03:26:29.176Z
sensor.sigen_plant_consumed_power,7.664000,2026-02-17T03:26:34.167Z
sensor.sigen_plant_consumed_power,7.629000,2026-02-17T03:26:39.176Z
sensor.sigen_plant_consumed_power,7.609000,2026-02-17T03:26:44.185Z
sensor.sigen_plant_consumed_power,7.635000,2026-02-17T03:26:49.186Z
sensor.sigen_plant_consumed_power,7.504000,2026-02-17T03:26:54.176Z
sensor.sigen_plant_consumed_power,7.503000,2026-02-17T03:26:59.176Z
sensor.sigen_plant_consumed_power,7.604000,2026-02-17T03:27:04.208Z
sensor.sigen_plant_consumed_power,7.691000,2026-02-17T03:27:09.186Z
sensor.sigen_plant_consumed_power,7.736000,2026-02-17T03:27:14.195Z
sensor.sigen_plant_consumed_power,7.624000,2026-02-17T03:27:19.187Z
sensor.sigen_plant_consumed_power,7.592000,2026-02-17T03:27:24.185Z
sensor.sigen_plant_consumed_power,7.573000,2026-02-17T03:27:29.206Z
sensor.sigen_plant_consumed_power,7.571000,2026-02-17T03:27:34.217Z
sensor.sigen_plant_consumed_power,7.525000,2026-02-17T03:27:39.167Z
sensor.sigen_plant_consumed_power,7.506000,2026-02-17T03:27:44.175Z
sensor.sigen_plant_consumed_power,7.409000,2026-02-17T03:27:49.175Z
sensor.sigen_plant_consumed_power,7.657000,2026-02-17T03:27:54.185Z
sensor.sigen_plant_consumed_power,7.734000,2026-02-17T03:27:59.191Z
sensor.sigen_plant_consumed_power,7.687000,2026-02-17T03:28:04.180Z
sensor.sigen_plant_consumed_power,7.626000,2026-02-17T03:28:09.176Z
sensor.sigen_plant_consumed_power,7.735000,2026-02-17T03:28:14.205Z
sensor.sigen_plant_consumed_power,7.703000,2026-02-17T03:28:19.175Z
sensor.sigen_plant_consumed_power,7.668000,2026-02-17T03:28:24.165Z
sensor.sigen_plant_consumed_power,7.628000,2026-02-17T03:28:29.172Z
sensor.sigen_plant_consumed_power,7.648000,2026-02-17T03:28:34.186Z
sensor.sigen_plant_consumed_power,7.677000,2026-02-17T03:28:39.165Z
sensor.sigen_plant_consumed_power,7.726000,2026-02-17T03:28:44.233Z
sensor.sigen_plant_consumed_power,7.945000,2026-02-17T03:28:49.166Z
sensor.sigen_plant_consumed_power,7.683000,2026-02-17T03:28:54.176Z
sensor.sigen_plant_consumed_power,7.757000,2026-02-17T03:28:59.172Z
sensor.sigen_plant_consumed_power,7.756000,2026-02-17T03:29:04.178Z
sensor.sigen_plant_consumed_power,7.835000,2026-02-17T03:29:09.186Z
sensor.sigen_plant_consumed_power,7.923000,2026-02-17T03:29:14.176Z
sensor.sigen_plant_consumed_power,7.933000,2026-02-17T03:29:19.177Z
sensor.sigen_plant_consumed_power,7.966000,2026-02-17T03:29:24.176Z
sensor.sigen_plant_consumed_power,7.999000,2026-02-17T03:29:29.173Z
sensor.sigen_plant_consumed_power,7.987000,2026-02-17T03:29:34.198Z
sensor.sigen_plant_consumed_power,8.143000,2026-02-17T03:29:39.186Z
sensor.sigen_plant_consumed_power,8.209000,2026-02-17T03:29:44.206Z
sensor.sigen_plant_consumed_power,8.094000,2026-02-17T03:29:49.177Z
sensor.sigen_plant_consumed_power,8.031000,2026-02-17T03:29:54.173Z
sensor.sigen_plant_consumed_power,7.997000,2026-02-17T03:29:59.188Z
sensor.sigen_plant_consumed_power,7.996000,2026-02-17T03:30:04.190Z
sensor.sigen_plant_consumed_power,8.019000,2026-02-17T03:30:09.166Z
sensor.sigen_plant_consumed_power,8.005000,2026-02-17T03:30:14.218Z
sensor.sigen_plant_consumed_power,8.013000,2026-02-17T03:30:19.187Z
sensor.sigen_plant_consumed_power,8.111000,2026-02-17T03:30:24.170Z
sensor.sigen_plant_consumed_power,8.165000,2026-02-17T03:30:29.184Z
sensor.sigen_plant_consumed_power,8.105000,2026-02-17T03:30:34.177Z
sensor.sigen_plant_consumed_power,8.090000,2026-02-17T03:30:36.150Z
sensor.sigen_plant_consumed_power,8.059000,2026-02-17T03:30:41.206Z
sensor.sigen_plant_consumed_power,7.900000,2026-02-17T03:30:46.175Z
sensor.sigen_plant_consumed_power,7.993000,2026-02-17T03:30:51.198Z
sensor.sigen_plant_consumed_power,7.939000,2026-02-17T03:30:56.187Z
sensor.sigen_plant_consumed_power,7.887000,2026-02-17T03:31:01.189Z
sensor.sigen_plant_consumed_power,7.931000,2026-02-17T03:31:06.177Z
sensor.sigen_plant_consumed_power,7.900000,2026-02-17T03:31:11.188Z
sensor.sigen_plant_consumed_power,7.957000,2026-02-17T03:31:16.166Z
sensor.sigen_plant_consumed_power,6.366000,2026-02-17T03:31:21.218Z
sensor.sigen_plant_consumed_power,7.989000,2026-02-17T03:31:26.166Z
sensor.sigen_plant_consumed_power,7.948000,2026-02-17T03:31:31.188Z
sensor.sigen_plant_consumed_power,8.061000,2026-02-17T03:31:36.166Z
sensor.sigen_plant_consumed_power,8.082000,2026-02-17T03:31:41.196Z
sensor.sigen_plant_consumed_power,7.999000,2026-02-17T03:31:46.166Z
sensor.sigen_plant_consumed_power,8.029000,2026-02-17T03:31:51.190Z
sensor.sigen_plant_consumed_power,8.011000,2026-02-17T03:31:56.176Z
sensor.sigen_plant_consumed_power,7.996000,2026-02-17T03:32:01.219Z
sensor.sigen_plant_consumed_power,7.946000,2026-02-17T03:32:06.168Z
sensor.sigen_plant_consumed_power,7.967000,2026-02-17T03:32:11.210Z
sensor.sigen_plant_consumed_power,7.782000,2026-02-17T03:32:16.179Z
sensor.sigen_plant_consumed_power,7.774000,2026-02-17T03:32:21.178Z
sensor.sigen_plant_consumed_power,7.809000,2026-02-17T03:32:26.187Z
sensor.sigen_plant_consumed_power,7.885000,2026-02-17T03:32:31.208Z
sensor.sigen_plant_consumed_power,7.939000,2026-02-17T03:32:36.169Z
sensor.sigen_plant_consumed_power,7.877000,2026-02-17T03:32:41.181Z
sensor.sigen_plant_consumed_power,6.993000,2026-02-17T03:32:46.207Z
sensor.sigen_plant_consumed_power,7.914000,2026-02-17T03:32:51.168Z
sensor.sigen_plant_consumed_power,7.844000,2026-02-17T03:32:56.177Z
sensor.sigen_plant_consumed_power,7.877000,2026-02-17T03:33:01.208Z
sensor.sigen_plant_consumed_power,7.820000,2026-02-17T03:33:06.197Z
sensor.sigen_plant_consumed_power,7.838000,2026-02-17T03:33:11.167Z
sensor.sigen_plant_consumed_power,7.770000,2026-02-17T03:33:16.177Z
sensor.sigen_plant_consumed_power,7.838000,2026-02-17T03:33:21.188Z
sensor.sigen_plant_consumed_power,7.795000,2026-02-17T03:33:26.178Z
sensor.sigen_plant_consumed_power,7.938000,2026-02-17T03:33:31.179Z
sensor.sigen_plant_consumed_power,8.053000,2026-02-17T03:33:36.169Z
sensor.sigen_plant_consumed_power,8.289000,2026-02-17T03:33:41.204Z
sensor.sigen_plant_consumed_power,7.923000,2026-02-17T03:33:46.197Z
sensor.sigen_plant_consumed_power,7.955000,2026-02-17T03:33:51.180Z
sensor.sigen_plant_consumed_power,7.937000,2026-02-17T03:33:56.168Z
sensor.sigen_plant_consumed_power,7.816000,2026-02-17T03:34:01.177Z
sensor.sigen_plant_consumed_power,8.056000,2026-02-17T03:34:06.168Z
sensor.sigen_plant_consumed_power,8.803000,2026-02-17T03:34:11.167Z
sensor.sigen_plant_consumed_power,8.065000,2026-02-17T03:34:16.188Z
sensor.sigen_plant_consumed_power,7.924000,2026-02-17T03:34:21.169Z
sensor.sigen_plant_consumed_power,7.847000,2026-02-17T03:34:26.177Z
sensor.sigen_plant_consumed_power,7.982000,2026-02-17T03:34:31.207Z
sensor.sigen_plant_consumed_power,8.009000,2026-02-17T03:34:36.173Z
sensor.sigen_plant_consumed_power,7.817000,2026-02-17T03:34:41.180Z
sensor.sigen_plant_consumed_power,7.830000,2026-02-17T03:34:46.187Z
sensor.sigen_plant_consumed_power,8.640000,2026-02-17T03:34:51.189Z
sensor.sigen_plant_consumed_power,8.609000,2026-02-17T03:34:56.207Z
sensor.sigen_plant_consumed_power,8.168000,2026-02-17T03:35:01.190Z
sensor.sigen_plant_consumed_power,8.682000,2026-02-17T03:35:06.178Z
sensor.sigen_plant_consumed_power,8.493000,2026-02-17T03:35:11.197Z
sensor.sigen_plant_consumed_power,7.990000,2026-02-17T03:35:16.268Z
sensor.sigen_plant_consumed_power,7.594000,2026-02-17T03:35:21.189Z
sensor.sigen_plant_consumed_power,7.820000,2026-02-17T03:35:26.178Z
sensor.sigen_plant_consumed_power,7.729000,2026-02-17T03:35:31.168Z
sensor.sigen_plant_consumed_power,7.672000,2026-02-17T03:35:32.689Z
sensor.sigen_plant_consumed_power,7.613000,2026-02-17T03:35:37.211Z
sensor.sigen_plant_consumed_power,7.612000,2026-02-17T03:35:42.180Z
sensor.sigen_plant_consumed_power,7.611000,2026-02-17T03:35:47.190Z
sensor.sigen_plant_consumed_power,7.556000,2026-02-17T03:35:52.179Z
sensor.sigen_plant_consumed_power,7.574000,2026-02-17T03:35:57.182Z
sensor.sigen_plant_consumed_power,7.601000,2026-02-17T03:36:07.178Z
sensor.sigen_plant_consumed_power,7.188000,2026-02-17T03:36:12.178Z
sensor.sigen_plant_consumed_power,7.304000,2026-02-17T03:36:17.188Z
sensor.sigen_plant_consumed_power,7.227000,2026-02-17T03:36:22.188Z
sensor.sigen_plant_consumed_power,7.368000,2026-02-17T03:36:27.208Z
sensor.sigen_plant_consumed_power,7.400000,2026-02-17T03:36:32.168Z
sensor.sigen_plant_consumed_power,7.373000,2026-02-17T03:36:37.238Z
sensor.sigen_plant_consumed_power,7.349000,2026-02-17T03:36:42.218Z
sensor.sigen_plant_consumed_power,7.344000,2026-02-17T03:36:47.178Z
sensor.sigen_plant_consumed_power,7.396000,2026-02-17T03:36:52.170Z
sensor.sigen_plant_consumed_power,7.394000,2026-02-17T03:36:57.180Z
sensor.sigen_plant_consumed_power,7.452000,2026-02-17T03:37:02.212Z
sensor.sigen_plant_consumed_power,7.419000,2026-02-17T03:37:07.178Z
sensor.sigen_plant_consumed_power,7.385000,2026-02-17T03:37:12.178Z
sensor.sigen_plant_consumed_power,7.372000,2026-02-17T03:37:17.200Z
sensor.sigen_plant_consumed_power,7.398000,2026-02-17T03:37:22.192Z
sensor.sigen_plant_consumed_power,7.247000,2026-02-17T03:37:27.228Z
sensor.sigen_plant_consumed_power,7.294000,2026-02-17T03:37:32.188Z
sensor.sigen_plant_consumed_power,7.319000,2026-02-17T03:37:37.178Z
sensor.sigen_plant_consumed_power,6.966000,2026-02-17T03:37:42.169Z
sensor.sigen_plant_consumed_power,7.474000,2026-02-17T03:37:47.218Z
sensor.sigen_plant_consumed_power,7.466000,2026-02-17T03:37:52.189Z
sensor.sigen_plant_consumed_power,7.332000,2026-02-17T03:37:57.219Z
sensor.sigen_plant_consumed_power,7.421000,2026-02-17T03:38:02.189Z
sensor.sigen_plant_consumed_power,7.370000,2026-02-17T03:38:07.200Z
sensor.sigen_plant_consumed_power,7.699000,2026-02-17T03:38:12.192Z
sensor.sigen_plant_consumed_power,7.637000,2026-02-17T03:38:17.201Z
sensor.sigen_plant_consumed_power,7.612000,2026-02-17T03:38:22.177Z
sensor.sigen_plant_consumed_power,7.652000,2026-02-17T03:38:27.229Z
sensor.sigen_plant_consumed_power,7.440000,2026-02-17T03:38:32.189Z
sensor.sigen_plant_consumed_power,7.591000,2026-02-17T03:38:37.180Z
sensor.sigen_plant_consumed_power,7.504000,2026-02-17T03:38:42.200Z
sensor.sigen_plant_consumed_power,7.525000,2026-02-17T03:38:47.209Z
sensor.sigen_plant_consumed_power,7.507000,2026-02-17T03:38:52.178Z
sensor.sigen_plant_consumed_power,7.506000,2026-02-17T03:38:57.170Z
sensor.sigen_plant_consumed_power,7.076000,2026-02-17T03:39:02.192Z
sensor.sigen_plant_consumed_power,7.592000,2026-02-17T03:39:07.181Z
sensor.sigen_plant_consumed_power,7.807000,2026-02-17T03:39:12.209Z
sensor.sigen_plant_consumed_power,7.607000,2026-02-17T03:39:17.190Z
sensor.sigen_plant_consumed_power,7.277000,2026-02-17T03:39:22.188Z
sensor.sigen_plant_consumed_power,7.829000,2026-02-17T03:39:27.219Z
sensor.sigen_plant_consumed_power,7.981000,2026-02-17T03:39:32.199Z
sensor.sigen_plant_consumed_power,7.440000,2026-02-17T03:39:37.179Z
sensor.sigen_plant_consumed_power,7.318000,2026-02-17T03:39:42.200Z
sensor.sigen_plant_consumed_power,7.237000,2026-02-17T03:39:47.210Z
sensor.sigen_plant_consumed_power,6.994000,2026-02-17T03:39:52.181Z
sensor.sigen_plant_consumed_power,7.005000,2026-02-17T03:39:57.169Z
sensor.sigen_plant_consumed_power,6.908000,2026-02-17T03:40:02.180Z
sensor.sigen_plant_consumed_power,6.971000,2026-02-17T03:40:07.189Z
sensor.sigen_plant_consumed_power,7.000000,2026-02-17T03:40:12.189Z
sensor.sigen_plant_consumed_power,7.071000,2026-02-17T03:40:17.222Z
sensor.sigen_plant_consumed_power,7.441000,2026-02-17T03:40:22.199Z
sensor.sigen_plant_consumed_power,7.354000,2026-02-17T03:40:27.259Z
sensor.sigen_plant_consumed_power,7.290000,2026-02-17T03:40:32.180Z
sensor.sigen_plant_consumed_power,7.295000,2026-02-17T03:40:37.192Z
sensor.sigen_plant_consumed_power,7.345000,2026-02-17T03:40:38.250Z
sensor.sigen_plant_consumed_power,7.488000,2026-02-17T03:40:43.229Z
sensor.sigen_plant_consumed_power,6.976000,2026-02-17T03:40:48.184Z
sensor.sigen_plant_consumed_power,7.015000,2026-02-17T03:40:53.189Z
sensor.sigen_plant_consumed_power,6.991000,2026-02-17T03:40:58.200Z
sensor.sigen_plant_consumed_power,6.942000,2026-02-17T03:41:00.189Z
sensor.sigen_plant_consumed_power,7.248000,2026-02-17T03:41:05.203Z
sensor.sigen_plant_consumed_power,7.309000,2026-02-17T03:41:10.174Z
sensor.sigen_plant_consumed_power,7.317000,2026-02-17T03:41:15.210Z
sensor.sigen_plant_consumed_power,7.298000,2026-02-17T03:41:20.171Z
sensor.sigen_plant_consumed_power,7.664000,2026-02-17T03:41:25.172Z
sensor.sigen_plant_consumed_power,7.747000,2026-02-17T03:41:30.193Z
sensor.sigen_plant_consumed_power,7.708000,2026-02-17T03:41:35.181Z
sensor.sigen_plant_consumed_power,7.743000,2026-02-17T03:41:40.180Z
sensor.sigen_plant_consumed_power,7.793000,2026-02-17T03:41:45.170Z
sensor.sigen_plant_consumed_power,7.520000,2026-02-17T03:41:50.181Z
sensor.sigen_plant_consumed_power,1.855000,2026-02-17T03:41:55.200Z
sensor.sigen_plant_consumed_power,1.841000,2026-02-17T03:42:00.301Z
sensor.sigen_plant_consumed_power,2.120000,2026-02-17T03:42:05.160Z
sensor.sigen_plant_consumed_power,2.040000,2026-02-17T03:42:10.190Z
sensor.sigen_plant_consumed_power,2.081000,2026-02-17T03:42:15.250Z
sensor.sigen_plant_consumed_power,2.032000,2026-02-17T03:42:20.170Z
sensor.sigen_plant_consumed_power,2.035000,2026-02-17T03:42:25.201Z
sensor.sigen_plant_consumed_power,2.051000,2026-02-17T03:42:30.193Z
sensor.sigen_plant_consumed_power,2.312000,2026-02-17T03:42:35.192Z
sensor.sigen_plant_consumed_power,2.315000,2026-02-17T03:42:40.170Z
sensor.sigen_plant_consumed_power,2.339000,2026-02-17T03:42:45.180Z
sensor.sigen_plant_consumed_power,1.992000,2026-02-17T03:42:50.191Z
sensor.sigen_plant_consumed_power,2.024000,2026-02-17T03:42:55.190Z
sensor.sigen_plant_consumed_power,2.032000,2026-02-17T03:43:00.260Z
sensor.sigen_plant_consumed_power,2.050000,2026-02-17T03:43:05.180Z
sensor.sigen_plant_consumed_power,2.015000,2026-02-17T03:43:10.170Z
sensor.sigen_plant_consumed_power,2.000000,2026-02-17T03:43:15.192Z
sensor.sigen_plant_consumed_power,1.999000,2026-02-17T03:43:20.172Z
sensor.sigen_plant_consumed_power,2.042000,2026-02-17T03:43:25.190Z
sensor.sigen_plant_consumed_power,1.987000,2026-02-17T03:43:30.195Z
sensor.sigen_plant_consumed_power,2.028000,2026-02-17T03:43:35.180Z
sensor.sigen_plant_consumed_power,1.891000,2026-02-17T03:43:40.160Z
sensor.sigen_plant_consumed_power,1.907000,2026-02-17T03:43:45.172Z
sensor.sigen_plant_consumed_power,1.908000,2026-02-17T03:43:50.162Z
sensor.sigen_plant_consumed_power,1.915000,2026-02-17T03:43:55.160Z
sensor.sigen_plant_consumed_power,1.889000,2026-02-17T03:44:00.281Z
sensor.sigen_plant_consumed_power,1.895000,2026-02-17T03:44:05.161Z
sensor.sigen_plant_consumed_power,1.923000,2026-02-17T03:44:10.182Z
sensor.sigen_plant_consumed_power,1.932000,2026-02-17T03:44:15.161Z
sensor.sigen_plant_consumed_power,1.883000,2026-02-17T03:44:20.184Z
sensor.sigen_plant_consumed_power,1.898000,2026-02-17T03:44:25.162Z
sensor.sigen_plant_consumed_power,1.869000,2026-02-17T03:44:30.206Z
sensor.sigen_plant_consumed_power,1.889000,2026-02-17T03:44:35.185Z
sensor.sigen_plant_consumed_power,1.866000,2026-02-17T03:44:40.171Z
sensor.sigen_plant_consumed_power,1.870000,2026-02-17T03:44:45.182Z
sensor.sigen_plant_consumed_power,1.856000,2026-02-17T03:44:50.176Z
sensor.sigen_plant_consumed_power,1.843000,2026-02-17T03:44:55.183Z
sensor.sigen_plant_consumed_power,1.858000,2026-02-17T03:45:00.270Z
sensor.sigen_plant_consumed_power,1.949000,2026-02-17T03:45:05.171Z
sensor.sigen_plant_consumed_power,1.912000,2026-02-17T03:45:10.191Z
sensor.sigen_plant_consumed_power,1.825000,2026-02-17T03:45:15.211Z
sensor.sigen_plant_consumed_power,1.906000,2026-02-17T03:45:20.192Z
sensor.sigen_plant_consumed_power,1.883000,2026-02-17T03:45:25.182Z
sensor.sigen_plant_consumed_power,1.881000,2026-02-17T03:45:35.201Z
sensor.sigen_plant_consumed_power,2.012000,2026-02-17T03:45:40.201Z
sensor.sigen_plant_consumed_power,2.020000,2026-02-17T03:45:41.297Z
sensor.sigen_plant_consumed_power,2.103000,2026-02-17T03:45:46.160Z
sensor.sigen_plant_consumed_power,2.369000,2026-02-17T03:45:51.160Z
sensor.sigen_plant_consumed_power,2.654000,2026-02-17T03:45:56.190Z
sensor.sigen_plant_consumed_power,2.892000,2026-02-17T03:46:01.201Z
sensor.sigen_plant_consumed_power,2.952000,2026-02-17T03:46:02.912Z
sensor.sigen_plant_consumed_power,3.347000,2026-02-17T03:46:08.170Z
sensor.sigen_plant_consumed_power,3.672000,2026-02-17T03:46:13.180Z
sensor.sigen_plant_consumed_power,3.697000,2026-02-17T03:46:18.191Z
sensor.sigen_plant_consumed_power,3.728000,2026-02-17T03:46:23.175Z
sensor.sigen_plant_consumed_power,3.719000,2026-02-17T03:46:28.165Z
sensor.sigen_plant_consumed_power,3.515000,2026-02-17T03:46:33.171Z
sensor.sigen_plant_consumed_power,3.495000,2026-02-17T03:46:38.171Z
sensor.sigen_plant_consumed_power,3.409000,2026-02-17T03:46:43.171Z
sensor.sigen_plant_consumed_power,3.387000,2026-02-17T03:46:48.182Z
sensor.sigen_plant_consumed_power,3.401000,2026-02-17T03:46:53.193Z
sensor.sigen_plant_consumed_power,3.352000,2026-02-17T03:46:58.191Z
sensor.sigen_plant_consumed_power,3.372000,2026-02-17T03:47:03.175Z
sensor.sigen_plant_consumed_power,3.347000,2026-02-17T03:47:08.422Z
sensor.sigen_plant_consumed_power,3.330000,2026-02-17T03:47:13.190Z
sensor.sigen_plant_consumed_power,3.373000,2026-02-17T03:47:18.200Z
sensor.sigen_plant_consumed_power,3.362000,2026-02-17T03:47:23.222Z
sensor.sigen_plant_consumed_power,3.310000,2026-02-17T03:47:28.201Z
sensor.sigen_plant_consumed_power,3.403000,2026-02-17T03:47:33.194Z
sensor.sigen_plant_consumed_power,3.469000,2026-02-17T03:47:38.171Z
sensor.sigen_plant_consumed_power,3.672000,2026-02-17T03:47:43.202Z
sensor.sigen_plant_consumed_power,3.858000,2026-02-17T03:47:48.162Z
sensor.sigen_plant_consumed_power,3.917000,2026-02-17T03:47:53.191Z
sensor.sigen_plant_consumed_power,3.900000,2026-02-17T03:47:58.191Z
sensor.sigen_plant_consumed_power,3.979000,2026-02-17T03:48:03.223Z
sensor.sigen_plant_consumed_power,3.962000,2026-02-17T03:48:08.191Z
sensor.sigen_plant_consumed_power,3.970000,2026-02-17T03:48:13.201Z
sensor.sigen_plant_consumed_power,3.979000,2026-02-17T03:48:18.221Z
sensor.sigen_plant_consumed_power,3.963000,2026-02-17T03:48:23.168Z
sensor.sigen_plant_consumed_power,3.993000,2026-02-17T03:48:28.182Z
sensor.sigen_plant_consumed_power,3.996000,2026-02-17T03:48:33.193Z
sensor.sigen_plant_consumed_power,4.124000,2026-02-17T03:48:38.191Z
sensor.sigen_plant_consumed_power,4.360000,2026-02-17T03:48:43.165Z
sensor.sigen_plant_consumed_power,4.695000,2026-02-17T03:48:48.181Z
sensor.sigen_plant_consumed_power,4.894000,2026-02-17T03:48:53.182Z
sensor.sigen_plant_consumed_power,4.889000,2026-02-17T03:48:58.172Z
sensor.sigen_plant_consumed_power,4.882000,2026-02-17T03:49:03.181Z
sensor.sigen_plant_consumed_power,4.838000,2026-02-17T03:49:08.171Z
sensor.sigen_plant_consumed_power,4.900000,2026-02-17T03:49:13.202Z
sensor.sigen_plant_consumed_power,4.863000,2026-02-17T03:49:18.191Z
sensor.sigen_plant_consumed_power,4.888000,2026-02-17T03:49:23.191Z
sensor.sigen_plant_consumed_power,4.939000,2026-02-17T03:49:28.201Z
sensor.sigen_plant_consumed_power,4.904000,2026-02-17T03:49:33.175Z
sensor.sigen_plant_consumed_power,4.989000,2026-02-17T03:49:38.161Z
sensor.sigen_plant_consumed_power,5.347000,2026-02-17T03:49:43.195Z
sensor.sigen_plant_consumed_power,5.433000,2026-02-17T03:49:48.162Z
sensor.sigen_plant_consumed_power,5.414000,2026-02-17T03:49:53.223Z
sensor.sigen_plant_consumed_power,5.423000,2026-02-17T03:49:58.161Z
sensor.sigen_plant_consumed_power,5.432000,2026-02-17T03:50:03.182Z
sensor.sigen_plant_consumed_power,5.487000,2026-02-17T03:50:08.161Z
sensor.sigen_plant_consumed_power,5.560000,2026-02-17T03:50:13.182Z
sensor.sigen_plant_consumed_power,5.540000,2026-02-17T03:50:18.161Z
sensor.sigen_plant_consumed_power,5.576000,2026-02-17T03:50:23.161Z
sensor.sigen_plant_consumed_power,5.526000,2026-02-17T03:50:28.171Z
sensor.sigen_plant_consumed_power,5.565000,2026-02-17T03:50:33.192Z
sensor.sigen_plant_consumed_power,5.787000,2026-02-17T03:50:38.171Z
sensor.sigen_plant_consumed_power,5.746000,2026-02-17T03:50:43.181Z
sensor.sigen_plant_consumed_power,5.833000,2026-02-17T03:50:48.200Z
sensor.sigen_plant_consumed_power,5.815000,2026-02-17T03:50:53.173Z
sensor.sigen_plant_consumed_power,5.743000,2026-02-17T03:50:58.195Z
sensor.sigen_plant_consumed_power,5.751000,2026-02-17T03:51:03.191Z
sensor.sigen_plant_consumed_power,5.731000,2026-02-17T03:51:08.180Z
sensor.sigen_plant_consumed_power,5.821000,2026-02-17T03:51:13.162Z
sensor.sigen_plant_consumed_power,5.962000,2026-02-17T03:51:18.181Z
sensor.sigen_plant_consumed_power,6.019000,2026-02-17T03:51:19.571Z
sensor.sigen_plant_consumed_power,5.975000,2026-02-17T03:51:24.191Z
sensor.sigen_plant_consumed_power,6.051000,2026-02-17T03:51:29.222Z
sensor.sigen_plant_consumed_power,5.993000,2026-02-17T03:51:34.247Z
sensor.sigen_plant_consumed_power,6.036000,2026-02-17T03:51:39.172Z
sensor.sigen_plant_consumed_power,5.998000,2026-02-17T03:51:44.214Z
sensor.sigen_plant_consumed_power,5.972000,2026-02-17T03:51:49.181Z
sensor.sigen_plant_consumed_power,5.973000,2026-02-17T03:51:54.222Z
sensor.sigen_plant_consumed_power,5.936000,2026-02-17T03:51:59.191Z
sensor.sigen_plant_consumed_power,5.943000,2026-02-17T03:52:04.234Z
sensor.sigen_plant_consumed_power,5.913000,2026-02-17T03:52:09.191Z
sensor.sigen_plant_consumed_power,5.887000,2026-02-17T03:52:19.209Z
sensor.sigen_plant_consumed_power,5.895000,2026-02-17T03:52:24.182Z
sensor.sigen_plant_consumed_power,5.921000,2026-02-17T03:52:29.171Z
sensor.sigen_plant_consumed_power,5.950000,2026-02-17T03:52:34.214Z
sensor.sigen_plant_consumed_power,5.910000,2026-02-17T03:52:39.191Z
sensor.sigen_plant_consumed_power,6.041000,2026-02-17T03:52:44.201Z
sensor.sigen_plant_consumed_power,6.111000,2026-02-17T03:52:49.214Z
sensor.sigen_plant_consumed_power,6.132000,2026-02-17T03:52:54.171Z
sensor.sigen_plant_consumed_power,6.207000,2026-02-17T03:52:59.171Z
sensor.sigen_plant_consumed_power,6.163000,2026-02-17T03:53:04.173Z
sensor.sigen_plant_consumed_power,6.259000,2026-02-17T03:53:09.202Z
sensor.sigen_plant_consumed_power,6.183000,2026-02-17T03:53:14.173Z
sensor.sigen_plant_consumed_power,5.886000,2026-02-17T03:53:19.171Z
sensor.sigen_plant_consumed_power,5.912000,2026-02-17T03:53:24.193Z
sensor.sigen_plant_consumed_power,5.919000,2026-02-17T03:53:29.161Z
sensor.sigen_plant_consumed_power,5.880000,2026-02-17T03:53:34.201Z
sensor.sigen_plant_consumed_power,5.923000,2026-02-17T03:53:39.161Z
sensor.sigen_plant_consumed_power,5.892000,2026-02-17T03:53:44.192Z
sensor.sigen_plant_consumed_power,5.868000,2026-02-17T03:53:49.181Z
sensor.sigen_plant_consumed_power,5.889000,2026-02-17T03:53:54.203Z
sensor.sigen_plant_consumed_power,5.825000,2026-02-17T03:53:59.161Z
sensor.sigen_plant_consumed_power,5.769000,2026-02-17T03:54:04.175Z
sensor.sigen_plant_consumed_power,5.725000,2026-02-17T03:54:09.231Z
sensor.sigen_plant_consumed_power,5.762000,2026-02-17T03:54:14.163Z
sensor.sigen_plant_consumed_power,5.802000,2026-02-17T03:54:19.191Z
sensor.sigen_plant_consumed_power,5.988000,2026-02-17T03:54:24.195Z
sensor.sigen_plant_consumed_power,6.065000,2026-02-17T03:54:29.181Z
sensor.sigen_plant_consumed_power,6.068000,2026-02-17T03:54:34.182Z
sensor.sigen_plant_consumed_power,6.039000,2026-02-17T03:54:39.173Z
sensor.sigen_plant_consumed_power,6.049000,2026-02-17T03:54:44.183Z
sensor.sigen_plant_consumed_power,6.187000,2026-02-17T03:54:49.184Z
sensor.sigen_plant_consumed_power,6.123000,2026-02-17T03:54:54.203Z
sensor.sigen_plant_consumed_power,6.129000,2026-02-17T03:55:04.172Z
sensor.sigen_plant_consumed_power,6.161000,2026-02-17T03:55:09.172Z
sensor.sigen_plant_consumed_power,6.062000,2026-02-17T03:55:14.183Z
sensor.sigen_plant_consumed_power,6.091000,2026-02-17T03:55:19.213Z
sensor.sigen_plant_consumed_power,6.087000,2026-02-17T03:55:24.184Z
sensor.sigen_plant_consumed_power,6.066000,2026-02-17T03:55:29.162Z
sensor.sigen_plant_consumed_power,6.078000,2026-02-17T03:55:34.184Z
sensor.sigen_plant_consumed_power,6.048000,2026-02-17T03:55:36.781Z
sensor.sigen_plant_consumed_power,6.024000,2026-02-17T03:55:41.173Z
sensor.sigen_plant_consumed_power,5.781000,2026-02-17T03:55:46.172Z
sensor.sigen_plant_consumed_power,5.729000,2026-02-17T03:55:51.201Z
sensor.sigen_plant_consumed_power,5.757000,2026-02-17T03:55:56.163Z
sensor.sigen_plant_consumed_power,5.762000,2026-02-17T03:56:01.232Z
sensor.sigen_plant_consumed_power,5.769000,2026-02-17T03:56:06.193Z
sensor.sigen_plant_consumed_power,5.837000,2026-02-17T03:56:11.175Z
sensor.sigen_plant_consumed_power,5.858000,2026-02-17T03:56:16.162Z
sensor.sigen_plant_consumed_power,5.869000,2026-02-17T03:56:21.186Z
sensor.sigen_plant_consumed_power,5.844000,2026-02-17T03:56:26.174Z
sensor.sigen_plant_consumed_power,5.911000,2026-02-17T03:56:31.172Z
sensor.sigen_plant_consumed_power,5.842000,2026-02-17T03:56:36.193Z
sensor.sigen_plant_consumed_power,5.830000,2026-02-17T03:56:41.173Z
sensor.sigen_plant_consumed_power,5.859000,2026-02-17T03:56:46.192Z
sensor.sigen_plant_consumed_power,5.797000,2026-02-17T03:56:51.174Z
sensor.sigen_plant_consumed_power,5.783000,2026-02-17T03:56:56.198Z
sensor.sigen_plant_consumed_power,5.741000,2026-02-17T03:57:01.196Z
sensor.sigen_plant_consumed_power,5.695000,2026-02-17T03:57:06.184Z
sensor.sigen_plant_consumed_power,5.697000,2026-02-17T03:57:11.162Z
sensor.sigen_plant_consumed_power,5.802000,2026-02-17T03:57:16.192Z
sensor.sigen_plant_consumed_power,5.902000,2026-02-17T03:57:21.393Z
sensor.sigen_plant_consumed_power,5.921000,2026-02-17T03:57:26.195Z
sensor.sigen_plant_consumed_power,5.950000,2026-02-17T03:57:31.163Z
sensor.sigen_plant_consumed_power,5.880000,2026-02-17T03:57:36.162Z
sensor.sigen_plant_consumed_power,5.827000,2026-02-17T03:57:41.182Z
sensor.sigen_plant_consumed_power,5.912000,2026-02-17T03:57:46.180Z
sensor.sigen_plant_consumed_power,5.890000,2026-02-17T03:57:51.179Z
sensor.sigen_plant_consumed_power,5.895000,2026-02-17T03:57:56.172Z
sensor.sigen_plant_consumed_power,5.902000,2026-02-17T03:58:01.192Z
sensor.sigen_plant_consumed_power,5.881000,2026-02-17T03:58:06.185Z
sensor.sigen_plant_consumed_power,5.879000,2026-02-17T03:58:11.173Z
sensor.sigen_plant_consumed_power,5.964000,2026-02-17T03:58:16.164Z
sensor.sigen_plant_consumed_power,5.939000,2026-02-17T03:58:21.199Z
sensor.sigen_plant_consumed_power,5.959000,2026-02-17T03:58:26.192Z
sensor.sigen_plant_consumed_power,5.937000,2026-02-17T03:58:31.203Z
sensor.sigen_plant_consumed_power,5.963000,2026-02-17T03:58:36.172Z
sensor.sigen_plant_consumed_power,5.953000,2026-02-17T03:58:41.172Z
sensor.sigen_plant_consumed_power,5.970000,2026-02-17T03:58:46.165Z
sensor.sigen_plant_consumed_power,6.038000,2026-02-17T03:58:51.183Z
sensor.sigen_plant_consumed_power,6.195000,2026-02-17T03:58:56.184Z
sensor.sigen_plant_consumed_power,6.222000,2026-02-17T03:59:01.184Z
sensor.sigen_plant_consumed_power,6.208000,2026-02-17T03:59:06.172Z
sensor.sigen_plant_consumed_power,6.266000,2026-02-17T03:59:11.172Z
sensor.sigen_plant_consumed_power,6.268000,2026-02-17T03:59:16.162Z
sensor.sigen_plant_consumed_power,6.231000,2026-02-17T03:59:21.182Z
sensor.sigen_plant_consumed_power,6.294000,2026-02-17T03:59:26.184Z
sensor.sigen_plant_consumed_power,6.227000,2026-02-17T03:59:31.174Z
sensor.sigen_plant_consumed_power,6.150000,2026-02-17T03:59:36.163Z
sensor.sigen_plant_consumed_power,6.153000,2026-02-17T03:59:41.174Z
sensor.sigen_plant_consumed_power,6.148000,2026-02-17T03:59:46.176Z
sensor.sigen_plant_consumed_power,6.187000,2026-02-17T03:59:51.184Z
sensor.sigen_plant_consumed_power,6.139000,2026-02-17T03:59:56.194Z
sensor.sigen_plant_consumed_power,6.200000,2026-02-17T04:00:01.173Z
sensor.sigen_plant_consumed_power,6.189000,2026-02-17T04:00:06.184Z
sensor.sigen_plant_consumed_power,6.243000,2026-02-17T04:00:11.185Z
sensor.sigen_plant_consumed_power,6.279000,2026-02-17T04:00:16.185Z
sensor.sigen_plant_consumed_power,6.435000,2026-02-17T04:00:21.163Z
sensor.sigen_plant_consumed_power,6.540000,2026-02-17T04:00:26.194Z
sensor.sigen_plant_consumed_power,6.429000,2026-02-17T04:00:31.204Z
sensor.sigen_plant_consumed_power,6.353000,2026-02-17T04:00:35.514Z
sensor.sigen_plant_consumed_power,6.405000,2026-02-17T04:00:40.173Z
sensor.sigen_plant_consumed_power,6.416000,2026-02-17T04:00:45.183Z
sensor.sigen_plant_consumed_power,6.291000,2026-02-17T04:00:50.163Z
sensor.sigen_plant_consumed_power,6.287000,2026-02-17T04:00:55.173Z
sensor.sigen_plant_consumed_power,6.457000,2026-02-17T04:00:56.912Z
sensor.sigen_plant_consumed_power,6.316000,2026-02-17T04:01:02.182Z
sensor.sigen_plant_consumed_power,5.735000,2026-02-17T04:01:07.163Z
sensor.sigen_plant_consumed_power,5.427000,2026-02-17T04:01:12.173Z
sensor.sigen_plant_consumed_power,4.924000,2026-02-17T04:01:17.186Z
sensor.sigen_plant_consumed_power,4.931000,2026-02-17T04:01:22.163Z
sensor.sigen_plant_consumed_power,4.933000,2026-02-17T04:01:27.163Z
sensor.sigen_plant_consumed_power,4.885000,2026-02-17T04:01:32.185Z
sensor.sigen_plant_consumed_power,4.866000,2026-02-17T04:01:37.163Z
sensor.sigen_plant_consumed_power,4.856000,2026-02-17T04:01:42.196Z
sensor.sigen_plant_consumed_power,4.542000,2026-02-17T04:01:47.245Z
sensor.sigen_plant_consumed_power,4.375000,2026-02-17T04:01:52.183Z
sensor.sigen_plant_consumed_power,3.942000,2026-02-17T04:01:57.165Z
sensor.sigen_plant_consumed_power,3.665000,2026-02-17T04:02:02.173Z
sensor.sigen_plant_consumed_power,3.603000,2026-02-17T04:02:07.164Z
sensor.sigen_plant_consumed_power,3.560000,2026-02-17T04:02:12.214Z
sensor.sigen_plant_consumed_power,3.529000,2026-02-17T04:02:17.173Z
sensor.sigen_plant_consumed_power,3.526000,2026-02-17T04:02:22.183Z
sensor.sigen_plant_consumed_power,3.546000,2026-02-17T04:02:27.184Z
sensor.sigen_plant_consumed_power,3.541000,2026-02-17T04:02:32.165Z
sensor.sigen_plant_consumed_power,3.509000,2026-02-17T04:02:37.163Z
sensor.sigen_plant_consumed_power,3.533000,2026-02-17T04:02:42.193Z
sensor.sigen_plant_consumed_power,3.550000,2026-02-17T04:02:47.183Z
sensor.sigen_plant_consumed_power,3.552000,2026-02-17T04:02:52.183Z
sensor.sigen_plant_consumed_power,3.573000,2026-02-17T04:02:57.173Z
sensor.sigen_plant_consumed_power,3.575000,2026-02-17T04:03:02.176Z
sensor.sigen_plant_consumed_power,3.519000,2026-02-17T04:03:07.173Z
sensor.sigen_plant_consumed_power,3.547000,2026-02-17T04:03:12.163Z
sensor.sigen_plant_consumed_power,3.523000,2026-02-17T04:03:17.163Z
sensor.sigen_plant_consumed_power,3.367000,2026-02-17T04:03:22.173Z
sensor.sigen_plant_consumed_power,3.018000,2026-02-17T04:03:27.183Z
sensor.sigen_plant_consumed_power,2.857000,2026-02-17T04:03:32.177Z
sensor.sigen_plant_consumed_power,2.536000,2026-02-17T04:03:37.184Z
sensor.sigen_plant_consumed_power,2.501000,2026-02-17T04:03:42.187Z
sensor.sigen_plant_consumed_power,2.489000,2026-02-17T04:03:47.184Z
sensor.sigen_plant_consumed_power,2.481000,2026-02-17T04:03:52.184Z
sensor.sigen_plant_consumed_power,2.459000,2026-02-17T04:03:57.182Z
sensor.sigen_plant_consumed_power,2.435000,2026-02-17T04:04:02.190Z
sensor.sigen_plant_consumed_power,2.421000,2026-02-17T04:04:07.184Z
sensor.sigen_plant_consumed_power,2.404000,2026-02-17T04:04:12.165Z
sensor.sigen_plant_consumed_power,2.462000,2026-02-17T04:04:17.193Z
sensor.sigen_plant_consumed_power,2.441000,2026-02-17T04:04:22.174Z
sensor.sigen_plant_consumed_power,2.452000,2026-02-17T04:04:27.196Z
sensor.sigen_plant_consumed_power,2.463000,2026-02-17T04:04:37.214Z
sensor.sigen_plant_consumed_power,2.478000,2026-02-17T04:04:42.174Z
sensor.sigen_plant_consumed_power,2.430000,2026-02-17T04:04:47.164Z
sensor.sigen_plant_consumed_power,2.433000,2026-02-17T04:04:52.185Z
sensor.sigen_plant_consumed_power,2.399000,2026-02-17T04:04:57.195Z
sensor.sigen_plant_consumed_power,2.336000,2026-02-17T04:05:02.175Z
sensor.sigen_plant_consumed_power,2.296000,2026-02-17T04:05:07.194Z
sensor.sigen_plant_consumed_power,2.304000,2026-02-17T04:05:12.194Z
sensor.sigen_plant_consumed_power,2.260000,2026-02-17T04:05:17.204Z
sensor.sigen_plant_consumed_power,2.199000,2026-02-17T04:05:22.170Z
sensor.sigen_plant_consumed_power,2.186000,2026-02-17T04:05:27.164Z
sensor.sigen_plant_consumed_power,2.210000,2026-02-17T04:05:30.106Z
sensor.sigen_plant_consumed_power,2.143000,2026-02-17T04:05:35.185Z
sensor.sigen_plant_consumed_power,2.130000,2026-02-17T04:05:40.163Z
sensor.sigen_plant_consumed_power,2.104000,2026-02-17T04:05:45.163Z
sensor.sigen_plant_consumed_power,2.178000,2026-02-17T04:05:50.194Z
sensor.sigen_plant_consumed_power,2.401000,2026-02-17T04:05:55.195Z
sensor.sigen_plant_consumed_power,2.394000,2026-02-17T04:06:00.253Z
sensor.sigen_plant_consumed_power,2.429000,2026-02-17T04:06:05.180Z
sensor.sigen_plant_consumed_power,2.440000,2026-02-17T04:06:10.275Z
sensor.sigen_plant_consumed_power,2.422000,2026-02-17T04:06:15.217Z
sensor.sigen_plant_consumed_power,2.418000,2026-02-17T04:06:20.229Z
sensor.sigen_plant_consumed_power,2.389000,2026-02-17T04:06:25.174Z
sensor.sigen_plant_consumed_power,2.353000,2026-02-17T04:06:30.210Z
sensor.sigen_plant_consumed_power,2.369000,2026-02-17T04:06:35.181Z
sensor.sigen_plant_consumed_power,2.415000,2026-02-17T04:06:40.174Z
sensor.sigen_plant_consumed_power,2.413000,2026-02-17T04:06:45.194Z
sensor.sigen_plant_consumed_power,2.359000,2026-02-17T04:06:50.197Z
sensor.sigen_plant_consumed_power,2.455000,2026-02-17T04:06:55.184Z
sensor.sigen_plant_consumed_power,2.438000,2026-02-17T04:07:00.244Z
sensor.sigen_plant_consumed_power,2.448000,2026-02-17T04:07:05.169Z
sensor.sigen_plant_consumed_power,2.469000,2026-02-17T04:07:10.164Z
sensor.sigen_plant_consumed_power,2.494000,2026-02-17T04:07:15.194Z
sensor.sigen_plant_consumed_power,2.440000,2026-02-17T04:07:20.164Z
sensor.sigen_plant_consumed_power,2.451000,2026-02-17T04:07:25.164Z
sensor.sigen_plant_consumed_power,2.426000,2026-02-17T04:07:30.167Z
sensor.sigen_plant_consumed_power,2.435000,2026-02-17T04:07:40.196Z
sensor.sigen_plant_consumed_power,1.410000,2026-02-17T04:07:45.176Z
sensor.sigen_plant_consumed_power,1.415000,2026-02-17T04:07:55.185Z
sensor.sigen_plant_consumed_power,1.435000,2026-02-17T04:08:00.275Z
sensor.sigen_plant_consumed_power,1.427000,2026-02-17T04:08:05.166Z
sensor.sigen_plant_consumed_power,1.419000,2026-02-17T04:08:10.175Z
sensor.sigen_plant_consumed_power,1.397000,2026-02-17T04:08:15.185Z
sensor.sigen_plant_consumed_power,1.409000,2026-02-17T04:08:20.176Z
sensor.sigen_plant_consumed_power,1.425000,2026-02-17T04:08:25.185Z
sensor.sigen_plant_consumed_power,1.449000,2026-02-17T04:08:30.179Z
sensor.sigen_plant_consumed_power,1.435000,2026-02-17T04:08:35.205Z
sensor.sigen_plant_consumed_power,1.418000,2026-02-17T04:08:40.186Z
sensor.sigen_plant_consumed_power,1.444000,2026-02-17T04:08:45.346Z
sensor.sigen_plant_consumed_power,1.466000,2026-02-17T04:08:50.175Z
sensor.sigen_plant_consumed_power,1.452000,2026-02-17T04:08:55.185Z
sensor.sigen_plant_consumed_power,1.450000,2026-02-17T04:09:00.266Z
sensor.sigen_plant_consumed_power,1.469000,2026-02-17T04:09:05.165Z
sensor.sigen_plant_consumed_power,1.466000,2026-02-17T04:09:10.186Z
sensor.sigen_plant_consumed_power,1.448000,2026-02-17T04:09:15.185Z
sensor.sigen_plant_consumed_power,1.463000,2026-02-17T04:09:20.165Z
sensor.sigen_plant_consumed_power,1.472000,2026-02-17T04:09:25.205Z
sensor.sigen_plant_consumed_power,1.468000,2026-02-17T04:09:30.182Z
sensor.sigen_plant_consumed_power,1.454000,2026-02-17T04:09:35.189Z
sensor.sigen_plant_consumed_power,1.468000,2026-02-17T04:09:40.175Z
sensor.sigen_plant_consumed_power,1.472000,2026-02-17T04:09:45.178Z
sensor.sigen_plant_consumed_power,1.467000,2026-02-17T04:09:50.195Z
sensor.sigen_plant_consumed_power,1.443000,2026-02-17T04:09:55.175Z
sensor.sigen_plant_consumed_power,1.479000,2026-02-17T04:10:00.246Z
sensor.sigen_plant_consumed_power,1.454000,2026-02-17T04:10:05.188Z
sensor.sigen_plant_consumed_power,1.489000,2026-02-17T04:10:10.167Z
sensor.sigen_plant_consumed_power,1.460000,2026-02-17T04:10:15.188Z
sensor.sigen_plant_consumed_power,1.459000,2026-02-17T04:10:20.178Z
sensor.sigen_plant_consumed_power,1.462000,2026-02-17T04:10:25.205Z
sensor.sigen_plant_consumed_power,1.478000,2026-02-17T04:10:30.165Z
sensor.sigen_plant_consumed_power,1.474000,2026-02-17T04:10:32.786Z
sensor.sigen_plant_consumed_power,1.492000,2026-02-17T04:10:37.205Z
sensor.sigen_plant_consumed_power,1.493000,2026-02-17T04:10:42.184Z
sensor.sigen_plant_consumed_power,1.480000,2026-02-17T04:10:47.195Z
sensor.sigen_plant_consumed_power,1.467000,2026-02-17T04:10:52.175Z
sensor.sigen_plant_consumed_power,1.472000,2026-02-17T04:10:57.195Z
sensor.sigen_plant_consumed_power,1.470000,2026-02-17T04:11:02.166Z
sensor.sigen_plant_consumed_power,1.486000,2026-02-17T04:11:07.175Z
sensor.sigen_plant_consumed_power,1.488000,2026-02-17T04:11:12.926Z
sensor.sigen_plant_consumed_power,1.474000,2026-02-17T04:11:18.176Z
sensor.sigen_plant_consumed_power,1.459000,2026-02-17T04:11:23.195Z
sensor.sigen_plant_consumed_power,1.464000,2026-02-17T04:11:33.188Z
sensor.sigen_plant_consumed_power,1.462000,2026-02-17T04:11:38.197Z
sensor.sigen_plant_consumed_power,1.468000,2026-02-17T04:11:43.176Z
sensor.sigen_plant_consumed_power,1.455000,2026-02-17T04:11:48.186Z
sensor.sigen_plant_consumed_power,1.499000,2026-02-17T04:11:53.188Z
sensor.sigen_plant_consumed_power,1.168000,2026-02-17T04:11:58.166Z
sensor.sigen_plant_consumed_power,1.169000,2026-02-17T04:12:03.176Z
sensor.sigen_plant_consumed_power,1.564000,2026-02-17T04:12:08.184Z
sensor.sigen_plant_consumed_power,2.283000,2026-02-17T04:12:13.176Z
sensor.sigen_plant_consumed_power,1.391000,2026-02-17T04:12:18.176Z
sensor.sigen_plant_consumed_power,1.245000,2026-02-17T04:12:23.166Z
sensor.sigen_plant_consumed_power,1.252000,2026-02-17T04:12:28.197Z
sensor.sigen_plant_consumed_power,1.251000,2026-02-17T04:12:33.189Z
sensor.sigen_plant_consumed_power,1.254000,2026-02-17T04:12:38.177Z
sensor.sigen_plant_consumed_power,1.260000,2026-02-17T04:12:43.189Z
sensor.sigen_plant_consumed_power,1.240000,2026-02-17T04:12:48.196Z
sensor.sigen_plant_consumed_power,1.249000,2026-02-17T04:12:53.177Z
sensor.sigen_plant_consumed_power,1.241000,2026-02-17T04:12:58.166Z
sensor.sigen_plant_consumed_power,1.268000,2026-02-17T04:13:03.196Z
sensor.sigen_plant_consumed_power,1.234000,2026-02-17T04:13:08.186Z
sensor.sigen_plant_consumed_power,1.266000,2026-02-17T04:13:13.189Z
sensor.sigen_plant_consumed_power,1.251000,2026-02-17T04:13:18.186Z
sensor.sigen_plant_consumed_power,1.242000,2026-02-17T04:13:23.188Z
sensor.sigen_plant_consumed_power,1.251000,2026-02-17T04:13:28.189Z
sensor.sigen_plant_consumed_power,1.273000,2026-02-17T04:13:33.180Z
sensor.sigen_plant_consumed_power,1.262000,2026-02-17T04:13:38.188Z
sensor.sigen_plant_consumed_power,1.247000,2026-02-17T04:13:43.200Z
sensor.sigen_plant_consumed_power,1.251000,2026-02-17T04:13:48.187Z
sensor.sigen_plant_consumed_power,1.258000,2026-02-17T04:13:53.199Z
sensor.sigen_plant_consumed_power,1.243000,2026-02-17T04:13:58.199Z
sensor.sigen_plant_consumed_power,1.023000,2026-02-17T04:14:03.207Z
sensor.sigen_plant_consumed_power,0.780000,2026-02-17T04:14:08.177Z
sensor.sigen_plant_consumed_power,1.121000,2026-02-17T04:14:13.199Z
sensor.sigen_plant_consumed_power,1.386000,2026-02-17T04:14:18.196Z
sensor.sigen_plant_consumed_power,0.760000,2026-02-17T04:14:23.201Z
sensor.sigen_plant_consumed_power,1.151000,2026-02-17T04:14:28.186Z
sensor.sigen_plant_consumed_power,1.376000,2026-02-17T04:14:33.191Z
sensor.sigen_plant_consumed_power,1.326000,2026-02-17T04:14:38.188Z
sensor.sigen_plant_consumed_power,1.651000,2026-02-17T04:14:43.169Z
sensor.sigen_plant_consumed_power,1.785000,2026-02-17T04:14:48.186Z
sensor.sigen_plant_consumed_power,1.962000,2026-02-17T04:14:53.198Z
sensor.sigen_plant_consumed_power,2.127000,2026-02-17T04:14:58.177Z
sensor.sigen_plant_consumed_power,2.269000,2026-02-17T04:15:03.218Z
sensor.sigen_plant_consumed_power,2.442000,2026-02-17T04:15:08.186Z
sensor.sigen_plant_consumed_power,2.686000,2026-02-17T04:15:13.219Z
sensor.sigen_plant_consumed_power,2.654000,2026-02-17T04:15:18.167Z
sensor.sigen_plant_consumed_power,2.669000,2026-02-17T04:15:23.226Z
sensor.sigen_plant_consumed_power,2.616000,2026-02-17T04:15:28.208Z
sensor.sigen_plant_consumed_power,2.573000,2026-02-17T04:15:33.217Z
sensor.sigen_plant_consumed_power,2.614000,2026-02-17T04:15:36.578Z
sensor.sigen_plant_consumed_power,2.528000,2026-02-17T04:15:41.186Z
sensor.sigen_plant_consumed_power,2.523000,2026-02-17T04:15:46.176Z
sensor.sigen_plant_consumed_power,2.502000,2026-02-17T04:15:51.166Z
sensor.sigen_plant_consumed_power,2.422000,2026-02-17T04:15:56.167Z
sensor.sigen_plant_consumed_power,2.393000,2026-02-17T04:16:01.187Z
sensor.sigen_plant_consumed_power,2.359000,2026-02-17T04:16:06.177Z
sensor.sigen_plant_consumed_power,2.335000,2026-02-17T04:16:11.198Z
sensor.sigen_plant_consumed_power,2.179000,2026-02-17T04:16:16.205Z
sensor.sigen_plant_consumed_power,2.367000,2026-02-17T04:16:21.179Z
sensor.sigen_plant_consumed_power,2.241000,2026-02-17T04:16:26.197Z
sensor.sigen_plant_consumed_power,2.125000,2026-02-17T04:16:31.167Z
sensor.sigen_plant_consumed_power,2.089000,2026-02-17T04:16:36.173Z
sensor.sigen_plant_consumed_power,2.022000,2026-02-17T04:16:41.167Z
sensor.sigen_plant_consumed_power,2.027000,2026-02-17T04:16:46.177Z
sensor.sigen_plant_consumed_power,1.935000,2026-02-17T04:16:51.177Z
sensor.sigen_plant_consumed_power,1.927000,2026-02-17T04:16:56.197Z
sensor.sigen_plant_consumed_power,1.933000,2026-02-17T04:17:01.177Z
sensor.sigen_plant_consumed_power,1.920000,2026-02-17T04:17:06.188Z
sensor.sigen_plant_consumed_power,1.911000,2026-02-17T04:17:11.178Z
sensor.sigen_plant_consumed_power,1.889000,2026-02-17T04:17:16.187Z
sensor.sigen_plant_consumed_power,1.897000,2026-02-17T04:17:21.167Z
sensor.sigen_plant_consumed_power,1.912000,2026-02-17T04:17:26.207Z
sensor.sigen_plant_consumed_power,1.937000,2026-02-17T04:17:31.177Z
sensor.sigen_plant_consumed_power,1.948000,2026-02-17T04:17:36.202Z
sensor.sigen_plant_consumed_power,1.902000,2026-02-17T04:17:41.179Z
sensor.sigen_plant_consumed_power,1.899000,2026-02-17T04:17:46.200Z
sensor.sigen_plant_consumed_power,1.885000,2026-02-17T04:17:51.187Z
sensor.sigen_plant_consumed_power,1.894000,2026-02-17T04:17:56.217Z
sensor.sigen_plant_consumed_power,1.911000,2026-02-17T04:18:01.168Z
sensor.sigen_plant_consumed_power,1.913000,2026-02-17T04:18:06.180Z
sensor.sigen_plant_consumed_power,1.886000,2026-02-17T04:18:11.201Z
sensor.sigen_plant_consumed_power,1.828000,2026-02-17T04:18:16.178Z
sensor.sigen_plant_consumed_power,1.873000,2026-02-17T04:18:21.187Z
sensor.sigen_plant_consumed_power,0.015000,2026-02-17T04:18:26.179Z
sensor.sigen_plant_consumed_power,1.783000,2026-02-17T04:18:31.178Z
sensor.sigen_plant_consumed_power,1.767000,2026-02-17T04:18:36.181Z
sensor.sigen_plant_consumed_power,2.106000,2026-02-17T04:18:41.180Z
sensor.sigen_plant_consumed_power,2.109000,2026-02-17T04:18:46.188Z
sensor.sigen_plant_consumed_power,2.047000,2026-02-17T04:18:51.188Z
sensor.sigen_plant_consumed_power,2.036000,2026-02-17T04:18:56.188Z
sensor.sigen_plant_consumed_power,2.074000,2026-02-17T04:19:01.176Z
sensor.sigen_plant_consumed_power,2.064000,2026-02-17T04:19:06.168Z
sensor.sigen_plant_consumed_power,2.052000,2026-02-17T04:19:11.168Z
sensor.sigen_plant_consumed_power,2.071000,2026-02-17T04:19:16.198Z
sensor.sigen_plant_consumed_power,2.064000,2026-02-17T04:19:21.178Z
sensor.sigen_plant_consumed_power,2.067000,2026-02-17T04:19:26.198Z
sensor.sigen_plant_consumed_power,2.087000,2026-02-17T04:19:31.178Z
sensor.sigen_plant_consumed_power,2.053000,2026-02-17T04:19:36.231Z
sensor.sigen_plant_consumed_power,2.075000,2026-02-17T04:19:41.188Z
sensor.sigen_plant_consumed_power,4.177000,2026-02-17T04:19:46.181Z
sensor.sigen_plant_consumed_power,4.168000,2026-02-17T04:19:51.179Z
sensor.sigen_plant_consumed_power,4.137000,2026-02-17T04:19:56.188Z
sensor.sigen_plant_consumed_power,4.119000,2026-02-17T04:20:01.208Z
sensor.sigen_plant_consumed_power,4.128000,2026-02-17T04:20:06.191Z
sensor.sigen_plant_consumed_power,4.124000,2026-02-17T04:20:11.188Z
sensor.sigen_plant_consumed_power,4.127000,2026-02-17T04:20:16.208Z
sensor.sigen_plant_consumed_power,4.136000,2026-02-17T04:20:21.178Z
sensor.sigen_plant_consumed_power,4.139000,2026-02-17T04:20:26.178Z
sensor.sigen_plant_consumed_power,4.132000,2026-02-17T04:20:31.192Z
sensor.sigen_plant_consumed_power,4.153000,2026-02-17T04:20:34.318Z
sensor.sigen_plant_consumed_power,4.158000,2026-02-17T04:20:39.170Z
sensor.sigen_plant_consumed_power,4.146000,2026-02-17T04:20:44.178Z
sensor.sigen_plant_consumed_power,4.172000,2026-02-17T04:20:49.178Z
sensor.sigen_plant_consumed_power,4.163000,2026-02-17T04:20:54.229Z
sensor.sigen_plant_consumed_power,4.159000,2026-02-17T04:20:59.199Z
sensor.sigen_plant_consumed_power,4.158000,2026-02-17T04:21:04.180Z
sensor.sigen_plant_consumed_power,4.165000,2026-02-17T04:21:09.179Z
sensor.sigen_plant_consumed_power,4.164000,2026-02-17T04:21:14.187Z
sensor.sigen_plant_consumed_power,4.181000,2026-02-17T04:21:19.198Z
sensor.sigen_plant_consumed_power,4.121000,2026-02-17T04:21:24.215Z
sensor.sigen_plant_consumed_power,4.077000,2026-02-17T04:21:29.169Z
sensor.sigen_plant_consumed_power,4.067000,2026-02-17T04:21:34.179Z
sensor.sigen_plant_consumed_power,4.215000,2026-02-17T04:21:39.179Z
sensor.sigen_plant_consumed_power,5.296000,2026-02-17T04:21:44.171Z
sensor.sigen_plant_consumed_power,4.326000,2026-02-17T04:21:49.190Z
sensor.sigen_plant_consumed_power,2.104000,2026-02-17T04:21:54.179Z
sensor.sigen_plant_consumed_power,2.057000,2026-02-17T04:21:59.179Z
sensor.sigen_plant_consumed_power,2.081000,2026-02-17T04:22:04.179Z
sensor.sigen_plant_consumed_power,2.129000,2026-02-17T04:22:09.191Z
sensor.sigen_plant_consumed_power,2.104000,2026-02-17T04:22:14.209Z
sensor.sigen_plant_consumed_power,2.146000,2026-02-17T04:22:19.201Z
sensor.sigen_plant_consumed_power,2.143000,2026-02-17T04:22:24.228Z
sensor.sigen_plant_consumed_power,2.082000,2026-02-17T04:22:29.189Z
sensor.sigen_plant_consumed_power,2.123000,2026-02-17T04:22:34.189Z
sensor.sigen_plant_consumed_power,2.132000,2026-02-17T04:22:39.187Z
sensor.sigen_plant_consumed_power,2.101000,2026-02-17T04:22:44.179Z
sensor.sigen_plant_consumed_power,2.124000,2026-02-17T04:22:49.189Z
sensor.sigen_plant_consumed_power,2.103000,2026-02-17T04:22:54.200Z
sensor.sigen_plant_consumed_power,2.118000,2026-02-17T04:22:59.180Z
sensor.sigen_plant_consumed_power,2.126000,2026-02-17T04:23:04.210Z
sensor.sigen_plant_consumed_power,2.140000,2026-02-17T04:23:09.190Z
sensor.sigen_plant_consumed_power,2.141000,2026-02-17T04:23:14.179Z
sensor.sigen_plant_consumed_power,2.168000,2026-02-17T04:23:19.182Z
sensor.sigen_plant_consumed_power,2.164000,2026-02-17T04:23:24.189Z
sensor.sigen_plant_consumed_power,2.167000,2026-02-17T04:23:29.179Z
sensor.sigen_plant_consumed_power,2.177000,2026-02-17T04:23:34.202Z
sensor.sigen_plant_consumed_power,2.180000,2026-02-17T04:23:39.169Z
sensor.sigen_plant_consumed_power,2.148000,2026-02-17T04:23:44.193Z
sensor.sigen_plant_consumed_power,2.193000,2026-02-17T04:23:49.190Z
sensor.sigen_plant_consumed_power,2.165000,2026-02-17T04:23:54.180Z
sensor.sigen_plant_consumed_power,2.135000,2026-02-17T04:23:59.170Z
sensor.sigen_plant_consumed_power,1.126000,2026-02-17T04:24:04.190Z
sensor.sigen_plant_consumed_power,1.352000,2026-02-17T04:24:09.186Z
sensor.sigen_plant_consumed_power,2.130000,2026-02-17T04:24:14.170Z
sensor.sigen_plant_consumed_power,2.097000,2026-02-17T04:24:19.180Z
sensor.sigen_plant_consumed_power,2.101000,2026-02-17T04:24:24.160Z
sensor.sigen_plant_consumed_power,2.071000,2026-02-17T04:24:29.190Z
sensor.sigen_plant_consumed_power,1.469000,2026-02-17T04:24:34.190Z
sensor.sigen_plant_consumed_power,1.494000,2026-02-17T04:24:39.182Z
sensor.sigen_plant_consumed_power,1.113000,2026-02-17T04:24:44.220Z
sensor.sigen_plant_consumed_power,1.162000,2026-02-17T04:24:49.200Z
sensor.sigen_plant_consumed_power,1.147000,2026-02-17T04:24:54.183Z
sensor.sigen_plant_consumed_power,1.156000,2026-02-17T04:24:59.180Z
sensor.sigen_plant_consumed_power,1.138000,2026-02-17T04:25:04.360Z
sensor.sigen_plant_consumed_power,1.129000,2026-02-17T04:25:09.180Z
sensor.sigen_plant_consumed_power,1.152000,2026-02-17T04:25:14.180Z
sensor.sigen_plant_consumed_power,1.143000,2026-02-17T04:25:19.210Z
sensor.sigen_plant_consumed_power,1.145000,2026-02-17T04:25:24.191Z
sensor.sigen_plant_consumed_power,1.170000,2026-02-17T04:25:28.770Z
sensor.sigen_plant_consumed_power,1.174000,2026-02-17T04:25:33.200Z
sensor.sigen_plant_consumed_power,1.207000,2026-02-17T04:25:38.182Z
sensor.sigen_plant_consumed_power,1.325000,2026-02-17T04:25:43.183Z
sensor.sigen_plant_consumed_power,1.504000,2026-02-17T04:25:48.190Z
sensor.sigen_plant_consumed_power,1.511000,2026-02-17T04:25:53.170Z
sensor.sigen_plant_consumed_power,1.500000,2026-02-17T04:25:58.180Z
sensor.sigen_plant_consumed_power,1.549000,2026-02-17T04:26:03.182Z
sensor.sigen_plant_consumed_power,1.517000,2026-02-17T04:26:08.187Z
sensor.sigen_plant_consumed_power,1.498000,2026-02-17T04:26:13.170Z
sensor.sigen_plant_consumed_power,1.494000,2026-02-17T04:26:18.184Z
sensor.sigen_plant_consumed_power,1.462000,2026-02-17T04:26:23.212Z
sensor.sigen_plant_consumed_power,1.519000,2026-02-17T04:26:28.203Z
sensor.sigen_plant_consumed_power,1.523000,2026-02-17T04:26:33.190Z
sensor.sigen_plant_consumed_power,1.508000,2026-02-17T04:26:38.189Z
sensor.sigen_plant_consumed_power,1.539000,2026-02-17T04:26:43.171Z
sensor.sigen_plant_consumed_power,1.522000,2026-02-17T04:26:48.171Z
sensor.sigen_plant_consumed_power,1.511000,2026-02-17T04:26:53.191Z
sensor.sigen_plant_consumed_power,1.481000,2026-02-17T04:26:58.163Z
sensor.sigen_plant_consumed_power,1.503000,2026-02-17T04:27:03.191Z
sensor.sigen_plant_consumed_power,1.645000,2026-02-17T04:27:08.186Z
sensor.sigen_plant_consumed_power,1.741000,2026-02-17T04:27:13.215Z
sensor.sigen_plant_consumed_power,1.926000,2026-02-17T04:27:18.213Z
sensor.sigen_plant_consumed_power,2.169000,2026-02-17T04:27:23.191Z
sensor.sigen_plant_consumed_power,2.439000,2026-02-17T04:27:28.203Z
sensor.sigen_plant_consumed_power,2.644000,2026-02-17T04:27:33.171Z
sensor.sigen_plant_consumed_power,2.904000,2026-02-17T04:27:38.191Z
sensor.sigen_plant_consumed_power,2.943000,2026-02-17T04:27:43.181Z
sensor.sigen_plant_consumed_power,2.933000,2026-02-17T04:27:48.172Z
sensor.sigen_plant_consumed_power,2.894000,2026-02-17T04:27:53.171Z
sensor.sigen_plant_consumed_power,2.849000,2026-02-17T04:27:58.182Z
sensor.sigen_plant_consumed_power,2.814000,2026-02-17T04:28:08.171Z
sensor.sigen_plant_consumed_power,2.783000,2026-02-17T04:28:13.192Z
sensor.sigen_plant_consumed_power,2.749000,2026-02-17T04:28:18.181Z
sensor.sigen_plant_consumed_power,2.751000,2026-02-17T04:28:23.192Z
sensor.sigen_plant_consumed_power,2.796000,2026-02-17T04:28:28.181Z
sensor.sigen_plant_consumed_power,2.814000,2026-02-17T04:28:33.173Z
sensor.sigen_plant_consumed_power,2.783000,2026-02-17T04:28:38.171Z
sensor.sigen_plant_consumed_power,2.828000,2026-02-17T04:28:43.191Z
sensor.sigen_plant_consumed_power,2.758000,2026-02-17T04:28:48.191Z
sensor.sigen_plant_consumed_power,2.801000,2026-02-17T04:28:53.183Z
sensor.sigen_plant_consumed_power,2.753000,2026-02-17T04:28:58.173Z
sensor.sigen_plant_consumed_power,2.795000,2026-02-17T04:29:03.178Z
sensor.sigen_plant_consumed_power,2.767000,2026-02-17T04:29:08.181Z
sensor.sigen_plant_consumed_power,2.788000,2026-02-17T04:29:13.193Z
sensor.sigen_plant_consumed_power,2.766000,2026-02-17T04:29:18.161Z
sensor.sigen_plant_consumed_power,2.813000,2026-02-17T04:29:23.171Z
sensor.sigen_plant_consumed_power,2.753000,2026-02-17T04:29:28.204Z
sensor.sigen_plant_consumed_power,2.779000,2026-02-17T04:29:33.171Z
sensor.sigen_plant_consumed_power,2.741000,2026-02-17T04:29:38.172Z
sensor.sigen_plant_consumed_power,2.749000,2026-02-17T04:29:43.192Z
sensor.sigen_plant_consumed_power,2.716000,2026-02-17T04:29:48.165Z
sensor.sigen_plant_consumed_power,2.704000,2026-02-17T04:29:53.172Z
sensor.sigen_plant_consumed_power,2.655000,2026-02-17T04:29:58.177Z
sensor.sigen_plant_consumed_power,2.652000,2026-02-17T04:30:03.162Z
sensor.sigen_plant_consumed_power,2.541000,2026-02-17T04:30:08.242Z
sensor.sigen_plant_consumed_power,2.568000,2026-02-17T04:30:13.183Z
sensor.sigen_plant_consumed_power,2.506000,2026-02-17T04:30:18.212Z
sensor.sigen_plant_consumed_power,2.345000,2026-02-17T04:30:23.172Z
sensor.sigen_plant_consumed_power,2.290000,2026-02-17T04:30:28.213Z
sensor.sigen_plant_consumed_power,2.293000,2026-02-17T04:30:33.164Z
sensor.sigen_plant_consumed_power,2.266000,2026-02-17T04:30:36.522Z
sensor.sigen_plant_consumed_power,2.247000,2026-02-17T04:30:41.181Z
sensor.sigen_plant_consumed_power,2.218000,2026-02-17T04:30:46.222Z
sensor.sigen_plant_consumed_power,2.166000,2026-02-17T04:30:51.171Z
sensor.sigen_plant_consumed_power,2.158000,2026-02-17T04:30:56.192Z
sensor.sigen_plant_consumed_power,2.134000,2026-02-17T04:31:01.172Z
sensor.sigen_plant_consumed_power,2.141000,2026-02-17T04:31:06.202Z
sensor.sigen_plant_consumed_power,2.150000,2026-02-17T04:31:11.176Z
sensor.sigen_plant_consumed_power,2.163000,2026-02-17T04:31:16.193Z
sensor.sigen_plant_consumed_power,2.123000,2026-02-17T04:31:21.182Z
sensor.sigen_plant_consumed_power,2.106000,2026-02-17T04:31:26.212Z
sensor.sigen_plant_consumed_power,2.105000,2026-02-17T04:31:31.193Z
sensor.sigen_plant_consumed_power,2.099000,2026-02-17T04:31:36.194Z
sensor.sigen_plant_consumed_power,2.107000,2026-02-17T04:31:41.162Z
sensor.sigen_plant_consumed_power,2.105000,2026-02-17T04:31:46.233Z
sensor.sigen_plant_consumed_power,2.102000,2026-02-17T04:31:51.182Z
sensor.sigen_plant_consumed_power,2.097000,2026-02-17T04:31:56.172Z
sensor.sigen_plant_consumed_power,2.125000,2026-02-17T04:32:01.165Z
sensor.sigen_plant_consumed_power,2.137000,2026-02-17T04:32:06.187Z
sensor.sigen_plant_consumed_power,2.136000,2026-02-17T04:32:11.163Z
sensor.sigen_plant_consumed_power,2.135000,2026-02-17T04:32:16.172Z
sensor.sigen_plant_consumed_power,2.117000,2026-02-17T04:32:21.164Z
sensor.sigen_plant_consumed_power,2.092000,2026-02-17T04:32:26.192Z
sensor.sigen_plant_consumed_power,2.086000,2026-02-17T04:32:31.173Z
sensor.sigen_plant_consumed_power,2.099000,2026-02-17T04:32:36.177Z
sensor.sigen_plant_consumed_power,2.084000,2026-02-17T04:32:41.184Z
sensor.sigen_plant_consumed_power,2.085000,2026-02-17T04:32:46.192Z
sensor.sigen_plant_consumed_power,2.200000,2026-02-17T04:32:51.162Z
sensor.sigen_plant_consumed_power,2.086000,2026-02-17T04:32:56.172Z
sensor.sigen_plant_consumed_power,2.115000,2026-02-17T04:33:01.180Z
sensor.sigen_plant_consumed_power,2.137000,2026-02-17T04:33:06.393Z
sensor.sigen_plant_consumed_power,2.003000,2026-02-17T04:33:11.174Z
sensor.sigen_plant_consumed_power,2.057000,2026-02-17T04:33:16.173Z
sensor.sigen_plant_consumed_power,2.034000,2026-02-17T04:33:21.175Z
sensor.sigen_plant_consumed_power,2.056000,2026-02-17T04:33:26.204Z
sensor.sigen_plant_consumed_power,2.011000,2026-02-17T04:33:31.168Z
sensor.sigen_plant_consumed_power,2.007000,2026-02-17T04:33:36.163Z
sensor.sigen_plant_consumed_power,2.231000,2026-02-17T04:33:41.175Z
sensor.sigen_plant_consumed_power,2.005000,2026-02-17T04:33:46.183Z
sensor.sigen_plant_consumed_power,2.019000,2026-02-17T04:33:51.183Z
sensor.sigen_plant_consumed_power,2.009000,2026-02-17T04:33:56.174Z
sensor.sigen_plant_consumed_power,2.016000,2026-02-17T04:34:01.164Z
sensor.sigen_plant_consumed_power,2.039000,2026-02-17T04:34:06.222Z
sensor.sigen_plant_consumed_power,2.060000,2026-02-17T04:34:11.173Z
sensor.sigen_plant_consumed_power,2.094000,2026-02-17T04:34:16.163Z
sensor.sigen_plant_consumed_power,2.066000,2026-02-17T04:34:21.183Z
sensor.sigen_plant_consumed_power,2.069000,2026-02-17T04:34:26.186Z
sensor.sigen_plant_consumed_power,1.990000,2026-02-17T04:34:31.168Z
sensor.sigen_plant_consumed_power,1.953000,2026-02-17T04:34:36.165Z
sensor.sigen_plant_consumed_power,2.105000,2026-02-17T04:34:41.173Z
sensor.sigen_plant_consumed_power,2.016000,2026-02-17T04:34:46.176Z
sensor.sigen_plant_consumed_power,2.089000,2026-02-17T04:34:51.163Z
sensor.sigen_plant_consumed_power,2.349000,2026-02-17T04:34:56.187Z
sensor.sigen_plant_consumed_power,2.408000,2026-02-17T04:35:01.193Z
sensor.sigen_plant_consumed_power,2.020000,2026-02-17T04:35:06.173Z
sensor.sigen_plant_consumed_power,1.782000,2026-02-17T04:35:11.173Z
sensor.sigen_plant_consumed_power,2.160000,2026-02-17T04:35:16.228Z
sensor.sigen_plant_consumed_power,2.105000,2026-02-17T04:35:21.175Z
sensor.sigen_plant_consumed_power,2.440000,2026-02-17T04:35:26.174Z
sensor.sigen_plant_consumed_power,2.095000,2026-02-17T04:35:31.165Z
sensor.sigen_plant_consumed_power,2.136000,2026-02-17T04:35:36.163Z
sensor.sigen_plant_consumed_power,2.111000,2026-02-17T04:35:41.164Z
sensor.sigen_plant_consumed_power,2.122000,2026-02-17T04:35:46.175Z
sensor.sigen_plant_consumed_power,2.114000,2026-02-17T04:35:51.193Z
sensor.sigen_plant_consumed_power,2.150000,2026-02-17T04:35:56.180Z
sensor.sigen_plant_consumed_power,2.135000,2026-02-17T04:36:01.178Z
sensor.sigen_plant_consumed_power,2.101000,2026-02-17T04:36:06.173Z
sensor.sigen_plant_consumed_power,1.967000,2026-02-17T04:36:11.174Z
sensor.sigen_plant_consumed_power,1.969000,2026-02-17T04:36:16.164Z
sensor.sigen_plant_consumed_power,2.160000,2026-02-17T04:36:21.164Z
sensor.sigen_plant_consumed_power,2.114000,2026-02-17T04:36:26.175Z
sensor.sigen_plant_consumed_power,2.231000,2026-02-17T04:36:31.180Z
sensor.sigen_plant_consumed_power,2.083000,2026-02-17T04:36:36.165Z
sensor.sigen_plant_consumed_power,2.186000,2026-02-17T04:36:41.174Z
sensor.sigen_plant_consumed_power,2.703000,2026-02-17T04:36:46.184Z
sensor.sigen_plant_consumed_power,2.037000,2026-02-17T04:36:51.184Z
sensor.sigen_plant_consumed_power,2.211000,2026-02-17T04:36:56.206Z
sensor.sigen_plant_consumed_power,2.052000,2026-02-17T04:37:01.203Z
sensor.sigen_plant_consumed_power,1.577000,2026-02-17T04:37:06.185Z
sensor.sigen_plant_consumed_power,1.418000,2026-02-17T04:37:11.164Z
sensor.sigen_plant_consumed_power,1.605000,2026-02-17T04:37:16.184Z
sensor.sigen_plant_consumed_power,1.378000,2026-02-17T04:37:21.174Z
sensor.sigen_plant_consumed_power,1.490000,2026-02-17T04:37:26.185Z
sensor.sigen_plant_consumed_power,1.538000,2026-02-17T04:37:31.174Z
sensor.sigen_plant_consumed_power,1.412000,2026-02-17T04:37:36.194Z
sensor.sigen_plant_consumed_power,1.476000,2026-02-17T04:37:41.194Z
sensor.sigen_plant_consumed_power,1.500000,2026-02-17T04:37:46.184Z
sensor.sigen_plant_consumed_power,1.475000,2026-02-17T04:37:51.184Z
sensor.sigen_plant_consumed_power,1.510000,2026-02-17T04:37:56.199Z
sensor.sigen_plant_consumed_power,1.562000,2026-02-17T04:38:01.215Z
sensor.sigen_plant_consumed_power,1.456000,2026-02-17T04:38:06.164Z
sensor.sigen_plant_consumed_power,3.293000,2026-02-17T04:38:11.174Z
sensor.sigen_plant_consumed_power,1.440000,2026-02-17T04:38:16.196Z
sensor.sigen_plant_consumed_power,1.552000,2026-02-17T04:38:21.194Z
sensor.sigen_plant_consumed_power,1.481000,2026-02-17T04:38:26.193Z
sensor.sigen_plant_consumed_power,1.367000,2026-02-17T04:38:31.215Z
sensor.sigen_plant_consumed_power,1.336000,2026-02-17T04:38:36.176Z
sensor.sigen_plant_consumed_power,1.349000,2026-02-17T04:38:41.214Z
sensor.sigen_plant_consumed_power,1.544000,2026-02-17T04:38:46.164Z
sensor.sigen_plant_consumed_power,1.522000,2026-02-17T04:38:51.204Z
sensor.sigen_plant_consumed_power,1.567000,2026-02-17T04:38:56.164Z
sensor.sigen_plant_consumed_power,1.580000,2026-02-17T04:39:01.311Z
sensor.sigen_plant_consumed_power,1.566000,2026-02-17T04:39:06.174Z
sensor.sigen_plant_consumed_power,1.528000,2026-02-17T04:39:11.185Z
sensor.sigen_plant_consumed_power,1.556000,2026-02-17T04:39:16.165Z
sensor.sigen_plant_consumed_power,1.562000,2026-02-17T04:39:21.166Z
sensor.sigen_plant_consumed_power,1.569000,2026-02-17T04:39:26.197Z
sensor.sigen_plant_consumed_power,1.520000,2026-02-17T04:39:31.228Z
sensor.sigen_plant_consumed_power,1.640000,2026-02-17T04:39:36.185Z
sensor.sigen_plant_consumed_power,1.636000,2026-02-17T04:39:41.166Z
sensor.sigen_plant_consumed_power,1.715000,2026-02-17T04:39:46.165Z
sensor.sigen_plant_consumed_power,1.815000,2026-02-17T04:39:51.179Z
sensor.sigen_plant_consumed_power,2.193000,2026-02-17T04:39:56.187Z
sensor.sigen_plant_consumed_power,2.479000,2026-02-17T04:40:01.165Z
sensor.sigen_plant_consumed_power,2.783000,2026-02-17T04:40:06.206Z
sensor.sigen_plant_consumed_power,2.682000,2026-02-17T04:40:11.165Z
sensor.sigen_plant_consumed_power,2.801000,2026-02-17T04:40:16.235Z
sensor.sigen_plant_consumed_power,3.045000,2026-02-17T04:40:21.227Z
sensor.sigen_plant_consumed_power,2.918000,2026-02-17T04:40:26.176Z
sensor.sigen_plant_consumed_power,3.033000,2026-02-17T04:40:31.166Z
sensor.sigen_plant_consumed_power,2.937000,2026-02-17T04:40:36.165Z
sensor.sigen_plant_consumed_power,2.815000,2026-02-17T04:40:36.385Z
sensor.sigen_plant_consumed_power,2.996000,2026-02-17T04:40:41.175Z
sensor.sigen_plant_consumed_power,2.940000,2026-02-17T04:40:46.178Z
sensor.sigen_plant_consumed_power,2.949000,2026-02-17T04:40:51.165Z
sensor.sigen_plant_consumed_power,2.558000,2026-02-17T04:40:56.175Z
sensor.sigen_plant_consumed_power,2.548000,2026-02-17T04:41:01.175Z
sensor.sigen_plant_consumed_power,2.472000,2026-02-17T04:41:06.195Z
sensor.sigen_plant_consumed_power,2.428000,2026-02-17T04:41:11.175Z
sensor.sigen_plant_consumed_power,2.440000,2026-02-17T04:41:16.167Z
sensor.sigen_plant_consumed_power,2.407000,2026-02-17T04:41:21.186Z
sensor.sigen_plant_consumed_power,2.264000,2026-02-17T04:41:26.176Z
sensor.sigen_plant_consumed_power,2.284000,2026-02-17T04:41:31.190Z
sensor.sigen_plant_consumed_power,2.271000,2026-02-17T04:41:36.186Z
sensor.sigen_plant_consumed_power,2.285000,2026-02-17T04:41:41.187Z
sensor.sigen_plant_consumed_power,2.289000,2026-02-17T04:41:46.172Z
sensor.sigen_plant_consumed_power,2.244000,2026-02-17T04:41:51.165Z
sensor.sigen_plant_consumed_power,2.264000,2026-02-17T04:41:56.206Z
sensor.sigen_plant_consumed_power,2.220000,2026-02-17T04:42:01.166Z
sensor.sigen_plant_consumed_power,2.269000,2026-02-17T04:42:06.166Z
sensor.sigen_plant_consumed_power,2.261000,2026-02-17T04:42:11.167Z
sensor.sigen_plant_consumed_power,2.229000,2026-02-17T04:42:16.166Z
sensor.sigen_plant_consumed_power,2.255000,2026-02-17T04:42:21.165Z
sensor.sigen_plant_consumed_power,2.198000,2026-02-17T04:42:26.196Z
sensor.sigen_plant_consumed_power,2.163000,2026-02-17T04:42:31.166Z
sensor.sigen_plant_consumed_power,2.117000,2026-02-17T04:42:36.196Z
sensor.sigen_plant_consumed_power,1.945000,2026-02-17T04:42:41.184Z
sensor.sigen_plant_consumed_power,1.912000,2026-02-17T04:42:46.166Z
sensor.sigen_plant_consumed_power,1.889000,2026-02-17T04:42:51.188Z
sensor.sigen_plant_consumed_power,1.858000,2026-02-17T04:42:56.197Z
sensor.sigen_plant_consumed_power,1.859000,2026-02-17T04:43:01.197Z
sensor.sigen_plant_consumed_power,1.799000,2026-02-17T04:43:06.186Z
sensor.sigen_plant_consumed_power,1.748000,2026-02-17T04:43:11.176Z
sensor.sigen_plant_consumed_power,1.783000,2026-02-17T04:43:16.167Z
sensor.sigen_plant_consumed_power,1.870000,2026-02-17T04:43:21.199Z
sensor.sigen_plant_consumed_power,1.861000,2026-02-17T04:43:26.202Z
sensor.sigen_plant_consumed_power,1.832000,2026-02-17T04:43:31.196Z
sensor.sigen_plant_consumed_power,1.829000,2026-02-17T04:43:36.166Z
sensor.sigen_plant_consumed_power,1.798000,2026-02-17T04:43:41.176Z
sensor.sigen_plant_consumed_power,1.813000,2026-02-17T04:43:46.178Z
sensor.sigen_plant_consumed_power,1.829000,2026-02-17T04:43:51.198Z
sensor.sigen_plant_consumed_power,1.818000,2026-02-17T04:43:56.176Z
sensor.sigen_plant_consumed_power,1.823000,2026-02-17T04:44:01.206Z
sensor.sigen_plant_consumed_power,1.829000,2026-02-17T04:44:06.176Z
sensor.sigen_plant_consumed_power,1.788000,2026-02-17T04:44:11.167Z
sensor.sigen_plant_consumed_power,1.811000,2026-02-17T04:44:16.166Z
sensor.sigen_plant_consumed_power,1.799000,2026-02-17T04:44:21.177Z
sensor.sigen_plant_consumed_power,1.781000,2026-02-17T04:44:26.178Z
sensor.sigen_plant_consumed_power,1.801000,2026-02-17T04:44:31.166Z
sensor.sigen_plant_consumed_power,1.834000,2026-02-17T04:44:36.167Z
sensor.sigen_plant_consumed_power,1.783000,2026-02-17T04:44:41.166Z
sensor.sigen_plant_consumed_power,1.823000,2026-02-17T04:44:46.176Z
sensor.sigen_plant_consumed_power,1.792000,2026-02-17T04:44:51.186Z
sensor.sigen_plant_consumed_power,1.777000,2026-02-17T04:44:56.198Z
sensor.sigen_plant_consumed_power,1.786000,2026-02-17T04:45:01.176Z
sensor.sigen_plant_consumed_power,1.802000,2026-02-17T04:45:06.187Z
sensor.sigen_plant_consumed_power,1.792000,2026-02-17T04:45:11.187Z
sensor.sigen_plant_consumed_power,1.784000,2026-02-17T04:45:16.188Z
sensor.sigen_plant_consumed_power,1.810000,2026-02-17T04:45:21.211Z
sensor.sigen_plant_consumed_power,1.809000,2026-02-17T04:45:26.188Z
sensor.sigen_plant_consumed_power,1.868000,2026-02-17T04:45:31.187Z
sensor.sigen_plant_consumed_power,1.861000,2026-02-17T04:45:36.168Z
sensor.sigen_plant_consumed_power,1.841000,2026-02-17T04:45:39.519Z
sensor.sigen_plant_consumed_power,1.844000,2026-02-17T04:45:44.210Z
sensor.sigen_plant_consumed_power,1.840000,2026-02-17T04:45:49.170Z
sensor.sigen_plant_consumed_power,1.798000,2026-02-17T04:45:54.166Z
sensor.sigen_plant_consumed_power,1.783000,2026-02-17T04:45:59.167Z
sensor.sigen_plant_consumed_power,1.782000,2026-02-17T04:46:04.199Z
sensor.sigen_plant_consumed_power,1.498000,2026-02-17T04:46:09.167Z
sensor.sigen_plant_consumed_power,1.938000,2026-02-17T04:46:14.207Z
sensor.sigen_plant_consumed_power,2.390000,2026-02-17T04:46:19.185Z
sensor.sigen_plant_consumed_power,2.037000,2026-02-17T04:46:24.168Z
sensor.sigen_plant_consumed_power,2.320000,2026-02-17T04:46:29.197Z
sensor.sigen_plant_consumed_power,2.202000,2026-02-17T04:46:34.197Z
sensor.sigen_plant_consumed_power,2.597000,2026-02-17T04:46:39.197Z
sensor.sigen_plant_consumed_power,2.563000,2026-02-17T04:46:44.232Z
sensor.sigen_plant_consumed_power,2.568000,2026-02-17T04:46:49.187Z
sensor.sigen_plant_consumed_power,2.545000,2026-02-17T04:46:54.217Z
sensor.sigen_plant_consumed_power,2.591000,2026-02-17T04:46:59.198Z
sensor.sigen_plant_consumed_power,2.526000,2026-02-17T04:47:04.210Z
sensor.sigen_plant_consumed_power,2.550000,2026-02-17T04:47:09.177Z
sensor.sigen_plant_consumed_power,2.600000,2026-02-17T04:47:14.207Z
sensor.sigen_plant_consumed_power,2.667000,2026-02-17T04:47:19.191Z
sensor.sigen_plant_consumed_power,2.660000,2026-02-17T04:47:24.248Z
sensor.sigen_plant_consumed_power,2.653000,2026-02-17T04:47:29.187Z
sensor.sigen_plant_consumed_power,2.679000,2026-02-17T04:47:34.258Z
sensor.sigen_plant_consumed_power,2.665000,2026-02-17T04:47:39.177Z
sensor.sigen_plant_consumed_power,2.686000,2026-02-17T04:47:44.290Z
sensor.sigen_plant_consumed_power,2.914000,2026-02-17T04:47:49.195Z
sensor.sigen_plant_consumed_power,2.982000,2026-02-17T04:47:54.230Z
sensor.sigen_plant_consumed_power,2.976000,2026-02-17T04:47:59.167Z
sensor.sigen_plant_consumed_power,3.005000,2026-02-17T04:48:04.177Z
sensor.sigen_plant_consumed_power,3.023000,2026-02-17T04:48:09.177Z
sensor.sigen_plant_consumed_power,2.885000,2026-02-17T04:48:14.183Z
sensor.sigen_plant_consumed_power,3.014000,2026-02-17T04:48:19.168Z
sensor.sigen_plant_consumed_power,3.013000,2026-02-17T04:48:24.213Z
sensor.sigen_plant_consumed_power,3.347000,2026-02-17T04:48:29.188Z
sensor.sigen_plant_consumed_power,3.274000,2026-02-17T04:48:34.208Z
sensor.sigen_plant_consumed_power,3.297000,2026-02-17T04:48:39.178Z
sensor.sigen_plant_consumed_power,3.354000,2026-02-17T04:48:44.199Z
sensor.sigen_plant_consumed_power,3.365000,2026-02-17T04:48:49.198Z
sensor.sigen_plant_consumed_power,3.341000,2026-02-17T04:48:54.218Z
sensor.sigen_plant_consumed_power,3.359000,2026-02-17T04:48:59.178Z
sensor.sigen_plant_consumed_power,3.376000,2026-02-17T04:49:04.168Z
sensor.sigen_plant_consumed_power,3.333000,2026-02-17T04:49:09.188Z
sensor.sigen_plant_consumed_power,3.337000,2026-02-17T04:49:14.171Z
sensor.sigen_plant_consumed_power,3.466000,2026-02-17T04:49:19.181Z
sensor.sigen_plant_consumed_power,3.670000,2026-02-17T04:49:24.198Z
sensor.sigen_plant_consumed_power,3.960000,2026-02-17T04:49:29.198Z
sensor.sigen_plant_consumed_power,3.991000,2026-02-17T04:49:34.178Z
sensor.sigen_plant_consumed_power,4.030000,2026-02-17T04:49:39.198Z
sensor.sigen_plant_consumed_power,4.061000,2026-02-17T04:49:44.188Z
sensor.sigen_plant_consumed_power,3.984000,2026-02-17T04:49:49.178Z
sensor.sigen_plant_consumed_power,4.022000,2026-02-17T04:49:54.178Z
sensor.sigen_plant_consumed_power,4.141000,2026-02-17T04:49:59.188Z
sensor.sigen_plant_consumed_power,4.048000,2026-02-17T04:50:04.188Z
sensor.sigen_plant_consumed_power,4.059000,2026-02-17T04:50:09.198Z
sensor.sigen_plant_consumed_power,4.267000,2026-02-17T04:50:14.169Z
sensor.sigen_plant_consumed_power,4.051000,2026-02-17T04:50:19.243Z
sensor.sigen_plant_consumed_power,3.247000,2026-02-17T04:50:24.188Z
sensor.sigen_plant_consumed_power,3.771000,2026-02-17T04:50:29.218Z
sensor.sigen_plant_consumed_power,4.506000,2026-02-17T04:50:34.181Z
sensor.sigen_plant_consumed_power,4.069000,2026-02-17T04:50:38.029Z
sensor.sigen_plant_consumed_power,3.779000,2026-02-17T04:50:43.187Z
sensor.sigen_plant_consumed_power,3.994000,2026-02-17T04:50:48.202Z
sensor.sigen_plant_consumed_power,4.021000,2026-02-17T04:50:53.191Z
sensor.sigen_plant_consumed_power,4.172000,2026-02-17T04:50:58.188Z
sensor.sigen_plant_consumed_power,3.723000,2026-02-17T04:51:03.198Z
sensor.sigen_plant_consumed_power,4.003000,2026-02-17T04:51:08.178Z
sensor.sigen_plant_consumed_power,3.836000,2026-02-17T04:51:13.178Z
sensor.sigen_plant_consumed_power,3.781000,2026-02-17T04:51:18.168Z
sensor.sigen_plant_consumed_power,3.894000,2026-02-17T04:51:23.190Z
sensor.sigen_plant_consumed_power,3.914000,2026-02-17T04:51:28.215Z
sensor.sigen_plant_consumed_power,3.932000,2026-02-17T04:51:33.178Z
sensor.sigen_plant_consumed_power,3.922000,2026-02-17T04:51:38.178Z
sensor.sigen_plant_consumed_power,4.018000,2026-02-17T04:51:43.183Z
sensor.sigen_plant_consumed_power,4.094000,2026-02-17T04:51:48.181Z
sensor.sigen_plant_consumed_power,4.095000,2026-02-17T04:51:53.200Z
sensor.sigen_plant_consumed_power,4.090000,2026-02-17T04:51:58.211Z
sensor.sigen_plant_consumed_power,4.119000,2026-02-17T04:52:03.193Z
sensor.sigen_plant_consumed_power,4.102000,2026-02-17T04:52:08.187Z
sensor.sigen_plant_consumed_power,4.115000,2026-02-17T04:52:13.170Z
sensor.sigen_plant_consumed_power,4.253000,2026-02-17T04:52:18.204Z
sensor.sigen_plant_consumed_power,4.541000,2026-02-17T04:52:23.189Z
sensor.sigen_plant_consumed_power,4.619000,2026-02-17T04:52:28.189Z
sensor.sigen_plant_consumed_power,4.646000,2026-02-17T04:52:33.189Z
sensor.sigen_plant_consumed_power,4.597000,2026-02-17T04:52:38.199Z
sensor.sigen_plant_consumed_power,4.627000,2026-02-17T04:52:43.192Z
sensor.sigen_plant_consumed_power,4.660000,2026-02-17T04:52:48.179Z
sensor.sigen_plant_consumed_power,4.649000,2026-02-17T04:52:53.189Z
sensor.sigen_plant_consumed_power,4.615000,2026-02-17T04:52:58.179Z
sensor.sigen_plant_consumed_power,4.548000,2026-02-17T04:53:03.180Z
sensor.sigen_plant_consumed_power,4.558000,2026-02-17T04:53:08.171Z
sensor.sigen_plant_consumed_power,4.568000,2026-02-17T04:53:13.200Z
sensor.sigen_plant_consumed_power,4.588000,2026-02-17T04:53:23.189Z
sensor.sigen_plant_consumed_power,4.714000,2026-02-17T04:53:28.169Z
sensor.sigen_plant_consumed_power,4.667000,2026-02-17T04:53:33.191Z
sensor.sigen_plant_consumed_power,4.587000,2026-02-17T04:53:38.189Z
sensor.sigen_plant_consumed_power,4.844000,2026-02-17T04:53:43.200Z
sensor.sigen_plant_consumed_power,4.856000,2026-02-17T04:53:48.191Z
sensor.sigen_plant_consumed_power,5.082000,2026-02-17T04:53:53.191Z
sensor.sigen_plant_consumed_power,4.855000,2026-02-17T04:53:58.195Z
sensor.sigen_plant_consumed_power,5.558000,2026-02-17T04:54:03.190Z
sensor.sigen_plant_consumed_power,4.972000,2026-02-17T04:54:08.209Z
sensor.sigen_plant_consumed_power,5.168000,2026-02-17T04:54:13.215Z
sensor.sigen_plant_consumed_power,5.235000,2026-02-17T04:54:18.189Z
sensor.sigen_plant_consumed_power,5.225000,2026-02-17T04:54:23.170Z
sensor.sigen_plant_consumed_power,5.103000,2026-02-17T04:54:28.189Z
sensor.sigen_plant_consumed_power,5.211000,2026-02-17T04:54:33.169Z
sensor.sigen_plant_consumed_power,5.297000,2026-02-17T04:54:38.170Z
sensor.sigen_plant_consumed_power,5.268000,2026-02-17T04:54:43.169Z
sensor.sigen_plant_consumed_power,4.538000,2026-02-17T04:54:48.205Z
sensor.sigen_plant_consumed_power,5.181000,2026-02-17T04:54:53.300Z
sensor.sigen_plant_consumed_power,5.097000,2026-02-17T04:54:58.190Z
sensor.sigen_plant_consumed_power,5.018000,2026-02-17T04:55:03.180Z
sensor.sigen_plant_consumed_power,5.029000,2026-02-17T04:55:08.191Z
sensor.sigen_plant_consumed_power,5.169000,2026-02-17T04:55:13.170Z
sensor.sigen_plant_consumed_power,5.429000,2026-02-17T04:55:18.240Z
sensor.sigen_plant_consumed_power,5.764000,2026-02-17T04:55:23.180Z
sensor.sigen_plant_consumed_power,5.878000,2026-02-17T04:55:28.160Z
sensor.sigen_plant_consumed_power,5.941000,2026-02-17T04:55:33.160Z
sensor.sigen_plant_consumed_power,5.900000,2026-02-17T04:55:36.220Z
sensor.sigen_plant_consumed_power,5.944000,2026-02-17T04:55:41.179Z
sensor.sigen_plant_consumed_power,5.986000,2026-02-17T04:55:46.182Z
sensor.sigen_plant_consumed_power,5.834000,2026-02-17T04:55:51.170Z
sensor.sigen_plant_consumed_power,5.859000,2026-02-17T04:55:56.190Z
sensor.sigen_plant_consumed_power,6.018000,2026-02-17T04:56:01.234Z
sensor.sigen_plant_consumed_power,5.910000,2026-02-17T04:56:06.170Z
sensor.sigen_plant_consumed_power,5.811000,2026-02-17T04:56:11.190Z
sensor.sigen_plant_consumed_power,5.839000,2026-02-17T04:56:16.210Z
sensor.sigen_plant_consumed_power,5.852000,2026-02-17T04:56:21.185Z
sensor.sigen_plant_consumed_power,5.901000,2026-02-17T04:56:26.204Z
sensor.sigen_plant_consumed_power,5.784000,2026-02-17T04:56:31.170Z
sensor.sigen_plant_consumed_power,5.828000,2026-02-17T04:56:36.201Z
sensor.sigen_plant_consumed_power,5.848000,2026-02-17T04:56:41.210Z
sensor.sigen_plant_consumed_power,5.931000,2026-02-17T04:56:46.201Z
sensor.sigen_plant_consumed_power,5.907000,2026-02-17T04:56:51.180Z
sensor.sigen_plant_consumed_power,6.029000,2026-02-17T04:56:56.170Z
sensor.sigen_plant_consumed_power,6.278000,2026-02-17T04:57:01.170Z
sensor.sigen_plant_consumed_power,6.342000,2026-02-17T04:57:06.190Z
sensor.sigen_plant_consumed_power,6.541000,2026-02-17T04:57:11.202Z
sensor.sigen_plant_consumed_power,6.616000,2026-02-17T04:57:16.171Z
sensor.sigen_plant_consumed_power,6.583000,2026-02-17T04:57:21.170Z
sensor.sigen_plant_consumed_power,6.498000,2026-02-17T04:57:26.202Z
sensor.sigen_plant_consumed_power,6.424000,2026-02-17T04:57:31.183Z
sensor.sigen_plant_consumed_power,6.446000,2026-02-17T04:57:36.170Z
sensor.sigen_plant_consumed_power,6.513000,2026-02-17T04:57:41.202Z
sensor.sigen_plant_consumed_power,6.565000,2026-02-17T04:57:46.170Z
sensor.sigen_plant_consumed_power,6.416000,2026-02-17T04:57:51.181Z
sensor.sigen_plant_consumed_power,6.394000,2026-02-17T04:57:56.191Z
sensor.sigen_plant_consumed_power,6.359000,2026-02-17T04:58:01.181Z
sensor.sigen_plant_consumed_power,6.348000,2026-02-17T04:58:06.204Z
sensor.sigen_plant_consumed_power,6.490000,2026-02-17T04:58:11.202Z
sensor.sigen_plant_consumed_power,6.396000,2026-02-17T04:58:16.173Z
sensor.sigen_plant_consumed_power,6.580000,2026-02-17T04:58:21.183Z
sensor.sigen_plant_consumed_power,6.712000,2026-02-17T04:58:26.181Z
sensor.sigen_plant_consumed_power,6.814000,2026-02-17T04:58:31.171Z
sensor.sigen_plant_consumed_power,6.913000,2026-02-17T04:58:36.185Z
sensor.sigen_plant_consumed_power,7.049000,2026-02-17T04:58:41.182Z
sensor.sigen_plant_consumed_power,7.101000,2026-02-17T04:58:46.161Z
sensor.sigen_plant_consumed_power,7.097000,2026-02-17T04:58:51.222Z
sensor.sigen_plant_consumed_power,7.172000,2026-02-17T04:58:56.161Z
sensor.sigen_plant_consumed_power,7.201000,2026-02-17T04:59:01.181Z
sensor.sigen_plant_consumed_power,7.350000,2026-02-17T04:59:06.202Z
sensor.sigen_plant_consumed_power,7.607000,2026-02-17T04:59:11.172Z
sensor.sigen_plant_consumed_power,7.251000,2026-02-17T04:59:16.171Z
sensor.sigen_plant_consumed_power,7.258000,2026-02-17T04:59:21.171Z
sensor.sigen_plant_consumed_power,7.221000,2026-02-17T04:59:26.181Z
sensor.sigen_plant_consumed_power,7.114000,2026-02-17T04:59:31.191Z
sensor.sigen_plant_consumed_power,7.072000,2026-02-17T04:59:36.172Z
sensor.sigen_plant_consumed_power,7.381000,2026-02-17T04:59:41.193Z
sensor.sigen_plant_consumed_power,7.035000,2026-02-17T04:59:46.182Z
sensor.sigen_plant_consumed_power,6.498000,2026-02-17T04:59:51.171Z
sensor.sigen_plant_consumed_power,7.321000,2026-02-17T04:59:56.191Z
sensor.sigen_plant_consumed_power,7.199000,2026-02-17T05:00:01.208Z
sensor.sigen_plant_consumed_power,7.319000,2026-02-17T05:00:06.204Z
sensor.sigen_plant_consumed_power,7.485000,2026-02-17T05:00:11.198Z
sensor.sigen_plant_consumed_power,7.493000,2026-02-17T05:00:16.171Z
sensor.sigen_plant_consumed_power,7.118000,2026-02-17T05:00:21.181Z
sensor.sigen_plant_consumed_power,7.187000,2026-02-17T05:00:26.194Z
sensor.sigen_plant_consumed_power,6.904000,2026-02-17T05:00:31.181Z
sensor.sigen_plant_consumed_power,6.927000,2026-02-17T05:00:36.184Z
sensor.sigen_plant_consumed_power,7.002000,2026-02-17T05:00:41.161Z
sensor.sigen_plant_consumed_power,7.019000,2026-02-17T05:00:43.301Z
sensor.sigen_plant_consumed_power,7.225000,2026-02-17T05:00:48.171Z
sensor.sigen_plant_consumed_power,7.006000,2026-02-17T05:00:53.162Z
sensor.sigen_plant_consumed_power,7.271000,2026-02-17T05:00:58.183Z
sensor.sigen_plant_consumed_power,7.062000,2026-02-17T05:01:03.183Z
sensor.sigen_plant_consumed_power,7.124000,2026-02-17T05:01:08.173Z
sensor.sigen_plant_consumed_power,6.942000,2026-02-17T05:01:13.183Z
sensor.sigen_plant_consumed_power,7.020000,2026-02-17T05:01:18.203Z
sensor.sigen_plant_consumed_power,7.054000,2026-02-17T05:01:23.173Z
sensor.sigen_plant_consumed_power,6.694000,2026-02-17T05:01:28.188Z
sensor.sigen_plant_consumed_power,7.090000,2026-02-17T05:01:33.181Z
sensor.sigen_plant_consumed_power,7.144000,2026-02-17T05:01:38.172Z
sensor.sigen_plant_consumed_power,7.134000,2026-02-17T05:01:43.162Z
sensor.sigen_plant_consumed_power,7.083000,2026-02-17T05:01:48.182Z
sensor.sigen_plant_consumed_power,7.201000,2026-02-17T05:01:53.162Z
sensor.sigen_plant_consumed_power,7.039000,2026-02-17T05:01:58.183Z
sensor.sigen_plant_consumed_power,6.925000,2026-02-17T05:02:03.182Z
sensor.sigen_plant_consumed_power,6.995000,2026-02-17T05:02:08.173Z
sensor.sigen_plant_consumed_power,7.037000,2026-02-17T05:02:13.173Z
sensor.sigen_plant_consumed_power,6.885000,2026-02-17T05:02:18.195Z
sensor.sigen_plant_consumed_power,6.967000,2026-02-17T05:02:23.163Z
sensor.sigen_plant_consumed_power,6.913000,2026-02-17T05:02:28.182Z
sensor.sigen_plant_consumed_power,7.111000,2026-02-17T05:02:33.182Z
sensor.sigen_plant_consumed_power,6.668000,2026-02-17T05:02:38.173Z
sensor.sigen_plant_consumed_power,7.135000,2026-02-17T05:02:43.172Z
sensor.sigen_plant_consumed_power,7.128000,2026-02-17T05:02:48.174Z
sensor.sigen_plant_consumed_power,7.112000,2026-02-17T05:02:53.183Z
sensor.sigen_plant_consumed_power,7.162000,2026-02-17T05:02:58.193Z
sensor.sigen_plant_consumed_power,7.197000,2026-02-17T05:03:03.182Z
sensor.sigen_plant_consumed_power,7.558000,2026-02-17T05:03:08.204Z
sensor.sigen_plant_consumed_power,6.516000,2026-02-17T05:03:13.174Z
sensor.sigen_plant_consumed_power,7.057000,2026-02-17T05:03:18.176Z
sensor.sigen_plant_consumed_power,7.335000,2026-02-17T05:03:23.204Z
sensor.sigen_plant_consumed_power,7.212000,2026-02-17T05:03:28.242Z
sensor.sigen_plant_consumed_power,7.715000,2026-02-17T05:03:33.192Z
sensor.sigen_plant_consumed_power,6.963000,2026-02-17T05:03:38.174Z
sensor.sigen_plant_consumed_power,7.154000,2026-02-17T05:03:43.182Z
sensor.sigen_plant_consumed_power,7.046000,2026-02-17T05:03:48.170Z
sensor.sigen_plant_consumed_power,6.852000,2026-02-17T05:03:53.172Z
sensor.sigen_plant_consumed_power,7.587000,2026-02-17T05:03:58.206Z
sensor.sigen_plant_consumed_power,6.901000,2026-02-17T05:04:03.192Z
sensor.sigen_plant_consumed_power,6.842000,2026-02-17T05:04:08.173Z
sensor.sigen_plant_consumed_power,7.104000,2026-02-17T05:04:13.174Z
sensor.sigen_plant_consumed_power,7.006000,2026-02-17T05:04:18.213Z
sensor.sigen_plant_consumed_power,7.004000,2026-02-17T05:04:23.195Z
sensor.sigen_plant_consumed_power,6.973000,2026-02-17T05:04:28.184Z
sensor.sigen_plant_consumed_power,6.964000,2026-02-17T05:04:33.197Z
sensor.sigen_plant_consumed_power,7.162000,2026-02-17T05:04:38.183Z
sensor.sigen_plant_consumed_power,7.032000,2026-02-17T05:04:43.184Z
sensor.sigen_plant_consumed_power,7.313000,2026-02-17T05:04:48.187Z
sensor.sigen_plant_consumed_power,7.115000,2026-02-17T05:04:53.183Z
sensor.sigen_plant_consumed_power,7.127000,2026-02-17T05:04:58.174Z
sensor.sigen_plant_consumed_power,7.227000,2026-02-17T05:05:03.183Z
sensor.sigen_plant_consumed_power,7.116000,2026-02-17T05:05:08.183Z
sensor.sigen_plant_consumed_power,7.004000,2026-02-17T05:05:13.185Z
sensor.sigen_plant_consumed_power,6.637000,2026-02-17T05:05:18.191Z
sensor.sigen_plant_consumed_power,6.832000,2026-02-17T05:05:23.184Z
sensor.sigen_plant_consumed_power,7.163000,2026-02-17T05:05:28.174Z
sensor.sigen_plant_consumed_power,7.020000,2026-02-17T05:05:33.203Z
sensor.sigen_plant_consumed_power,7.158000,2026-02-17T05:05:38.174Z
sensor.sigen_plant_consumed_power,7.181000,2026-02-17T05:05:39.363Z
sensor.sigen_plant_consumed_power,7.221000,2026-02-17T05:05:44.172Z
sensor.sigen_plant_consumed_power,7.358000,2026-02-17T05:05:49.182Z
sensor.sigen_plant_consumed_power,7.265000,2026-02-17T05:05:54.195Z
sensor.sigen_plant_consumed_power,7.415000,2026-02-17T05:05:59.183Z
sensor.sigen_plant_consumed_power,7.544000,2026-02-17T05:06:04.184Z
sensor.sigen_plant_consumed_power,7.580000,2026-02-17T05:06:09.192Z
sensor.sigen_plant_consumed_power,7.504000,2026-02-17T05:06:14.173Z
sensor.sigen_plant_consumed_power,7.446000,2026-02-17T05:06:19.173Z
sensor.sigen_plant_consumed_power,7.287000,2026-02-17T05:06:24.173Z
sensor.sigen_plant_consumed_power,7.288000,2026-02-17T05:06:29.205Z
sensor.sigen_plant_consumed_power,7.264000,2026-02-17T05:06:34.193Z
sensor.sigen_plant_consumed_power,7.308000,2026-02-17T05:06:39.188Z
sensor.sigen_plant_consumed_power,7.401000,2026-02-17T05:06:44.173Z
sensor.sigen_plant_consumed_power,7.955000,2026-02-17T05:06:49.193Z
sensor.sigen_plant_consumed_power,7.418000,2026-02-17T05:06:54.194Z
sensor.sigen_plant_consumed_power,7.319000,2026-02-17T05:06:59.174Z
sensor.sigen_plant_consumed_power,7.249000,2026-02-17T05:07:04.177Z
sensor.sigen_plant_consumed_power,7.367000,2026-02-17T05:07:09.177Z
sensor.sigen_plant_consumed_power,7.368000,2026-02-17T05:07:14.183Z
sensor.sigen_plant_consumed_power,7.101000,2026-02-17T05:07:19.173Z
sensor.sigen_plant_consumed_power,7.152000,2026-02-17T05:07:24.164Z
sensor.sigen_plant_consumed_power,7.432000,2026-02-17T05:07:29.206Z
sensor.sigen_plant_consumed_power,7.176000,2026-02-17T05:07:34.180Z
sensor.sigen_plant_consumed_power,7.440000,2026-02-17T05:07:39.164Z
sensor.sigen_plant_consumed_power,7.514000,2026-02-17T05:07:44.184Z
sensor.sigen_plant_consumed_power,7.492000,2026-02-17T05:07:49.184Z
sensor.sigen_plant_consumed_power,7.411000,2026-02-17T05:07:54.195Z
sensor.sigen_plant_consumed_power,7.467000,2026-02-17T05:07:59.215Z
sensor.sigen_plant_consumed_power,7.471000,2026-02-17T05:08:04.176Z
sensor.sigen_plant_consumed_power,7.410000,2026-02-17T05:08:09.175Z
sensor.sigen_plant_consumed_power,7.359000,2026-02-17T05:08:14.184Z
sensor.sigen_plant_consumed_power,7.433000,2026-02-17T05:08:19.194Z
sensor.sigen_plant_consumed_power,7.308000,2026-02-17T05:08:24.185Z
sensor.sigen_plant_consumed_power,7.283000,2026-02-17T05:08:29.216Z
sensor.sigen_plant_consumed_power,7.305000,2026-02-17T05:08:34.179Z
sensor.sigen_plant_consumed_power,7.334000,2026-02-17T05:08:39.170Z
sensor.sigen_plant_consumed_power,7.308000,2026-02-17T05:08:44.184Z
sensor.sigen_plant_consumed_power,7.170000,2026-02-17T05:08:49.186Z
sensor.sigen_plant_consumed_power,7.112000,2026-02-17T05:08:54.174Z
sensor.sigen_plant_consumed_power,7.133000,2026-02-17T05:08:59.194Z
sensor.sigen_plant_consumed_power,7.164000,2026-02-17T05:09:04.184Z
sensor.sigen_plant_consumed_power,7.174000,2026-02-17T05:09:09.184Z
sensor.sigen_plant_consumed_power,7.172000,2026-02-17T05:09:14.175Z
sensor.sigen_plant_consumed_power,7.251000,2026-02-17T05:09:19.184Z
sensor.sigen_plant_consumed_power,7.311000,2026-02-17T05:09:24.186Z
sensor.sigen_plant_consumed_power,7.338000,2026-02-17T05:09:29.194Z
sensor.sigen_plant_consumed_power,7.269000,2026-02-17T05:09:34.185Z
sensor.sigen_plant_consumed_power,7.278000,2026-02-17T05:09:39.164Z
sensor.sigen_plant_consumed_power,7.280000,2026-02-17T05:09:44.204Z
sensor.sigen_plant_consumed_power,7.292000,2026-02-17T05:09:49.164Z
sensor.sigen_plant_consumed_power,7.224000,2026-02-17T05:09:54.206Z
sensor.sigen_plant_consumed_power,7.159000,2026-02-17T05:09:59.201Z
sensor.sigen_plant_consumed_power,7.099000,2026-02-17T05:10:04.194Z
sensor.sigen_plant_consumed_power,7.161000,2026-02-17T05:10:09.164Z
sensor.sigen_plant_consumed_power,7.163000,2026-02-17T05:10:14.204Z
sensor.sigen_plant_consumed_power,7.200000,2026-02-17T05:10:19.165Z
sensor.sigen_plant_consumed_power,7.179000,2026-02-17T05:10:23.457Z
sensor.sigen_plant_consumed_power,7.146000,2026-02-17T05:10:28.204Z
sensor.sigen_plant_consumed_power,7.187000,2026-02-17T05:10:33.194Z
sensor.sigen_plant_consumed_power,7.257000,2026-02-17T05:10:38.186Z
sensor.sigen_plant_consumed_power,7.252000,2026-02-17T05:10:43.164Z
sensor.sigen_plant_consumed_power,7.213000,2026-02-17T05:10:48.254Z
sensor.sigen_plant_consumed_power,7.251000,2026-02-17T05:10:53.185Z
sensor.sigen_plant_consumed_power,7.244000,2026-02-17T05:10:58.209Z
sensor.sigen_plant_consumed_power,7.318000,2026-02-17T05:11:03.185Z
sensor.sigen_plant_consumed_power,7.321000,2026-02-17T05:11:08.177Z
sensor.sigen_plant_consumed_power,7.398000,2026-02-17T05:11:13.175Z
sensor.sigen_plant_consumed_power,7.318000,2026-02-17T05:11:18.175Z
sensor.sigen_plant_consumed_power,7.315000,2026-02-17T05:11:23.188Z
sensor.sigen_plant_consumed_power,7.424000,2026-02-17T05:11:28.185Z
sensor.sigen_plant_consumed_power,7.518000,2026-02-17T05:11:33.166Z
sensor.sigen_plant_consumed_power,7.537000,2026-02-17T05:11:38.193Z
sensor.sigen_plant_consumed_power,7.438000,2026-02-17T05:11:43.196Z
sensor.sigen_plant_consumed_power,7.511000,2026-02-17T05:11:48.208Z
sensor.sigen_plant_consumed_power,7.468000,2026-02-17T05:11:53.186Z
sensor.sigen_plant_consumed_power,7.440000,2026-02-17T05:11:58.196Z
sensor.sigen_plant_consumed_power,7.396000,2026-02-17T05:12:03.196Z
sensor.sigen_plant_consumed_power,7.269000,2026-02-17T05:12:08.178Z
sensor.sigen_plant_consumed_power,7.216000,2026-02-17T05:12:13.165Z
sensor.sigen_plant_consumed_power,7.168000,2026-02-17T05:12:18.199Z
sensor.sigen_plant_consumed_power,7.173000,2026-02-17T05:12:23.175Z
sensor.sigen_plant_consumed_power,7.152000,2026-02-17T05:12:28.220Z
sensor.sigen_plant_consumed_power,7.165000,2026-02-17T05:12:33.226Z
sensor.sigen_plant_consumed_power,7.211000,2026-02-17T05:12:38.177Z
sensor.sigen_plant_consumed_power,7.194000,2026-02-17T05:12:43.195Z
sensor.sigen_plant_consumed_power,7.302000,2026-02-17T05:12:48.208Z
sensor.sigen_plant_consumed_power,7.304000,2026-02-17T05:12:53.207Z
sensor.sigen_plant_consumed_power,7.286000,2026-02-17T05:12:58.218Z
sensor.sigen_plant_consumed_power,7.280000,2026-02-17T05:13:03.183Z
sensor.sigen_plant_consumed_power,7.224000,2026-02-17T05:13:10.206Z
sensor.sigen_plant_consumed_power,7.256000,2026-02-17T05:13:15.168Z
sensor.sigen_plant_consumed_power,7.204000,2026-02-17T05:13:20.191Z
sensor.sigen_plant_consumed_power,7.164000,2026-02-17T05:13:25.176Z
sensor.sigen_plant_consumed_power,7.167000,2026-02-17T05:13:30.196Z
sensor.sigen_plant_consumed_power,7.223000,2026-02-17T05:13:35.176Z
sensor.sigen_plant_consumed_power,7.295000,2026-02-17T05:13:40.186Z
sensor.sigen_plant_consumed_power,7.134000,2026-02-17T05:13:45.176Z
sensor.sigen_plant_consumed_power,7.185000,2026-02-17T05:13:50.188Z
sensor.sigen_plant_consumed_power,7.191000,2026-02-17T05:13:55.200Z
sensor.sigen_plant_consumed_power,7.198000,2026-02-17T05:14:00.268Z
sensor.sigen_plant_consumed_power,7.205000,2026-02-17T05:14:05.198Z
sensor.sigen_plant_consumed_power,7.185000,2026-02-17T05:14:10.187Z
sensor.sigen_plant_consumed_power,7.210000,2026-02-17T05:14:15.182Z
sensor.sigen_plant_consumed_power,7.309000,2026-02-17T05:14:20.166Z
sensor.sigen_plant_consumed_power,7.335000,2026-02-17T05:14:25.196Z
sensor.sigen_plant_consumed_power,7.312000,2026-02-17T05:14:30.176Z
sensor.sigen_plant_consumed_power,7.247000,2026-02-17T05:14:35.207Z
sensor.sigen_plant_consumed_power,7.339000,2026-02-17T05:14:40.186Z
sensor.sigen_plant_consumed_power,7.412000,2026-02-17T05:14:45.187Z
sensor.sigen_plant_consumed_power,7.332000,2026-02-17T05:14:50.177Z
sensor.sigen_plant_consumed_power,7.305000,2026-02-17T05:14:55.187Z
sensor.sigen_plant_consumed_power,7.171000,2026-02-17T05:15:00.248Z
sensor.sigen_plant_consumed_power,7.280000,2026-02-17T05:15:05.198Z
sensor.sigen_plant_consumed_power,7.276000,2026-02-17T05:15:10.186Z
sensor.sigen_plant_consumed_power,7.246000,2026-02-17T05:15:15.166Z
sensor.sigen_plant_consumed_power,7.249000,2026-02-17T05:15:20.166Z
sensor.sigen_plant_consumed_power,7.245000,2026-02-17T05:15:25.166Z
sensor.sigen_plant_consumed_power,7.323000,2026-02-17T05:15:30.177Z
sensor.sigen_plant_consumed_power,7.341000,2026-02-17T05:15:35.176Z
sensor.sigen_plant_consumed_power,7.526000,2026-02-17T05:15:40.170Z
sensor.sigen_plant_consumed_power,7.427000,2026-02-17T05:16:08.826Z
sensor.sigen_plant_consumed_power,6.936000,2026-02-17T05:16:13.196Z
sensor.sigen_plant_consumed_power,7.592000,2026-02-17T05:16:18.176Z
sensor.sigen_plant_consumed_power,7.475000,2026-02-17T05:16:23.186Z
sensor.sigen_plant_consumed_power,7.155000,2026-02-17T05:16:28.207Z
sensor.sigen_plant_consumed_power,7.485000,2026-02-17T05:16:33.227Z
sensor.sigen_plant_consumed_power,7.438000,2026-02-17T05:16:38.206Z
sensor.sigen_plant_consumed_power,7.441000,2026-02-17T05:16:43.176Z
sensor.sigen_plant_consumed_power,6.791000,2026-02-17T05:16:48.187Z
sensor.sigen_plant_consumed_power,7.664000,2026-02-17T05:16:53.210Z
sensor.sigen_plant_consumed_power,7.080000,2026-02-17T05:16:58.198Z
sensor.sigen_plant_consumed_power,7.415000,2026-02-17T05:17:03.197Z
sensor.sigen_plant_consumed_power,7.555000,2026-02-17T05:17:08.178Z
sensor.sigen_plant_consumed_power,7.522000,2026-02-17T05:17:13.187Z
sensor.sigen_plant_consumed_power,7.140000,2026-02-17T05:17:18.171Z
sensor.sigen_plant_consumed_power,7.869000,2026-02-17T05:17:23.167Z
sensor.sigen_plant_consumed_power,7.522000,2026-02-17T05:17:28.188Z
sensor.sigen_plant_consumed_power,7.390000,2026-02-17T05:17:33.179Z
sensor.sigen_plant_consumed_power,7.016000,2026-02-17T05:17:38.189Z
sensor.sigen_plant_consumed_power,7.601000,2026-02-17T05:17:43.177Z
sensor.sigen_plant_consumed_power,7.607000,2026-02-17T05:17:48.179Z
sensor.sigen_plant_consumed_power,7.711000,2026-02-17T05:17:53.167Z
sensor.sigen_plant_consumed_power,7.580000,2026-02-17T05:17:58.197Z
sensor.sigen_plant_consumed_power,7.523000,2026-02-17T05:18:03.198Z
sensor.sigen_plant_consumed_power,7.505000,2026-02-17T05:18:08.209Z
sensor.sigen_plant_consumed_power,6.985000,2026-02-17T05:18:13.177Z
sensor.sigen_plant_consumed_power,7.759000,2026-02-17T05:18:18.171Z
sensor.sigen_plant_consumed_power,7.495000,2026-02-17T05:18:23.179Z
sensor.sigen_plant_consumed_power,7.444000,2026-02-17T05:18:28.177Z
sensor.sigen_plant_consumed_power,7.329000,2026-02-17T05:18:33.197Z
sensor.sigen_plant_consumed_power,7.869000,2026-02-17T05:18:38.177Z
sensor.sigen_plant_consumed_power,7.530000,2026-02-17T05:18:43.179Z
sensor.sigen_plant_consumed_power,7.630000,2026-02-17T05:18:48.172Z
sensor.sigen_plant_consumed_power,7.548000,2026-02-17T05:18:53.205Z
sensor.sigen_plant_consumed_power,7.274000,2026-02-17T05:18:58.187Z
sensor.sigen_plant_consumed_power,7.426000,2026-02-17T05:19:03.179Z
sensor.sigen_plant_consumed_power,7.174000,2026-02-17T05:19:08.170Z
sensor.sigen_plant_consumed_power,7.268000,2026-02-17T05:19:13.171Z
sensor.sigen_plant_consumed_power,7.390000,2026-02-17T05:19:18.188Z
sensor.sigen_plant_consumed_power,7.519000,2026-02-17T05:19:23.177Z
sensor.sigen_plant_consumed_power,7.498000,2026-02-17T05:19:28.188Z
sensor.sigen_plant_consumed_power,7.592000,2026-02-17T05:19:33.189Z
sensor.sigen_plant_consumed_power,7.558000,2026-02-17T05:19:38.179Z
sensor.sigen_plant_consumed_power,6.905000,2026-02-17T05:19:43.189Z
sensor.sigen_plant_consumed_power,7.363000,2026-02-17T05:19:48.192Z
sensor.sigen_plant_consumed_power,7.394000,2026-02-17T05:19:53.168Z
sensor.sigen_plant_consumed_power,7.577000,2026-02-17T05:19:58.189Z
sensor.sigen_plant_consumed_power,7.466000,2026-02-17T05:20:03.209Z
sensor.sigen_plant_consumed_power,7.460000,2026-02-17T05:20:08.188Z
sensor.sigen_plant_consumed_power,7.434000,2026-02-17T05:20:13.176Z
sensor.sigen_plant_consumed_power,7.619000,2026-02-17T05:20:18.168Z
sensor.sigen_plant_consumed_power,7.236000,2026-02-17T05:20:23.189Z
sensor.sigen_plant_consumed_power,7.670000,2026-02-17T05:20:28.188Z
sensor.sigen_plant_consumed_power,7.174000,2026-02-17T05:20:33.169Z
sensor.sigen_plant_consumed_power,8.128000,2026-02-17T05:20:38.179Z
sensor.sigen_plant_consumed_power,7.398000,2026-02-17T05:20:43.178Z
sensor.sigen_plant_consumed_power,7.200000,2026-02-17T05:20:48.169Z
sensor.sigen_plant_consumed_power,7.146000,2026-02-17T05:20:53.209Z
sensor.sigen_plant_consumed_power,6.977000,2026-02-17T05:20:58.178Z
sensor.sigen_plant_consumed_power,7.786000,2026-02-17T05:21:03.200Z
sensor.sigen_plant_consumed_power,6.946000,2026-02-17T05:21:08.208Z
sensor.sigen_plant_consumed_power,6.441000,2026-02-17T05:21:09.108Z
sensor.sigen_plant_consumed_power,7.422000,2026-02-17T05:21:14.179Z
sensor.sigen_plant_consumed_power,6.923000,2026-02-17T05:21:19.209Z
sensor.sigen_plant_consumed_power,7.752000,2026-02-17T05:21:24.199Z
sensor.sigen_plant_consumed_power,7.540000,2026-02-17T05:21:29.209Z
sensor.sigen_plant_consumed_power,6.956000,2026-02-17T05:21:34.189Z
sensor.sigen_plant_consumed_power,6.704000,2026-02-17T05:21:39.168Z
sensor.sigen_plant_consumed_power,7.274000,2026-02-17T05:21:44.168Z
sensor.sigen_plant_consumed_power,7.008000,2026-02-17T05:21:49.187Z
sensor.sigen_plant_consumed_power,7.013000,2026-02-17T05:21:54.188Z
sensor.sigen_plant_consumed_power,7.249000,2026-02-17T05:21:59.181Z
sensor.sigen_plant_consumed_power,7.593000,2026-02-17T05:22:04.169Z
sensor.sigen_plant_consumed_power,7.451000,2026-02-17T05:22:09.168Z
sensor.sigen_plant_consumed_power,7.442000,2026-02-17T05:22:14.188Z
sensor.sigen_plant_consumed_power,7.230000,2026-02-17T05:22:19.210Z
sensor.sigen_plant_consumed_power,7.177000,2026-02-17T05:22:24.178Z
sensor.sigen_plant_consumed_power,7.157000,2026-02-17T05:22:29.189Z
sensor.sigen_plant_consumed_power,7.202000,2026-02-17T05:22:34.190Z
sensor.sigen_plant_consumed_power,7.257000,2026-02-17T05:22:39.169Z
sensor.sigen_plant_consumed_power,7.234000,2026-02-17T05:22:44.189Z
sensor.sigen_plant_consumed_power,7.269000,2026-02-17T05:22:49.189Z
sensor.sigen_plant_consumed_power,7.304000,2026-02-17T05:22:54.179Z
sensor.sigen_plant_consumed_power,7.253000,2026-02-17T05:22:59.202Z
sensor.sigen_plant_consumed_power,7.183000,2026-02-17T05:23:04.184Z
sensor.sigen_plant_consumed_power,7.237000,2026-02-17T05:23:09.179Z
sensor.sigen_plant_consumed_power,7.275000,2026-02-17T05:23:14.169Z
sensor.sigen_plant_consumed_power,7.263000,2026-02-17T05:23:19.190Z
sensor.sigen_plant_consumed_power,6.264000,2026-02-17T05:23:24.179Z
sensor.sigen_plant_consumed_power,8.026000,2026-02-17T05:23:29.192Z
sensor.sigen_plant_consumed_power,6.895000,2026-02-17T05:23:34.170Z
sensor.sigen_plant_consumed_power,7.152000,2026-02-17T05:23:39.196Z
sensor.sigen_plant_consumed_power,7.380000,2026-02-17T05:23:44.171Z
sensor.sigen_plant_consumed_power,7.539000,2026-02-17T05:23:49.212Z
sensor.sigen_plant_consumed_power,6.965000,2026-02-17T05:23:54.189Z
sensor.sigen_plant_consumed_power,7.836000,2026-02-17T05:23:59.193Z
sensor.sigen_plant_consumed_power,7.648000,2026-02-17T05:24:04.169Z
sensor.sigen_plant_consumed_power,7.728000,2026-02-17T05:24:09.179Z
sensor.sigen_plant_consumed_power,7.451000,2026-02-17T05:24:14.189Z
sensor.sigen_plant_consumed_power,7.405000,2026-02-17T05:24:19.179Z
sensor.sigen_plant_consumed_power,7.334000,2026-02-17T05:24:24.169Z
sensor.sigen_plant_consumed_power,7.349000,2026-02-17T05:24:29.172Z
sensor.sigen_plant_consumed_power,7.466000,2026-02-17T05:24:34.183Z
sensor.sigen_plant_consumed_power,7.591000,2026-02-17T05:24:39.203Z
sensor.sigen_plant_consumed_power,7.435000,2026-02-17T05:24:44.199Z
sensor.sigen_plant_consumed_power,7.434000,2026-02-17T05:24:49.201Z
sensor.sigen_plant_consumed_power,7.396000,2026-02-17T05:24:54.201Z
sensor.sigen_plant_consumed_power,7.380000,2026-02-17T05:24:59.180Z
sensor.sigen_plant_consumed_power,7.382000,2026-02-17T05:25:04.179Z
sensor.sigen_plant_consumed_power,7.029000,2026-02-17T05:25:09.190Z
sensor.sigen_plant_consumed_power,7.499000,2026-02-17T05:25:14.190Z
sensor.sigen_plant_consumed_power,7.171000,2026-02-17T05:25:19.200Z
sensor.sigen_plant_consumed_power,7.659000,2026-02-17T05:25:22.100Z
sensor.sigen_plant_consumed_power,7.670000,2026-02-17T05:25:27.179Z
sensor.sigen_plant_consumed_power,8.539000,2026-02-17T05:25:32.180Z
sensor.sigen_plant_consumed_power,9.009000,2026-02-17T05:25:37.179Z
sensor.sigen_plant_consumed_power,8.494000,2026-02-17T05:25:42.186Z
sensor.sigen_plant_consumed_power,8.748000,2026-02-17T05:25:47.221Z
sensor.sigen_plant_consumed_power,8.728000,2026-02-17T05:25:52.191Z
sensor.sigen_plant_consumed_power,9.035000,2026-02-17T05:25:57.213Z
sensor.sigen_plant_consumed_power,8.958000,2026-02-17T05:26:02.180Z
sensor.sigen_plant_consumed_power,8.956000,2026-02-17T05:26:07.199Z
sensor.sigen_plant_consumed_power,9.284000,2026-02-17T05:26:12.170Z
sensor.sigen_plant_consumed_power,8.779000,2026-02-17T05:26:17.180Z
sensor.sigen_plant_consumed_power,9.070000,2026-02-17T05:26:22.170Z
sensor.sigen_plant_consumed_power,8.909000,2026-02-17T05:26:27.191Z
sensor.sigen_plant_consumed_power,8.842000,2026-02-17T05:26:32.190Z
sensor.sigen_plant_consumed_power,8.843000,2026-02-17T05:26:37.200Z
sensor.sigen_plant_consumed_power,8.842000,2026-02-17T05:26:42.184Z
sensor.sigen_plant_consumed_power,8.913000,2026-02-17T05:26:47.190Z
sensor.sigen_plant_consumed_power,8.738000,2026-02-17T05:26:52.183Z
sensor.sigen_plant_consumed_power,8.454000,2026-02-17T05:26:57.200Z
sensor.sigen_plant_consumed_power,8.451000,2026-02-17T05:27:02.184Z
sensor.sigen_plant_consumed_power,8.504000,2026-02-17T05:27:07.160Z
sensor.sigen_plant_consumed_power,8.543000,2026-02-17T05:27:12.207Z
sensor.sigen_plant_consumed_power,8.409000,2026-02-17T05:27:17.180Z
sensor.sigen_plant_consumed_power,8.418000,2026-02-17T05:27:22.200Z
sensor.sigen_plant_consumed_power,8.885000,2026-02-17T05:27:27.180Z
sensor.sigen_plant_consumed_power,8.489000,2026-02-17T05:27:32.230Z
sensor.sigen_plant_consumed_power,8.479000,2026-02-17T05:27:37.210Z
sensor.sigen_plant_consumed_power,8.521000,2026-02-17T05:27:42.230Z
sensor.sigen_plant_consumed_power,8.496000,2026-02-17T05:27:47.183Z
sensor.sigen_plant_consumed_power,8.460000,2026-02-17T05:27:52.213Z
sensor.sigen_plant_consumed_power,8.529000,2026-02-17T05:27:57.180Z
sensor.sigen_plant_consumed_power,8.593000,2026-02-17T05:28:02.263Z
sensor.sigen_plant_consumed_power,8.504000,2026-02-17T05:28:07.170Z
sensor.sigen_plant_consumed_power,8.509000,2026-02-17T05:28:12.182Z
sensor.sigen_plant_consumed_power,8.492000,2026-02-17T05:28:17.160Z
sensor.sigen_plant_consumed_power,8.528000,2026-02-17T05:28:22.191Z
sensor.sigen_plant_consumed_power,8.569000,2026-02-17T05:28:27.191Z
sensor.sigen_plant_consumed_power,8.686000,2026-02-17T05:28:32.191Z
sensor.sigen_plant_consumed_power,8.682000,2026-02-17T05:28:37.197Z
sensor.sigen_plant_consumed_power,8.719000,2026-02-17T05:28:42.171Z
sensor.sigen_plant_consumed_power,8.812000,2026-02-17T05:28:47.162Z
sensor.sigen_plant_consumed_power,8.773000,2026-02-17T05:28:52.181Z
sensor.sigen_plant_consumed_power,8.721000,2026-02-17T05:28:57.201Z
sensor.sigen_plant_consumed_power,8.729000,2026-02-17T05:29:02.191Z
sensor.sigen_plant_consumed_power,8.751000,2026-02-17T05:29:07.161Z
sensor.sigen_plant_consumed_power,8.730000,2026-02-17T05:29:12.191Z
sensor.sigen_plant_consumed_power,8.583000,2026-02-17T05:29:17.182Z
sensor.sigen_plant_consumed_power,8.623000,2026-02-17T05:29:22.171Z
sensor.sigen_plant_consumed_power,8.404000,2026-02-17T05:29:27.221Z
sensor.sigen_plant_consumed_power,7.486000,2026-02-17T05:29:32.173Z
sensor.sigen_plant_consumed_power,7.463000,2026-02-17T05:29:37.182Z
sensor.sigen_plant_consumed_power,7.465000,2026-02-17T05:29:42.172Z
sensor.sigen_plant_consumed_power,7.515000,2026-02-17T05:29:47.192Z
sensor.sigen_plant_consumed_power,7.615000,2026-02-17T05:29:52.222Z
sensor.sigen_plant_consumed_power,7.552000,2026-02-17T05:29:57.181Z
sensor.sigen_plant_consumed_power,7.534000,2026-02-17T05:30:02.161Z
sensor.sigen_plant_consumed_power,7.476000,2026-02-17T05:30:07.181Z
sensor.sigen_plant_consumed_power,7.365000,2026-02-17T05:30:12.173Z
sensor.sigen_plant_consumed_power,7.372000,2026-02-17T05:30:17.193Z
sensor.sigen_plant_consumed_power,6.892000,2026-02-17T05:30:22.221Z
sensor.sigen_plant_consumed_power,6.943000,2026-02-17T05:30:27.193Z
sensor.sigen_plant_consumed_power,7.484000,2026-02-17T05:30:32.182Z
sensor.sigen_plant_consumed_power,7.431000,2026-02-17T05:30:35.072Z
sensor.sigen_plant_consumed_power,7.387000,2026-02-17T05:30:40.184Z
sensor.sigen_plant_consumed_power,7.462000,2026-02-17T05:30:45.161Z
sensor.sigen_plant_consumed_power,7.665000,2026-02-17T05:30:50.161Z
sensor.sigen_plant_consumed_power,7.831000,2026-02-17T05:30:55.191Z
sensor.sigen_plant_consumed_power,7.307000,2026-02-17T05:31:00.244Z
sensor.sigen_plant_consumed_power,6.983000,2026-02-17T05:31:05.201Z
sensor.sigen_plant_consumed_power,6.959000,2026-02-17T05:31:10.176Z
sensor.sigen_plant_consumed_power,7.174000,2026-02-17T05:31:15.172Z
sensor.sigen_plant_consumed_power,7.113000,2026-02-17T05:31:20.161Z
sensor.sigen_plant_consumed_power,7.418000,2026-02-17T05:31:25.163Z
sensor.sigen_plant_consumed_power,7.463000,2026-02-17T05:31:30.192Z
sensor.sigen_plant_consumed_power,7.176000,2026-02-17T05:31:35.163Z
sensor.sigen_plant_consumed_power,7.220000,2026-02-17T05:31:40.205Z
sensor.sigen_plant_consumed_power,7.295000,2026-02-17T05:31:45.164Z
sensor.sigen_plant_consumed_power,7.370000,2026-02-17T05:31:50.162Z
sensor.sigen_plant_consumed_power,7.334000,2026-02-17T05:31:55.192Z
sensor.sigen_plant_consumed_power,7.162000,2026-02-17T05:32:00.274Z
sensor.sigen_plant_consumed_power,7.676000,2026-02-17T05:32:05.175Z
sensor.sigen_plant_consumed_power,7.332000,2026-02-17T05:32:10.202Z
sensor.sigen_plant_consumed_power,7.832000,2026-02-17T05:32:15.172Z
sensor.sigen_plant_consumed_power,7.634000,2026-02-17T05:32:20.184Z
sensor.sigen_plant_consumed_power,7.455000,2026-02-17T05:32:25.204Z
sensor.sigen_plant_consumed_power,7.458000,2026-02-17T05:32:30.182Z
sensor.sigen_plant_consumed_power,7.530000,2026-02-17T05:32:35.192Z
sensor.sigen_plant_consumed_power,7.621000,2026-02-17T05:32:40.204Z
sensor.sigen_plant_consumed_power,7.428000,2026-02-17T05:32:45.182Z
sensor.sigen_plant_consumed_power,7.533000,2026-02-17T05:32:50.162Z
sensor.sigen_plant_consumed_power,6.945000,2026-02-17T05:32:55.202Z
sensor.sigen_plant_consumed_power,7.318000,2026-02-17T05:33:00.242Z
sensor.sigen_plant_consumed_power,7.548000,2026-02-17T05:33:05.176Z
sensor.sigen_plant_consumed_power,7.129000,2026-02-17T05:33:10.223Z
sensor.sigen_plant_consumed_power,7.230000,2026-02-17T05:33:15.162Z
sensor.sigen_plant_consumed_power,7.600000,2026-02-17T05:33:20.172Z
sensor.sigen_plant_consumed_power,8.045000,2026-02-17T05:33:25.172Z
sensor.sigen_plant_consumed_power,7.757000,2026-02-17T05:33:30.182Z
sensor.sigen_plant_consumed_power,7.484000,2026-02-17T05:33:35.194Z
sensor.sigen_plant_consumed_power,7.501000,2026-02-17T05:33:40.202Z
sensor.sigen_plant_consumed_power,7.569000,2026-02-17T05:33:45.172Z
sensor.sigen_plant_consumed_power,7.582000,2026-02-17T05:33:50.172Z
sensor.sigen_plant_consumed_power,7.631000,2026-02-17T05:33:55.173Z
sensor.sigen_plant_consumed_power,7.429000,2026-02-17T05:34:00.222Z
sensor.sigen_plant_consumed_power,7.488000,2026-02-17T05:34:05.188Z
sensor.sigen_plant_consumed_power,7.521000,2026-02-17T05:34:10.206Z
sensor.sigen_plant_consumed_power,7.625000,2026-02-17T05:34:15.175Z
sensor.sigen_plant_consumed_power,7.556000,2026-02-17T05:34:20.193Z
sensor.sigen_plant_consumed_power,7.543000,2026-02-17T05:34:25.173Z
sensor.sigen_plant_consumed_power,7.500000,2026-02-17T05:34:30.163Z
sensor.sigen_plant_consumed_power,7.523000,2026-02-17T05:34:35.204Z
sensor.sigen_plant_consumed_power,7.535000,2026-02-17T05:34:40.173Z
sensor.sigen_plant_consumed_power,7.564000,2026-02-17T05:34:45.173Z
sensor.sigen_plant_consumed_power,7.420000,2026-02-17T05:34:50.183Z
sensor.sigen_plant_consumed_power,7.439000,2026-02-17T05:34:55.194Z
sensor.sigen_plant_consumed_power,7.510000,2026-02-17T05:35:00.265Z
sensor.sigen_plant_consumed_power,7.441000,2026-02-17T05:35:05.184Z
sensor.sigen_plant_consumed_power,7.502000,2026-02-17T05:35:10.208Z
sensor.sigen_plant_consumed_power,7.467000,2026-02-17T05:35:15.183Z
sensor.sigen_plant_consumed_power,7.465000,2026-02-17T05:35:20.174Z
sensor.sigen_plant_consumed_power,7.500000,2026-02-17T05:35:25.173Z
sensor.sigen_plant_consumed_power,7.490000,2026-02-17T05:35:28.284Z
sensor.sigen_plant_consumed_power,7.479000,2026-02-17T05:35:33.193Z
sensor.sigen_plant_consumed_power,7.562000,2026-02-17T05:35:38.194Z
sensor.sigen_plant_consumed_power,7.543000,2026-02-17T05:35:43.202Z
sensor.sigen_plant_consumed_power,7.496000,2026-02-17T05:35:48.172Z
sensor.sigen_plant_consumed_power,7.504000,2026-02-17T05:35:53.195Z
sensor.sigen_plant_consumed_power,7.468000,2026-02-17T05:35:58.206Z
sensor.sigen_plant_consumed_power,7.595000,2026-02-17T05:36:03.203Z
sensor.sigen_plant_consumed_power,7.525000,2026-02-17T05:36:08.213Z
sensor.sigen_plant_consumed_power,7.535000,2026-02-17T05:36:13.163Z
sensor.sigen_plant_consumed_power,7.528000,2026-02-17T05:36:18.175Z
sensor.sigen_plant_consumed_power,7.532000,2026-02-17T05:36:23.173Z
sensor.sigen_plant_consumed_power,7.273000,2026-02-17T05:36:28.183Z
sensor.sigen_plant_consumed_power,7.375000,2026-02-17T05:36:33.176Z
sensor.sigen_plant_consumed_power,7.379000,2026-02-17T05:36:38.205Z
sensor.sigen_plant_consumed_power,7.339000,2026-02-17T05:36:43.203Z
sensor.sigen_plant_consumed_power,7.437000,2026-02-17T05:36:48.175Z
sensor.sigen_plant_consumed_power,7.682000,2026-02-17T05:36:53.173Z
sensor.sigen_plant_consumed_power,7.440000,2026-02-17T05:36:58.173Z
sensor.sigen_plant_consumed_power,7.389000,2026-02-17T05:37:03.175Z
sensor.sigen_plant_consumed_power,7.500000,2026-02-17T05:37:08.193Z
sensor.sigen_plant_consumed_power,7.312000,2026-02-17T05:37:13.175Z
sensor.sigen_plant_consumed_power,7.449000,2026-02-17T05:37:18.223Z
sensor.sigen_plant_consumed_power,7.662000,2026-02-17T05:37:23.194Z
sensor.sigen_plant_consumed_power,7.906000,2026-02-17T05:37:28.176Z
sensor.sigen_plant_consumed_power,7.490000,2026-02-17T05:37:33.188Z
sensor.sigen_plant_consumed_power,7.122000,2026-02-17T05:37:38.164Z
sensor.sigen_plant_consumed_power,7.461000,2026-02-17T05:37:43.184Z
sensor.sigen_plant_consumed_power,7.352000,2026-02-17T05:37:48.213Z
sensor.sigen_plant_consumed_power,7.436000,2026-02-17T05:37:53.184Z
sensor.sigen_plant_consumed_power,7.413000,2026-02-17T05:37:58.164Z
sensor.sigen_plant_consumed_power,7.382000,2026-02-17T05:38:03.174Z
sensor.sigen_plant_consumed_power,7.318000,2026-02-17T05:38:08.176Z
sensor.sigen_plant_consumed_power,7.420000,2026-02-17T05:38:13.166Z
sensor.sigen_plant_consumed_power,7.204000,2026-02-17T05:38:18.174Z
sensor.sigen_plant_consumed_power,7.487000,2026-02-17T05:38:23.165Z
sensor.sigen_plant_consumed_power,7.396000,2026-02-17T05:38:28.186Z
sensor.sigen_plant_consumed_power,7.422000,2026-02-17T05:38:33.184Z
sensor.sigen_plant_consumed_power,7.421000,2026-02-17T05:38:38.165Z
sensor.sigen_plant_consumed_power,7.550000,2026-02-17T05:38:43.206Z
sensor.sigen_plant_consumed_power,7.400000,2026-02-17T05:38:48.164Z
sensor.sigen_plant_consumed_power,7.583000,2026-02-17T05:38:53.184Z
sensor.sigen_plant_consumed_power,7.561000,2026-02-17T05:38:58.184Z
sensor.sigen_plant_consumed_power,7.504000,2026-02-17T05:39:03.197Z
sensor.sigen_plant_consumed_power,7.480000,2026-02-17T05:39:08.164Z
sensor.sigen_plant_consumed_power,7.529000,2026-02-17T05:39:13.166Z
sensor.sigen_plant_consumed_power,7.466000,2026-02-17T05:39:18.164Z
sensor.sigen_plant_consumed_power,6.867000,2026-02-17T05:39:23.174Z
sensor.sigen_plant_consumed_power,6.409000,2026-02-17T05:39:28.175Z
sensor.sigen_plant_consumed_power,7.430000,2026-02-17T05:39:33.187Z
sensor.sigen_plant_consumed_power,7.504000,2026-02-17T05:39:38.174Z
sensor.sigen_plant_consumed_power,7.540000,2026-02-17T05:39:43.184Z
sensor.sigen_plant_consumed_power,7.110000,2026-02-17T05:39:48.204Z
sensor.sigen_plant_consumed_power,7.744000,2026-02-17T05:39:53.184Z
sensor.sigen_plant_consumed_power,7.231000,2026-02-17T05:39:58.170Z
sensor.sigen_plant_consumed_power,7.790000,2026-02-17T05:40:03.176Z
sensor.sigen_plant_consumed_power,7.206000,2026-02-17T05:40:08.207Z
sensor.sigen_plant_consumed_power,7.071000,2026-02-17T05:40:13.196Z
sensor.sigen_plant_consumed_power,7.043000,2026-02-17T05:40:18.205Z
sensor.sigen_plant_consumed_power,7.140000,2026-02-17T05:40:23.186Z
sensor.sigen_plant_consumed_power,7.330000,2026-02-17T05:40:25.406Z
sensor.sigen_plant_consumed_power,7.308000,2026-02-17T05:40:30.185Z
sensor.sigen_plant_consumed_power,7.369000,2026-02-17T05:40:35.197Z
sensor.sigen_plant_consumed_power,7.506000,2026-02-17T05:40:40.174Z
sensor.sigen_plant_consumed_power,7.416000,2026-02-17T05:40:45.214Z
sensor.sigen_plant_consumed_power,7.437000,2026-02-17T05:40:50.185Z
sensor.sigen_plant_consumed_power,7.421000,2026-02-17T05:40:55.165Z
sensor.sigen_plant_consumed_power,7.340000,2026-02-17T05:41:00.275Z
sensor.sigen_plant_consumed_power,7.293000,2026-02-17T05:41:05.186Z
sensor.sigen_plant_consumed_power,7.401000,2026-02-17T05:41:10.165Z
sensor.sigen_plant_consumed_power,7.392000,2026-02-17T05:41:15.177Z
sensor.sigen_plant_consumed_power,7.265000,2026-02-17T05:41:20.176Z
sensor.sigen_plant_consumed_power,7.350000,2026-02-17T05:41:25.165Z
sensor.sigen_plant_consumed_power,7.317000,2026-02-17T05:41:30.185Z
sensor.sigen_plant_consumed_power,7.307000,2026-02-17T05:41:35.196Z
sensor.sigen_plant_consumed_power,7.345000,2026-02-17T05:41:40.186Z
sensor.sigen_plant_consumed_power,7.371000,2026-02-17T05:41:45.206Z
sensor.sigen_plant_consumed_power,7.312000,2026-02-17T05:41:50.183Z
sensor.sigen_plant_consumed_power,7.378000,2026-02-17T05:41:55.312Z
sensor.sigen_plant_consumed_power,7.366000,2026-02-17T05:42:00.255Z
sensor.sigen_plant_consumed_power,7.231000,2026-02-17T05:42:05.185Z
sensor.sigen_plant_consumed_power,7.352000,2026-02-17T05:42:10.169Z
sensor.sigen_plant_consumed_power,7.292000,2026-02-17T05:42:15.167Z
sensor.sigen_plant_consumed_power,7.297000,2026-02-17T05:42:20.200Z
sensor.sigen_plant_consumed_power,7.260000,2026-02-17T05:42:25.185Z
sensor.sigen_plant_consumed_power,7.372000,2026-02-17T05:42:30.206Z
sensor.sigen_plant_consumed_power,7.395000,2026-02-17T05:42:35.188Z
sensor.sigen_plant_consumed_power,7.359000,2026-02-17T05:42:40.177Z
sensor.sigen_plant_consumed_power,7.278000,2026-02-17T05:42:45.207Z
sensor.sigen_plant_consumed_power,7.234000,2026-02-17T05:42:50.165Z
sensor.sigen_plant_consumed_power,7.223000,2026-02-17T05:42:55.176Z
sensor.sigen_plant_consumed_power,7.065000,2026-02-17T05:43:00.265Z
sensor.sigen_plant_consumed_power,7.193000,2026-02-17T05:43:05.168Z
sensor.sigen_plant_consumed_power,7.198000,2026-02-17T05:43:10.186Z
sensor.sigen_plant_consumed_power,7.232000,2026-02-17T05:43:15.165Z
sensor.sigen_plant_consumed_power,7.286000,2026-02-17T05:43:20.165Z
sensor.sigen_plant_consumed_power,7.208000,2026-02-17T05:43:25.167Z
sensor.sigen_plant_consumed_power,7.384000,2026-02-17T05:43:30.175Z
sensor.sigen_plant_consumed_power,6.578000,2026-02-17T05:43:35.179Z
sensor.sigen_plant_consumed_power,7.077000,2026-02-17T05:43:40.186Z
sensor.sigen_plant_consumed_power,6.748000,2026-02-17T05:43:45.199Z
sensor.sigen_plant_consumed_power,6.215000,2026-02-17T05:43:50.209Z
sensor.sigen_plant_consumed_power,5.817000,2026-02-17T05:43:55.228Z
sensor.sigen_plant_consumed_power,5.397000,2026-02-17T05:44:00.266Z
sensor.sigen_plant_consumed_power,5.090000,2026-02-17T05:44:05.176Z
sensor.sigen_plant_consumed_power,5.063000,2026-02-17T05:44:10.170Z
sensor.sigen_plant_consumed_power,5.182000,2026-02-17T05:44:15.196Z
sensor.sigen_plant_consumed_power,5.230000,2026-02-17T05:44:20.176Z
sensor.sigen_plant_consumed_power,5.205000,2026-02-17T05:44:25.166Z
sensor.sigen_plant_consumed_power,5.245000,2026-02-17T05:44:30.186Z
sensor.sigen_plant_consumed_power,5.254000,2026-02-17T05:44:35.186Z
sensor.sigen_plant_consumed_power,5.601000,2026-02-17T05:44:40.196Z
sensor.sigen_plant_consumed_power,5.379000,2026-02-17T05:44:45.199Z
sensor.sigen_plant_consumed_power,5.404000,2026-02-17T05:44:50.180Z
sensor.sigen_plant_consumed_power,4.677000,2026-02-17T05:44:55.198Z
sensor.sigen_plant_consumed_power,5.266000,2026-02-17T05:45:00.266Z
sensor.sigen_plant_consumed_power,5.533000,2026-02-17T05:45:05.166Z
sensor.sigen_plant_consumed_power,5.547000,2026-02-17T05:45:10.187Z
sensor.sigen_plant_consumed_power,5.448000,2026-02-17T05:45:15.179Z
sensor.sigen_plant_consumed_power,5.237000,2026-02-17T05:45:20.209Z
sensor.sigen_plant_consumed_power,5.202000,2026-02-17T05:45:25.207Z
sensor.sigen_plant_consumed_power,5.207000,2026-02-17T05:45:30.218Z
sensor.sigen_plant_consumed_power,5.195000,2026-02-17T05:45:35.175Z
sensor.sigen_plant_consumed_power,5.187000,2026-02-17T05:45:40.187Z
sensor.sigen_plant_consumed_power,5.208000,2026-02-17T05:45:45.221Z
sensor.sigen_plant_consumed_power,5.252000,2026-02-17T05:45:50.196Z
sensor.sigen_plant_consumed_power,5.259000,2026-02-17T05:45:55.176Z
sensor.sigen_plant_consumed_power,5.232000,2026-02-17T05:46:00.254Z
sensor.sigen_plant_consumed_power,5.277000,2026-02-17T05:46:05.176Z
sensor.sigen_plant_consumed_power,5.326000,2026-02-17T05:46:11.543Z
sensor.sigen_plant_consumed_power,5.322000,2026-02-17T05:46:16.169Z
sensor.sigen_plant_consumed_power,5.428000,2026-02-17T05:46:21.208Z
sensor.sigen_plant_consumed_power,5.355000,2026-02-17T05:46:26.166Z
sensor.sigen_plant_consumed_power,5.264000,2026-02-17T05:46:31.188Z
sensor.sigen_plant_consumed_power,5.299000,2026-02-17T05:46:36.192Z
sensor.sigen_plant_consumed_power,5.281000,2026-02-17T05:46:41.179Z
sensor.sigen_plant_consumed_power,5.228000,2026-02-17T05:46:46.168Z
sensor.sigen_plant_consumed_power,5.254000,2026-02-17T05:46:51.187Z
sensor.sigen_plant_consumed_power,5.202000,2026-02-17T05:46:56.207Z
sensor.sigen_plant_consumed_power,5.201000,2026-02-17T05:47:01.208Z
sensor.sigen_plant_consumed_power,5.221000,2026-02-17T05:47:11.179Z
sensor.sigen_plant_consumed_power,5.205000,2026-02-17T05:47:16.170Z
sensor.sigen_plant_consumed_power,5.142000,2026-02-17T05:47:21.187Z
sensor.sigen_plant_consumed_power,5.137000,2026-02-17T05:47:26.168Z
sensor.sigen_plant_consumed_power,5.145000,2026-02-17T05:47:31.197Z
sensor.sigen_plant_consumed_power,5.159000,2026-02-17T05:47:36.167Z
sensor.sigen_plant_consumed_power,5.171000,2026-02-17T05:47:41.198Z
sensor.sigen_plant_consumed_power,5.155000,2026-02-17T05:47:46.177Z
sensor.sigen_plant_consumed_power,4.971000,2026-02-17T05:47:51.189Z
sensor.sigen_plant_consumed_power,4.738000,2026-02-17T05:47:56.198Z
sensor.sigen_plant_consumed_power,4.420000,2026-02-17T05:48:01.191Z
sensor.sigen_plant_consumed_power,4.146000,2026-02-17T05:48:06.198Z
sensor.sigen_plant_consumed_power,4.052000,2026-02-17T05:48:11.177Z
sensor.sigen_plant_consumed_power,4.046000,2026-02-17T05:48:16.179Z
sensor.sigen_plant_consumed_power,4.017000,2026-02-17T05:48:26.199Z
sensor.sigen_plant_consumed_power,4.053000,2026-02-17T05:48:31.167Z
sensor.sigen_plant_consumed_power,4.037000,2026-02-17T05:48:36.180Z
sensor.sigen_plant_consumed_power,4.009000,2026-02-17T05:48:41.197Z
sensor.sigen_plant_consumed_power,3.984000,2026-02-17T05:48:46.187Z
sensor.sigen_plant_consumed_power,3.994000,2026-02-17T05:48:51.177Z
sensor.sigen_plant_consumed_power,4.015000,2026-02-17T05:48:56.189Z
sensor.sigen_plant_consumed_power,3.978000,2026-02-17T05:49:01.200Z
sensor.sigen_plant_consumed_power,4.022000,2026-02-17T05:49:06.187Z
sensor.sigen_plant_consumed_power,4.074000,2026-02-17T05:49:11.177Z
sensor.sigen_plant_consumed_power,4.067000,2026-02-17T05:49:16.169Z
sensor.sigen_plant_consumed_power,3.812000,2026-02-17T05:49:21.178Z
sensor.sigen_plant_consumed_power,3.600000,2026-02-17T05:49:26.175Z
sensor.sigen_plant_consumed_power,4.552000,2026-02-17T05:49:31.208Z
sensor.sigen_plant_consumed_power,4.933000,2026-02-17T05:49:36.189Z
sensor.sigen_plant_consumed_power,4.898000,2026-02-17T05:49:41.198Z
sensor.sigen_plant_consumed_power,4.913000,2026-02-17T05:49:46.169Z
sensor.sigen_plant_consumed_power,3.056000,2026-02-17T05:49:51.192Z
sensor.sigen_plant_consumed_power,3.036000,2026-02-17T05:49:56.184Z
sensor.sigen_plant_consumed_power,2.995000,2026-02-17T05:50:01.168Z
sensor.sigen_plant_consumed_power,3.085000,2026-02-17T05:50:06.188Z
sensor.sigen_plant_consumed_power,3.080000,2026-02-17T05:50:11.188Z
sensor.sigen_plant_consumed_power,3.069000,2026-02-17T05:50:16.168Z
sensor.sigen_plant_consumed_power,4.921000,2026-02-17T05:50:21.179Z
sensor.sigen_plant_consumed_power,4.915000,2026-02-17T05:50:25.930Z
sensor.sigen_plant_consumed_power,4.874000,2026-02-17T05:50:31.205Z
sensor.sigen_plant_consumed_power,4.881000,2026-02-17T05:50:36.189Z
sensor.sigen_plant_consumed_power,4.928000,2026-02-17T05:50:41.188Z
sensor.sigen_plant_consumed_power,3.048000,2026-02-17T05:50:46.177Z
sensor.sigen_plant_consumed_power,2.977000,2026-02-17T05:50:51.179Z
sensor.sigen_plant_consumed_power,2.962000,2026-02-17T05:50:56.199Z
sensor.sigen_plant_consumed_power,4.749000,2026-02-17T05:51:01.199Z
sensor.sigen_plant_consumed_power,4.755000,2026-02-17T05:51:06.178Z
sensor.sigen_plant_consumed_power,4.726000,2026-02-17T05:51:11.179Z
sensor.sigen_plant_consumed_power,4.642000,2026-02-17T05:51:16.169Z
sensor.sigen_plant_consumed_power,4.583000,2026-02-17T05:51:21.187Z
sensor.sigen_plant_consumed_power,2.740000,2026-02-17T05:51:26.192Z
sensor.sigen_plant_consumed_power,2.700000,2026-02-17T05:51:31.200Z
sensor.sigen_plant_consumed_power,2.708000,2026-02-17T05:51:36.188Z
sensor.sigen_plant_consumed_power,2.644000,2026-02-17T05:51:41.178Z
sensor.sigen_plant_consumed_power,2.659000,2026-02-17T05:51:46.168Z
sensor.sigen_plant_consumed_power,2.693000,2026-02-17T05:51:51.187Z
sensor.sigen_plant_consumed_power,2.660000,2026-02-17T05:51:56.201Z
sensor.sigen_plant_consumed_power,2.681000,2026-02-17T05:52:01.198Z
sensor.sigen_plant_consumed_power,2.685000,2026-02-17T05:52:06.232Z
sensor.sigen_plant_consumed_power,3.012000,2026-02-17T05:52:11.178Z
sensor.sigen_plant_consumed_power,3.027000,2026-02-17T05:52:16.188Z
sensor.sigen_plant_consumed_power,2.959000,2026-02-17T05:52:21.172Z
sensor.sigen_plant_consumed_power,2.967000,2026-02-17T05:52:26.179Z
sensor.sigen_plant_consumed_power,3.012000,2026-02-17T05:52:31.224Z
sensor.sigen_plant_consumed_power,2.843000,2026-02-17T05:52:36.179Z
sensor.sigen_plant_consumed_power,2.997000,2026-02-17T05:52:41.190Z
sensor.sigen_plant_consumed_power,2.976000,2026-02-17T05:52:46.190Z
sensor.sigen_plant_consumed_power,3.024000,2026-02-17T05:52:51.169Z
sensor.sigen_plant_consumed_power,2.956000,2026-02-17T05:52:56.180Z
sensor.sigen_plant_consumed_power,2.995000,2026-02-17T05:53:01.198Z
sensor.sigen_plant_consumed_power,2.905000,2026-02-17T05:53:06.198Z
sensor.sigen_plant_consumed_power,2.982000,2026-02-17T05:53:11.169Z
sensor.sigen_plant_consumed_power,2.961000,2026-02-17T05:53:16.186Z
sensor.sigen_plant_consumed_power,2.980000,2026-02-17T05:53:21.270Z
sensor.sigen_plant_consumed_power,2.945000,2026-02-17T05:53:26.189Z
sensor.sigen_plant_consumed_power,3.020000,2026-02-17T05:53:31.178Z
sensor.sigen_plant_consumed_power,2.987000,2026-02-17T05:53:36.179Z
sensor.sigen_plant_consumed_power,2.666000,2026-02-17T05:53:41.169Z
sensor.sigen_plant_consumed_power,3.554000,2026-02-17T05:53:46.173Z
sensor.sigen_plant_consumed_power,3.586000,2026-02-17T05:53:51.211Z
sensor.sigen_plant_consumed_power,3.569000,2026-02-17T05:53:56.200Z
sensor.sigen_plant_consumed_power,3.532000,2026-02-17T05:54:01.236Z
sensor.sigen_plant_consumed_power,3.689000,2026-02-17T05:54:06.209Z
sensor.sigen_plant_consumed_power,3.925000,2026-02-17T05:54:11.189Z
sensor.sigen_plant_consumed_power,3.849000,2026-02-17T05:54:16.172Z
sensor.sigen_plant_consumed_power,3.855000,2026-02-17T05:54:21.179Z
sensor.sigen_plant_consumed_power,3.871000,2026-02-17T05:54:26.169Z
sensor.sigen_plant_consumed_power,3.873000,2026-02-17T05:54:31.199Z
sensor.sigen_plant_consumed_power,3.585000,2026-02-17T05:54:36.169Z
sensor.sigen_plant_consumed_power,3.593000,2026-02-17T05:54:41.199Z
sensor.sigen_plant_consumed_power,3.540000,2026-02-17T05:54:46.199Z
sensor.sigen_plant_consumed_power,3.581000,2026-02-17T05:54:51.169Z
sensor.sigen_plant_consumed_power,3.525000,2026-02-17T05:54:56.192Z
sensor.sigen_plant_consumed_power,3.531000,2026-02-17T05:55:01.379Z
sensor.sigen_plant_consumed_power,3.528000,2026-02-17T05:55:06.180Z
sensor.sigen_plant_consumed_power,3.461000,2026-02-17T05:55:11.179Z
sensor.sigen_plant_consumed_power,3.899000,2026-02-17T05:55:16.559Z
sensor.sigen_plant_consumed_power,3.905000,2026-02-17T05:55:21.369Z
sensor.sigen_plant_consumed_power,3.932000,2026-02-17T05:55:26.179Z
sensor.sigen_plant_consumed_power,3.880000,2026-02-17T05:55:32.194Z
sensor.sigen_plant_consumed_power,3.834000,2026-02-17T05:55:37.183Z
sensor.sigen_plant_consumed_power,3.333000,2026-02-17T05:55:42.185Z
sensor.sigen_plant_consumed_power,3.480000,2026-02-17T05:55:47.189Z
sensor.sigen_plant_consumed_power,3.504000,2026-02-17T05:55:52.578Z
sensor.sigen_plant_consumed_power,3.467000,2026-02-17T05:55:57.190Z
sensor.sigen_plant_consumed_power,3.476000,2026-02-17T05:56:02.190Z
sensor.sigen_plant_consumed_power,3.420000,2026-02-17T05:56:13.078Z
sensor.sigen_plant_consumed_power,3.456000,2026-02-17T05:56:18.172Z
sensor.sigen_plant_consumed_power,3.495000,2026-02-17T05:56:23.190Z
sensor.sigen_plant_consumed_power,3.462000,2026-02-17T05:56:28.232Z
sensor.sigen_plant_consumed_power,3.511000,2026-02-17T05:56:33.239Z
sensor.sigen_plant_consumed_power,3.475000,2026-02-17T05:56:38.189Z
sensor.sigen_plant_consumed_power,3.410000,2026-02-17T05:56:43.191Z
sensor.sigen_plant_consumed_power,3.460000,2026-02-17T05:56:48.204Z
sensor.sigen_plant_consumed_power,3.462000,2026-02-17T05:56:53.181Z
sensor.sigen_plant_consumed_power,3.456000,2026-02-17T05:56:58.176Z
sensor.sigen_plant_consumed_power,3.467000,2026-02-17T05:57:03.188Z
sensor.sigen_plant_consumed_power,3.462000,2026-02-17T05:57:08.232Z
sensor.sigen_plant_consumed_power,3.377000,2026-02-17T05:57:13.191Z
sensor.sigen_plant_consumed_power,3.365000,2026-02-17T05:57:18.214Z
sensor.sigen_plant_consumed_power,3.380000,2026-02-17T05:57:23.172Z
sensor.sigen_plant_consumed_power,3.342000,2026-02-17T05:57:28.195Z
sensor.sigen_plant_consumed_power,3.357000,2026-02-17T05:57:33.193Z
sensor.sigen_plant_consumed_power,3.352000,2026-02-17T05:57:38.172Z
sensor.sigen_plant_consumed_power,3.340000,2026-02-17T05:57:43.180Z
sensor.sigen_plant_consumed_power,3.337000,2026-02-17T05:57:48.192Z
sensor.sigen_plant_consumed_power,3.363000,2026-02-17T05:57:53.180Z
sensor.sigen_plant_consumed_power,3.324000,2026-02-17T05:57:58.183Z
sensor.sigen_plant_consumed_power,3.339000,2026-02-17T05:58:03.381Z
sensor.sigen_plant_consumed_power,3.354000,2026-02-17T05:58:08.171Z
sensor.sigen_plant_consumed_power,1.261000,2026-02-17T05:58:13.182Z
sensor.sigen_plant_consumed_power,1.220000,2026-02-17T05:58:18.170Z
sensor.sigen_plant_consumed_power,1.229000,2026-02-17T05:58:23.184Z
sensor.sigen_plant_consumed_power,1.325000,2026-02-17T05:58:28.171Z
sensor.sigen_plant_consumed_power,1.338000,2026-02-17T05:58:33.180Z
sensor.sigen_plant_consumed_power,1.356000,2026-02-17T05:58:38.165Z
sensor.sigen_plant_consumed_power,1.360000,2026-02-17T05:58:43.191Z
sensor.sigen_plant_consumed_power,1.368000,2026-02-17T05:58:48.201Z
sensor.sigen_plant_consumed_power,1.360000,2026-02-17T05:58:53.170Z
sensor.sigen_plant_consumed_power,1.406000,2026-02-17T05:58:58.192Z
sensor.sigen_plant_consumed_power,1.379000,2026-02-17T05:59:03.211Z
sensor.sigen_plant_consumed_power,1.352000,2026-02-17T05:59:08.180Z
sensor.sigen_plant_consumed_power,1.415000,2026-02-17T05:59:13.192Z
sensor.sigen_plant_consumed_power,1.395000,2026-02-17T05:59:18.172Z
sensor.sigen_plant_consumed_power,1.412000,2026-02-17T05:59:23.240Z
sensor.sigen_plant_consumed_power,1.341000,2026-02-17T05:59:28.170Z
sensor.sigen_plant_consumed_power,1.377000,2026-02-17T05:59:33.171Z
sensor.sigen_plant_consumed_power,1.403000,2026-02-17T05:59:38.181Z
sensor.sigen_plant_consumed_power,1.363000,2026-02-17T05:59:43.221Z
sensor.sigen_plant_consumed_power,1.445000,2026-02-17T05:59:48.181Z
sensor.sigen_plant_consumed_power,1.437000,2026-02-17T05:59:53.181Z
sensor.sigen_plant_consumed_power,1.372000,2026-02-17T05:59:58.203Z
sensor.sigen_plant_consumed_power,1.338000,2026-02-17T06:00:03.200Z
sensor.sigen_plant_consumed_power,1.280000,2026-02-17T06:00:08.360Z
sensor.sigen_plant_consumed_power,1.292000,2026-02-17T06:00:13.160Z
sensor.sigen_plant_consumed_power,1.245000,2026-02-17T06:00:18.172Z
sensor.sigen_plant_consumed_power,1.297000,2026-02-17T06:00:23.174Z
sensor.sigen_plant_consumed_power,1.287000,2026-02-17T06:00:25.050Z
sensor.sigen_plant_consumed_power,1.268000,2026-02-17T06:00:30.221Z
sensor.sigen_plant_consumed_power,1.288000,2026-02-17T06:00:35.173Z
sensor.sigen_plant_consumed_power,1.260000,2026-02-17T06:00:37.261Z
sensor.sigen_plant_consumed_power,1.333000,2026-02-17T06:00:42.180Z
sensor.sigen_plant_consumed_power,1.354000,2026-02-17T06:00:47.191Z
sensor.sigen_plant_consumed_power,1.362000,2026-02-17T06:00:52.180Z
sensor.sigen_plant_consumed_power,1.299000,2026-02-17T06:00:57.181Z
sensor.sigen_plant_consumed_power,1.297000,2026-02-17T06:01:02.170Z
sensor.sigen_plant_consumed_power,1.304000,2026-02-17T06:01:07.180Z
sensor.sigen_plant_consumed_power,1.309000,2026-02-17T06:01:12.212Z
sensor.sigen_plant_consumed_power,1.291000,2026-02-17T06:01:17.170Z
sensor.sigen_plant_consumed_power,1.308000,2026-02-17T06:01:22.185Z
sensor.sigen_plant_consumed_power,1.560000,2026-02-17T06:01:27.181Z
sensor.sigen_plant_consumed_power,1.379000,2026-02-17T06:01:32.171Z
sensor.sigen_plant_consumed_power,1.256000,2026-02-17T06:01:37.184Z
sensor.sigen_plant_consumed_power,1.309000,2026-02-17T06:01:42.171Z
sensor.sigen_plant_consumed_power,1.284000,2026-02-17T06:01:47.170Z
sensor.sigen_plant_consumed_power,1.301000,2026-02-17T06:01:52.163Z
sensor.sigen_plant_consumed_power,1.292000,2026-02-17T06:01:57.222Z
sensor.sigen_plant_consumed_power,1.297000,2026-02-17T06:02:02.161Z
sensor.sigen_plant_consumed_power,1.269000,2026-02-17T06:02:07.171Z
sensor.sigen_plant_consumed_power,1.248000,2026-02-17T06:02:12.215Z
sensor.sigen_plant_consumed_power,1.339000,2026-02-17T06:02:17.181Z
sensor.sigen_plant_consumed_power,1.254000,2026-02-17T06:02:22.181Z
sensor.sigen_plant_consumed_power,1.310000,2026-02-17T06:02:27.161Z
sensor.sigen_plant_consumed_power,1.293000,2026-02-17T06:02:32.205Z
sensor.sigen_plant_consumed_power,1.289000,2026-02-17T06:02:37.171Z
sensor.sigen_plant_consumed_power,1.315000,2026-02-17T06:02:42.161Z
sensor.sigen_plant_consumed_power,1.278000,2026-02-17T06:02:47.172Z
sensor.sigen_plant_consumed_power,1.301000,2026-02-17T06:02:52.171Z
sensor.sigen_plant_consumed_power,1.311000,2026-02-17T06:02:57.183Z
sensor.sigen_plant_consumed_power,1.242000,2026-02-17T06:03:02.181Z
sensor.sigen_plant_consumed_power,1.257000,2026-02-17T06:03:07.181Z
sensor.sigen_plant_consumed_power,1.327000,2026-02-17T06:03:12.163Z
sensor.sigen_plant_consumed_power,1.311000,2026-02-17T06:03:17.166Z
sensor.sigen_plant_consumed_power,1.325000,2026-02-17T06:03:22.184Z
sensor.sigen_plant_consumed_power,1.293000,2026-02-17T06:03:27.182Z
sensor.sigen_plant_consumed_power,1.313000,2026-02-17T06:03:32.636Z
sensor.sigen_plant_consumed_power,1.297000,2026-02-17T06:03:37.161Z
sensor.sigen_plant_consumed_power,1.365000,2026-02-17T06:03:42.171Z
sensor.sigen_plant_consumed_power,1.468000,2026-02-17T06:03:47.191Z
sensor.sigen_plant_consumed_power,1.554000,2026-02-17T06:03:52.162Z
sensor.sigen_plant_consumed_power,1.843000,2026-02-17T06:03:57.215Z
sensor.sigen_plant_consumed_power,2.120000,2026-02-17T06:04:02.181Z
sensor.sigen_plant_consumed_power,2.464000,2026-02-17T06:04:07.201Z
sensor.sigen_plant_consumed_power,2.688000,2026-02-17T06:04:12.171Z
sensor.sigen_plant_consumed_power,2.845000,2026-02-17T06:04:17.171Z
sensor.sigen_plant_consumed_power,2.828000,2026-02-17T06:04:22.171Z
sensor.sigen_plant_consumed_power,2.812000,2026-02-17T06:04:27.181Z
sensor.sigen_plant_consumed_power,2.718000,2026-02-17T06:04:32.181Z
sensor.sigen_plant_consumed_power,2.724000,2026-02-17T06:04:37.183Z
sensor.sigen_plant_consumed_power,2.681000,2026-02-17T06:04:42.195Z
sensor.sigen_plant_consumed_power,2.689000,2026-02-17T06:04:47.165Z
sensor.sigen_plant_consumed_power,2.674000,2026-02-17T06:04:52.172Z
sensor.sigen_plant_consumed_power,2.610000,2026-02-17T06:04:57.203Z
sensor.sigen_plant_consumed_power,2.623000,2026-02-17T06:05:02.182Z
sensor.sigen_plant_consumed_power,2.604000,2026-02-17T06:05:07.163Z
sensor.sigen_plant_consumed_power,2.534000,2026-02-17T06:05:12.181Z
sensor.sigen_plant_consumed_power,2.539000,2026-02-17T06:05:17.175Z
sensor.sigen_plant_consumed_power,2.219000,2026-02-17T06:05:22.192Z
sensor.sigen_plant_consumed_power,2.350000,2026-02-17T06:05:24.133Z
sensor.sigen_plant_consumed_power,1.910000,2026-02-17T06:05:29.204Z
sensor.sigen_plant_consumed_power,2.312000,2026-02-17T06:05:34.181Z
sensor.sigen_plant_consumed_power,2.244000,2026-02-17T06:05:39.184Z
sensor.sigen_plant_consumed_power,2.237000,2026-02-17T06:05:44.171Z
sensor.sigen_plant_consumed_power,2.191000,2026-02-17T06:05:49.193Z
sensor.sigen_plant_consumed_power,2.156000,2026-02-17T06:05:54.184Z
sensor.sigen_plant_consumed_power,2.088000,2026-02-17T06:05:59.182Z
sensor.sigen_plant_consumed_power,2.095000,2026-02-17T06:06:04.173Z
sensor.sigen_plant_consumed_power,2.068000,2026-02-17T06:06:09.213Z
sensor.sigen_plant_consumed_power,2.087000,2026-02-17T06:06:14.162Z
sensor.sigen_plant_consumed_power,1.980000,2026-02-17T06:06:19.162Z
sensor.sigen_plant_consumed_power,1.962000,2026-02-17T06:06:24.172Z
sensor.sigen_plant_consumed_power,1.952000,2026-02-17T06:06:29.183Z
sensor.sigen_plant_consumed_power,1.928000,2026-02-17T06:06:34.162Z
sensor.sigen_plant_consumed_power,1.934000,2026-02-17T06:06:39.182Z
sensor.sigen_plant_consumed_power,1.936000,2026-02-17T06:06:44.193Z
sensor.sigen_plant_consumed_power,1.928000,2026-02-17T06:06:49.162Z
sensor.sigen_plant_consumed_power,1.935000,2026-02-17T06:06:54.162Z
sensor.sigen_plant_consumed_power,1.921000,2026-02-17T06:06:59.181Z
sensor.sigen_plant_consumed_power,1.912000,2026-02-17T06:07:04.204Z
sensor.sigen_plant_consumed_power,1.920000,2026-02-17T06:07:09.203Z
sensor.sigen_plant_consumed_power,1.886000,2026-02-17T06:07:14.173Z
sensor.sigen_plant_consumed_power,1.935000,2026-02-17T06:07:19.164Z
sensor.sigen_plant_consumed_power,1.973000,2026-02-17T06:07:24.193Z
sensor.sigen_plant_consumed_power,2.029000,2026-02-17T06:07:29.173Z
sensor.sigen_plant_consumed_power,1.943000,2026-02-17T06:07:34.162Z
sensor.sigen_plant_consumed_power,1.650000,2026-02-17T06:07:39.182Z
sensor.sigen_plant_consumed_power,1.331000,2026-02-17T06:07:44.183Z
sensor.sigen_plant_consumed_power,1.922000,2026-02-17T06:07:49.184Z
sensor.sigen_plant_consumed_power,1.891000,2026-02-17T06:07:54.192Z
sensor.sigen_plant_consumed_power,1.904000,2026-02-17T06:07:59.185Z
sensor.sigen_plant_consumed_power,1.915000,2026-02-17T06:08:04.194Z
sensor.sigen_plant_consumed_power,1.944000,2026-02-17T06:08:09.183Z
sensor.sigen_plant_consumed_power,2.049000,2026-02-17T06:08:14.184Z
sensor.sigen_plant_consumed_power,2.164000,2026-02-17T06:08:19.184Z
sensor.sigen_plant_consumed_power,1.875000,2026-02-17T06:08:24.163Z
sensor.sigen_plant_consumed_power,1.893000,2026-02-17T06:08:29.162Z
sensor.sigen_plant_consumed_power,1.878000,2026-02-17T06:08:34.214Z
sensor.sigen_plant_consumed_power,1.917000,2026-02-17T06:08:39.193Z
sensor.sigen_plant_consumed_power,1.912000,2026-02-17T06:08:44.182Z
sensor.sigen_plant_consumed_power,1.927000,2026-02-17T06:08:49.192Z
sensor.sigen_plant_consumed_power,1.923000,2026-02-17T06:08:54.170Z
sensor.sigen_plant_consumed_power,1.980000,2026-02-17T06:08:59.186Z
sensor.sigen_plant_consumed_power,1.937000,2026-02-17T06:09:04.217Z
sensor.sigen_plant_consumed_power,2.011000,2026-02-17T06:09:09.182Z
sensor.sigen_plant_consumed_power,1.871000,2026-02-17T06:09:14.197Z
sensor.sigen_plant_consumed_power,2.076000,2026-02-17T06:09:19.164Z
sensor.sigen_plant_consumed_power,2.031000,2026-02-17T06:09:24.194Z
sensor.sigen_plant_consumed_power,2.079000,2026-02-17T06:09:29.183Z
sensor.sigen_plant_consumed_power,2.162000,2026-02-17T06:09:34.175Z
sensor.sigen_plant_consumed_power,1.917000,2026-02-17T06:09:39.173Z
sensor.sigen_plant_consumed_power,2.019000,2026-02-17T06:09:44.193Z
sensor.sigen_plant_consumed_power,1.436000,2026-02-17T06:09:49.173Z
sensor.sigen_plant_consumed_power,1.855000,2026-02-17T06:09:54.173Z
sensor.sigen_plant_consumed_power,1.979000,2026-02-17T06:09:59.185Z
sensor.sigen_plant_consumed_power,1.864000,2026-02-17T06:10:04.164Z
sensor.sigen_plant_consumed_power,2.094000,2026-02-17T06:10:09.183Z
sensor.sigen_plant_consumed_power,1.971000,2026-02-17T06:10:14.185Z
sensor.sigen_plant_consumed_power,2.233000,2026-02-17T06:10:20.167Z
sensor.sigen_plant_consumed_power,2.358000,2026-02-17T06:10:25.173Z
sensor.sigen_plant_consumed_power,2.396000,2026-02-17T06:10:26.582Z
sensor.sigen_plant_consumed_power,4.429000,2026-02-17T06:10:31.212Z
sensor.sigen_plant_consumed_power,2.146000,2026-02-17T06:10:36.132Z
sensor.sigen_plant_consumed_power,2.102000,2026-02-17T06:10:41.194Z
sensor.sigen_plant_consumed_power,2.080000,2026-02-17T06:10:46.173Z
sensor.sigen_plant_consumed_power,2.113000,2026-02-17T06:10:51.194Z
sensor.sigen_plant_consumed_power,2.092000,2026-02-17T06:10:56.163Z
sensor.sigen_plant_consumed_power,2.051000,2026-02-17T06:11:01.229Z
sensor.sigen_plant_consumed_power,1.834000,2026-02-17T06:11:06.169Z
sensor.sigen_plant_consumed_power,2.005000,2026-02-17T06:11:11.194Z
sensor.sigen_plant_consumed_power,1.850000,2026-02-17T06:11:16.174Z
sensor.sigen_plant_consumed_power,1.846000,2026-02-17T06:11:21.165Z
sensor.sigen_plant_consumed_power,1.874000,2026-02-17T06:11:26.167Z
sensor.sigen_plant_consumed_power,1.899000,2026-02-17T06:11:31.216Z
sensor.sigen_plant_consumed_power,1.850000,2026-02-17T06:11:36.177Z
sensor.sigen_plant_consumed_power,1.851000,2026-02-17T06:11:41.166Z
sensor.sigen_plant_consumed_power,1.846000,2026-02-17T06:11:46.188Z
sensor.sigen_plant_consumed_power,1.882000,2026-02-17T06:11:51.211Z
sensor.sigen_plant_consumed_power,1.949000,2026-02-17T06:11:56.176Z
sensor.sigen_plant_consumed_power,1.923000,2026-02-17T06:12:01.188Z
sensor.sigen_plant_consumed_power,2.137000,2026-02-17T06:12:06.169Z
sensor.sigen_plant_consumed_power,2.088000,2026-02-17T06:12:11.203Z
sensor.sigen_plant_consumed_power,1.985000,2026-02-17T06:12:16.184Z
sensor.sigen_plant_consumed_power,1.939000,2026-02-17T06:12:21.231Z
sensor.sigen_plant_consumed_power,1.933000,2026-02-17T06:12:26.174Z
sensor.sigen_plant_consumed_power,1.886000,2026-02-17T06:12:31.176Z
sensor.sigen_plant_consumed_power,1.899000,2026-02-17T06:12:36.194Z
sensor.sigen_plant_consumed_power,1.864000,2026-02-17T06:12:41.165Z
sensor.sigen_plant_consumed_power,1.841000,2026-02-17T06:12:46.173Z
sensor.sigen_plant_consumed_power,1.989000,2026-02-17T06:12:51.196Z
sensor.sigen_plant_consumed_power,1.882000,2026-02-17T06:12:56.184Z
sensor.sigen_plant_consumed_power,1.885000,2026-02-17T06:13:01.175Z
sensor.sigen_plant_consumed_power,1.897000,2026-02-17T06:13:06.180Z
sensor.sigen_plant_consumed_power,2.024000,2026-02-17T06:13:11.199Z
sensor.sigen_plant_consumed_power,1.876000,2026-02-17T06:13:16.186Z
sensor.sigen_plant_consumed_power,1.868000,2026-02-17T06:13:21.174Z
sensor.sigen_plant_consumed_power,1.900000,2026-02-17T06:13:26.184Z
sensor.sigen_plant_consumed_power,1.871000,2026-02-17T06:13:31.184Z
sensor.sigen_plant_consumed_power,1.858000,2026-02-17T06:13:36.176Z
sensor.sigen_plant_consumed_power,1.217000,2026-02-17T06:13:41.188Z
sensor.sigen_plant_consumed_power,1.337000,2026-02-17T06:13:46.185Z
sensor.sigen_plant_consumed_power,1.315000,2026-02-17T06:13:51.194Z
sensor.sigen_plant_consumed_power,1.282000,2026-02-17T06:13:56.184Z
sensor.sigen_plant_consumed_power,1.292000,2026-02-17T06:14:01.165Z
sensor.sigen_plant_consumed_power,1.415000,2026-02-17T06:14:06.164Z
sensor.sigen_plant_consumed_power,1.250000,2026-02-17T06:14:11.187Z
sensor.sigen_plant_consumed_power,1.243000,2026-02-17T06:14:16.164Z
sensor.sigen_plant_consumed_power,1.260000,2026-02-17T06:14:21.165Z
sensor.sigen_plant_consumed_power,1.296000,2026-02-17T06:14:26.205Z
sensor.sigen_plant_consumed_power,1.277000,2026-02-17T06:14:31.205Z
sensor.sigen_plant_consumed_power,1.148000,2026-02-17T06:14:36.164Z
sensor.sigen_plant_consumed_power,1.415000,2026-02-17T06:14:41.195Z
sensor.sigen_plant_consumed_power,1.445000,2026-02-17T06:14:46.195Z
sensor.sigen_plant_consumed_power,1.471000,2026-02-17T06:14:51.186Z
sensor.sigen_plant_consumed_power,1.485000,2026-02-17T06:14:56.185Z
sensor.sigen_plant_consumed_power,1.423000,2026-02-17T06:15:01.194Z
sensor.sigen_plant_consumed_power,1.375000,2026-02-17T06:15:06.179Z
sensor.sigen_plant_consumed_power,1.369000,2026-02-17T06:15:11.176Z
sensor.sigen_plant_consumed_power,1.380000,2026-02-17T06:15:16.275Z
sensor.sigen_plant_consumed_power,0.000000,2026-02-17T06:15:21.359Z
sensor.sigen_plant_consumed_power,1.445000,2026-02-17T06:15:24.874Z
sensor.sigen_plant_consumed_power,1.315000,2026-02-17T06:15:29.196Z
sensor.sigen_plant_consumed_power,1.485000,2026-02-17T06:15:34.164Z
sensor.sigen_plant_consumed_power,1.477000,2026-02-17T06:15:39.184Z
sensor.sigen_plant_consumed_power,1.474000,2026-02-17T06:15:44.174Z
sensor.sigen_plant_consumed_power,1.499000,2026-02-17T06:15:49.204Z
sensor.sigen_plant_consumed_power,1.467000,2026-02-17T06:15:54.219Z
sensor.sigen_plant_consumed_power,1.532000,2026-02-17T06:15:59.185Z
sensor.sigen_plant_consumed_power,1.459000,2026-02-17T06:16:04.174Z
sensor.sigen_plant_consumed_power,1.504000,2026-02-17T06:16:09.185Z
sensor.sigen_plant_consumed_power,1.604000,2026-02-17T06:16:14.166Z
sensor.sigen_plant_consumed_power,1.672000,2026-02-17T06:16:19.175Z
sensor.sigen_plant_consumed_power,1.785000,2026-02-17T06:16:24.185Z
sensor.sigen_plant_consumed_power,2.130000,2026-02-17T06:16:29.185Z
sensor.sigen_plant_consumed_power,2.357000,2026-02-17T06:16:34.175Z
sensor.sigen_plant_consumed_power,2.620000,2026-02-17T06:16:39.215Z
sensor.sigen_plant_consumed_power,2.823000,2026-02-17T06:16:44.166Z
sensor.sigen_plant_consumed_power,2.886000,2026-02-17T06:16:49.207Z
sensor.sigen_plant_consumed_power,2.863000,2026-02-17T06:16:54.187Z
sensor.sigen_plant_consumed_power,2.859000,2026-02-17T06:16:59.186Z
sensor.sigen_plant_consumed_power,2.892000,2026-02-17T06:17:04.195Z
sensor.sigen_plant_consumed_power,2.863000,2026-02-17T06:17:09.196Z
sensor.sigen_plant_consumed_power,2.815000,2026-02-17T06:17:14.199Z
sensor.sigen_plant_consumed_power,2.790000,2026-02-17T06:17:19.345Z
sensor.sigen_plant_consumed_power,2.750000,2026-02-17T06:17:24.185Z
sensor.sigen_plant_consumed_power,2.711000,2026-02-17T06:17:29.198Z
sensor.sigen_plant_consumed_power,2.658000,2026-02-17T06:17:34.185Z
sensor.sigen_plant_consumed_power,2.663000,2026-02-17T06:17:39.186Z
sensor.sigen_plant_consumed_power,2.604000,2026-02-17T06:17:44.175Z
sensor.sigen_plant_consumed_power,2.592000,2026-02-17T06:17:49.165Z
sensor.sigen_plant_consumed_power,2.413000,2026-02-17T06:17:54.185Z
sensor.sigen_plant_consumed_power,2.360000,2026-02-17T06:17:59.165Z
sensor.sigen_plant_consumed_power,2.336000,2026-02-17T06:18:04.170Z
sensor.sigen_plant_consumed_power,2.351000,2026-02-17T06:18:09.182Z
sensor.sigen_plant_consumed_power,2.358000,2026-02-17T06:18:14.199Z
sensor.sigen_plant_consumed_power,2.345000,2026-02-17T06:18:19.231Z
sensor.sigen_plant_consumed_power,2.315000,2026-02-17T06:18:24.195Z
sensor.sigen_plant_consumed_power,2.173000,2026-02-17T06:18:29.191Z
sensor.sigen_plant_consumed_power,2.199000,2026-02-17T06:18:34.176Z
sensor.sigen_plant_consumed_power,2.161000,2026-02-17T06:18:39.247Z
sensor.sigen_plant_consumed_power,2.158000,2026-02-17T06:18:44.196Z
sensor.sigen_plant_consumed_power,2.125000,2026-02-17T06:18:49.237Z
sensor.sigen_plant_consumed_power,2.136000,2026-02-17T06:18:54.406Z
sensor.sigen_plant_consumed_power,2.148000,2026-02-17T06:18:59.205Z
sensor.sigen_plant_consumed_power,2.100000,2026-02-17T06:19:04.166Z
sensor.sigen_plant_consumed_power,2.125000,2026-02-17T06:19:09.327Z
sensor.sigen_plant_consumed_power,2.058000,2026-02-17T06:19:14.175Z
sensor.sigen_plant_consumed_power,2.026000,2026-02-17T06:19:19.197Z
sensor.sigen_plant_consumed_power,1.996000,2026-02-17T06:19:24.187Z
sensor.sigen_plant_consumed_power,1.977000,2026-02-17T06:19:29.187Z
sensor.sigen_plant_consumed_power,1.960000,2026-02-17T06:19:34.178Z
sensor.sigen_plant_consumed_power,1.982000,2026-02-17T06:19:39.181Z
sensor.sigen_plant_consumed_power,1.976000,2026-02-17T06:19:44.176Z
sensor.sigen_plant_consumed_power,1.925000,2026-02-17T06:19:49.196Z
sensor.sigen_plant_consumed_power,1.972000,2026-02-17T06:19:54.188Z
sensor.sigen_plant_consumed_power,1.959000,2026-02-17T06:19:59.166Z
sensor.sigen_plant_consumed_power,1.957000,2026-02-17T06:20:04.216Z
sensor.sigen_plant_consumed_power,1.963000,2026-02-17T06:20:09.976Z
sensor.sigen_plant_consumed_power,1.970000,2026-02-17T06:20:15.166Z
sensor.sigen_plant_consumed_power,1.947000,2026-02-17T06:20:20.196Z
sensor.sigen_plant_consumed_power,1.945000,2026-02-17T06:20:25.181Z
sensor.sigen_plant_consumed_power,1.951000,2026-02-17T06:20:30.178Z
sensor.sigen_plant_consumed_power,1.946000,2026-02-17T06:20:34.790Z
sensor.sigen_plant_consumed_power,1.941000,2026-02-17T06:20:39.190Z
sensor.sigen_plant_consumed_power,1.957000,2026-02-17T06:20:44.185Z
sensor.sigen_plant_consumed_power,1.947000,2026-02-17T06:20:49.176Z
sensor.sigen_plant_consumed_power,1.933000,2026-02-17T06:20:54.187Z
sensor.sigen_plant_consumed_power,1.952000,2026-02-17T06:20:59.176Z
sensor.sigen_plant_consumed_power,1.926000,2026-02-17T06:21:04.216Z
sensor.sigen_plant_consumed_power,1.967000,2026-02-17T06:21:09.176Z
sensor.sigen_plant_consumed_power,1.960000,2026-02-17T06:21:14.211Z
sensor.sigen_plant_consumed_power,1.935000,2026-02-17T06:21:19.166Z
sensor.sigen_plant_consumed_power,1.902000,2026-02-17T06:21:24.217Z
sensor.sigen_plant_consumed_power,1.908000,2026-02-17T06:21:29.176Z
sensor.sigen_plant_consumed_power,1.921000,2026-02-17T06:21:34.207Z
sensor.sigen_plant_consumed_power,1.912000,2026-02-17T06:21:39.197Z
sensor.sigen_plant_consumed_power,1.890000,2026-02-17T06:21:44.210Z
sensor.sigen_plant_consumed_power,1.928000,2026-02-17T06:21:49.178Z
sensor.sigen_plant_consumed_power,1.964000,2026-02-17T06:21:54.197Z
sensor.sigen_plant_consumed_power,1.969000,2026-02-17T06:21:59.185Z
sensor.sigen_plant_consumed_power,1.948000,2026-02-17T06:22:04.237Z
sensor.sigen_plant_consumed_power,1.942000,2026-02-17T06:22:09.237Z
sensor.sigen_plant_consumed_power,1.941000,2026-02-17T06:22:14.222Z
sensor.sigen_plant_consumed_power,1.922000,2026-02-17T06:22:19.246Z
sensor.sigen_plant_consumed_power,1.966000,2026-02-17T06:22:24.206Z
sensor.sigen_plant_consumed_power,1.936000,2026-02-17T06:22:29.197Z
sensor.sigen_plant_consumed_power,1.967000,2026-02-17T06:22:34.227Z
sensor.sigen_plant_consumed_power,1.946000,2026-02-17T06:22:39.188Z
sensor.sigen_plant_consumed_power,1.971000,2026-02-17T06:22:44.208Z
sensor.sigen_plant_consumed_power,1.941000,2026-02-17T06:22:49.208Z
sensor.sigen_plant_consumed_power,1.960000,2026-02-17T06:22:54.187Z
sensor.sigen_plant_consumed_power,1.977000,2026-02-17T06:22:59.194Z
sensor.sigen_plant_consumed_power,1.940000,2026-02-17T06:23:04.188Z
sensor.sigen_plant_consumed_power,1.951000,2026-02-17T06:23:09.197Z
sensor.sigen_plant_consumed_power,1.959000,2026-02-17T06:23:19.178Z
sensor.sigen_plant_consumed_power,1.938000,2026-02-17T06:23:24.208Z
sensor.sigen_plant_consumed_power,1.975000,2026-02-17T06:23:29.189Z
sensor.sigen_plant_consumed_power,1.944000,2026-02-17T06:23:34.207Z
sensor.sigen_plant_consumed_power,1.942000,2026-02-17T06:23:39.189Z
sensor.sigen_plant_consumed_power,1.958000,2026-02-17T06:23:44.188Z
sensor.sigen_plant_consumed_power,1.944000,2026-02-17T06:23:49.231Z
sensor.sigen_plant_consumed_power,1.950000,2026-02-17T06:23:54.197Z
sensor.sigen_plant_consumed_power,1.964000,2026-02-17T06:23:59.190Z
sensor.sigen_plant_consumed_power,1.951000,2026-02-17T06:24:04.226Z
sensor.sigen_plant_consumed_power,1.952000,2026-02-17T06:24:09.189Z
sensor.sigen_plant_consumed_power,1.898000,2026-02-17T06:24:14.197Z
sensor.sigen_plant_consumed_power,1.911000,2026-02-17T06:24:19.177Z
sensor.sigen_plant_consumed_power,1.924000,2026-02-17T06:24:24.209Z
sensor.sigen_plant_consumed_power,1.944000,2026-02-17T06:24:29.200Z
sensor.sigen_plant_consumed_power,1.920000,2026-02-17T06:24:34.220Z
sensor.sigen_plant_consumed_power,1.914000,2026-02-17T06:24:39.221Z
sensor.sigen_plant_consumed_power,1.933000,2026-02-17T06:24:44.190Z
sensor.sigen_plant_consumed_power,1.917000,2026-02-17T06:24:49.177Z
sensor.sigen_plant_consumed_power,1.924000,2026-02-17T06:24:54.197Z
sensor.sigen_plant_consumed_power,1.928000,2026-02-17T06:24:59.169Z
sensor.sigen_plant_consumed_power,1.970000,2026-02-17T06:25:04.179Z
sensor.sigen_plant_consumed_power,1.938000,2026-02-17T06:25:09.208Z
sensor.sigen_plant_consumed_power,1.936000,2026-02-17T06:25:14.200Z
sensor.sigen_plant_consumed_power,1.937000,2026-02-17T06:25:19.218Z
sensor.sigen_plant_consumed_power,1.972000,2026-02-17T06:25:24.221Z
sensor.sigen_plant_consumed_power,2.723000,2026-02-17T06:25:28.427Z
sensor.sigen_plant_consumed_power,2.583000,2026-02-17T06:25:33.167Z
sensor.sigen_plant_consumed_power,2.726000,2026-02-17T06:25:38.199Z
sensor.sigen_plant_consumed_power,2.706000,2026-02-17T06:25:43.208Z
sensor.sigen_plant_consumed_power,2.680000,2026-02-17T06:25:48.418Z
sensor.sigen_plant_consumed_power,2.681000,2026-02-17T06:25:53.188Z
sensor.sigen_plant_consumed_power,2.704000,2026-02-17T06:25:58.179Z
sensor.sigen_plant_consumed_power,2.718000,2026-02-17T06:26:03.193Z
sensor.sigen_plant_consumed_power,2.669000,2026-02-17T06:26:08.178Z
sensor.sigen_plant_consumed_power,2.043000,2026-02-17T06:26:13.208Z
sensor.sigen_plant_consumed_power,2.021000,2026-02-17T06:26:18.178Z
sensor.sigen_plant_consumed_power,2.046000,2026-02-17T06:26:23.198Z
sensor.sigen_plant_consumed_power,2.033000,2026-02-17T06:26:28.199Z
sensor.sigen_plant_consumed_power,1.199000,2026-02-17T06:26:33.178Z
sensor.sigen_plant_consumed_power,1.252000,2026-02-17T06:26:38.188Z
sensor.sigen_plant_consumed_power,1.208000,2026-02-17T06:26:43.168Z
sensor.sigen_plant_consumed_power,0.925000,2026-02-17T06:26:48.188Z
sensor.sigen_plant_consumed_power,0.898000,2026-02-17T06:26:53.219Z
sensor.sigen_plant_consumed_power,0.936000,2026-02-17T06:26:58.180Z
sensor.sigen_plant_consumed_power,0.920000,2026-02-17T06:27:03.179Z
sensor.sigen_plant_consumed_power,0.896000,2026-02-17T06:27:08.179Z
sensor.sigen_plant_consumed_power,0.907000,2026-02-17T06:27:13.170Z
sensor.sigen_plant_consumed_power,0.914000,2026-02-17T06:27:18.168Z
sensor.sigen_plant_consumed_power,0.952000,2026-02-17T06:27:23.200Z
sensor.sigen_plant_consumed_power,0.964000,2026-02-17T06:27:28.180Z
sensor.sigen_plant_consumed_power,0.980000,2026-02-17T06:27:33.210Z
sensor.sigen_plant_consumed_power,0.930000,2026-02-17T06:27:38.188Z
sensor.sigen_plant_consumed_power,0.976000,2026-02-17T06:27:43.178Z
sensor.sigen_plant_consumed_power,0.955000,2026-02-17T06:27:48.208Z
sensor.sigen_plant_consumed_power,0.935000,2026-02-17T06:27:53.200Z
sensor.sigen_plant_consumed_power,0.970000,2026-02-17T06:27:58.186Z
sensor.sigen_plant_consumed_power,0.947000,2026-02-17T06:28:03.178Z
sensor.sigen_plant_consumed_power,0.949000,2026-02-17T06:28:08.171Z
sensor.sigen_plant_consumed_power,0.957000,2026-02-17T06:28:13.179Z
sensor.sigen_plant_consumed_power,0.919000,2026-02-17T06:28:18.178Z
sensor.sigen_plant_consumed_power,0.918000,2026-02-17T06:28:23.170Z
sensor.sigen_plant_consumed_power,0.991000,2026-02-17T06:28:28.178Z
sensor.sigen_plant_consumed_power,0.958000,2026-02-17T06:28:33.188Z
sensor.sigen_plant_consumed_power,0.933000,2026-02-17T06:28:38.188Z
sensor.sigen_plant_consumed_power,1.122000,2026-02-17T06:28:43.189Z
sensor.sigen_plant_consumed_power,1.217000,2026-02-17T06:28:53.240Z
sensor.sigen_plant_consumed_power,1.472000,2026-02-17T06:28:58.168Z
sensor.sigen_plant_consumed_power,1.649000,2026-02-17T06:29:03.192Z
sensor.sigen_plant_consumed_power,2.104000,2026-02-17T06:29:08.169Z
sensor.sigen_plant_consumed_power,2.305000,2026-02-17T06:29:13.179Z
sensor.sigen_plant_consumed_power,2.378000,2026-02-17T06:29:18.169Z
sensor.sigen_plant_consumed_power,2.361000,2026-02-17T06:29:23.168Z
sensor.sigen_plant_consumed_power,2.510000,2026-02-17T06:29:28.179Z
sensor.sigen_plant_consumed_power,2.424000,2026-02-17T06:29:33.169Z
sensor.sigen_plant_consumed_power,2.441000,2026-02-17T06:29:38.199Z
sensor.sigen_plant_consumed_power,2.443000,2026-02-17T06:29:43.179Z
sensor.sigen_plant_consumed_power,2.436000,2026-02-17T06:29:48.180Z
sensor.sigen_plant_consumed_power,2.445000,2026-02-17T06:29:53.169Z
sensor.sigen_plant_consumed_power,2.465000,2026-02-17T06:29:58.189Z
sensor.sigen_plant_consumed_power,2.375000,2026-02-17T06:30:03.289Z
sensor.sigen_plant_consumed_power,2.353000,2026-02-17T06:30:08.182Z
sensor.sigen_plant_consumed_power,2.336000,2026-02-17T06:30:13.231Z
sensor.sigen_plant_consumed_power,2.399000,2026-02-17T06:30:18.189Z
sensor.sigen_plant_consumed_power,2.373000,2026-02-17T06:30:23.219Z
sensor.sigen_plant_consumed_power,2.336000,2026-02-17T06:30:25.230Z
sensor.sigen_plant_consumed_power,2.405000,2026-02-17T06:30:30.181Z
sensor.sigen_plant_consumed_power,2.415000,2026-02-17T06:30:35.211Z
sensor.sigen_plant_consumed_power,2.426000,2026-02-17T06:30:40.168Z
sensor.sigen_plant_consumed_power,2.386000,2026-02-17T06:30:45.189Z
sensor.sigen_plant_consumed_power,2.399000,2026-02-17T06:30:50.190Z
sensor.sigen_plant_consumed_power,2.418000,2026-02-17T06:30:55.189Z
sensor.sigen_plant_consumed_power,2.378000,2026-02-17T06:31:00.253Z
sensor.sigen_plant_consumed_power,2.379000,2026-02-17T06:31:05.182Z
sensor.sigen_plant_consumed_power,2.399000,2026-02-17T06:31:10.185Z
sensor.sigen_plant_consumed_power,2.390000,2026-02-17T06:31:16.217Z
sensor.sigen_plant_consumed_power,2.611000,2026-02-17T06:31:21.189Z
sensor.sigen_plant_consumed_power,2.726000,2026-02-17T06:31:26.189Z
sensor.sigen_plant_consumed_power,2.759000,2026-02-17T06:31:31.209Z
sensor.sigen_plant_consumed_power,2.738000,2026-02-17T06:31:36.169Z
sensor.sigen_plant_consumed_power,2.732000,2026-02-17T06:31:41.180Z
sensor.sigen_plant_consumed_power,2.733000,2026-02-17T06:31:46.247Z
sensor.sigen_plant_consumed_power,2.751000,2026-02-17T06:31:51.190Z
sensor.sigen_plant_consumed_power,2.732000,2026-02-17T06:31:56.185Z
sensor.sigen_plant_consumed_power,2.739000,2026-02-17T06:32:01.201Z
sensor.sigen_plant_consumed_power,2.751000,2026-02-17T06:32:06.221Z
sensor.sigen_plant_consumed_power,2.761000,2026-02-17T06:32:11.263Z
sensor.sigen_plant_consumed_power,2.736000,2026-02-17T06:32:16.191Z
sensor.sigen_plant_consumed_power,2.752000,2026-02-17T06:32:21.190Z
sensor.sigen_plant_consumed_power,2.728000,2026-02-17T06:32:26.210Z
sensor.sigen_plant_consumed_power,2.742000,2026-02-17T06:32:31.193Z
sensor.sigen_plant_consumed_power,2.762000,2026-02-17T06:32:36.170Z
sensor.sigen_plant_consumed_power,2.782000,2026-02-17T06:32:41.190Z
sensor.sigen_plant_consumed_power,2.806000,2026-02-17T06:32:46.180Z
sensor.sigen_plant_consumed_power,3.035000,2026-02-17T06:32:51.191Z
sensor.sigen_plant_consumed_power,3.287000,2026-02-17T06:32:56.220Z
sensor.sigen_plant_consumed_power,3.674000,2026-02-17T06:33:01.220Z
sensor.sigen_plant_consumed_power,3.782000,2026-02-17T06:33:06.225Z
sensor.sigen_plant_consumed_power,3.832000,2026-02-17T06:33:11.201Z
sensor.sigen_plant_consumed_power,3.918000,2026-02-17T06:33:16.202Z
sensor.sigen_plant_consumed_power,4.076000,2026-02-17T06:33:21.170Z
sensor.sigen_plant_consumed_power,4.168000,2026-02-17T06:33:26.202Z
sensor.sigen_plant_consumed_power,4.158000,2026-02-17T06:33:31.202Z
sensor.sigen_plant_consumed_power,4.966000,2026-02-17T06:33:36.170Z
sensor.sigen_plant_consumed_power,4.961000,2026-02-17T06:33:41.420Z
sensor.sigen_plant_consumed_power,4.901000,2026-02-17T06:33:46.220Z
sensor.sigen_plant_consumed_power,5.007000,2026-02-17T06:33:51.203Z
sensor.sigen_plant_consumed_power,4.901000,2026-02-17T06:33:56.213Z
sensor.sigen_plant_consumed_power,4.995000,2026-02-17T06:34:01.180Z
sensor.sigen_plant_consumed_power,4.984000,2026-02-17T06:34:06.201Z
sensor.sigen_plant_consumed_power,5.010000,2026-02-17T06:34:11.190Z
sensor.sigen_plant_consumed_power,4.984000,2026-02-17T06:34:16.200Z
sensor.sigen_plant_consumed_power,5.120000,2026-02-17T06:34:21.202Z
sensor.sigen_plant_consumed_power,5.373000,2026-02-17T06:34:26.205Z
sensor.sigen_plant_consumed_power,5.535000,2026-02-17T06:34:31.221Z
sensor.sigen_plant_consumed_power,5.572000,2026-02-17T06:34:36.221Z
sensor.sigen_plant_consumed_power,5.568000,2026-02-17T06:34:41.190Z
sensor.sigen_plant_consumed_power,4.868000,2026-02-17T06:34:46.190Z
sensor.sigen_plant_consumed_power,4.971000,2026-02-17T06:34:51.210Z
sensor.sigen_plant_consumed_power,4.918000,2026-02-17T06:34:56.188Z
sensor.sigen_plant_consumed_power,4.872000,2026-02-17T06:35:01.171Z
sensor.sigen_plant_consumed_power,4.922000,2026-02-17T06:35:06.191Z
sensor.sigen_plant_consumed_power,4.920000,2026-02-17T06:35:11.170Z
sensor.sigen_plant_consumed_power,4.833000,2026-02-17T06:35:16.181Z
sensor.sigen_plant_consumed_power,4.849000,2026-02-17T06:35:21.241Z
sensor.sigen_plant_consumed_power,4.925000,2026-02-17T06:35:26.220Z
sensor.sigen_plant_consumed_power,4.906000,2026-02-17T06:35:31.202Z
sensor.sigen_plant_consumed_power,4.851000,2026-02-17T06:35:36.200Z
sensor.sigen_plant_consumed_power,4.938000,2026-02-17T06:35:41.160Z
sensor.sigen_plant_consumed_power,4.875000,2026-02-17T06:35:46.181Z
sensor.sigen_plant_consumed_power,4.899000,2026-02-17T06:35:51.195Z
sensor.sigen_plant_consumed_power,4.841000,2026-02-17T06:35:56.342Z
sensor.sigen_plant_consumed_power,4.901000,2026-02-17T06:36:01.201Z
sensor.sigen_plant_consumed_power,4.935000,2026-02-17T06:36:06.202Z
sensor.sigen_plant_consumed_power,4.920000,2026-02-17T06:36:11.181Z
sensor.sigen_plant_consumed_power,4.904000,2026-02-17T06:36:16.172Z
sensor.sigen_plant_consumed_power,4.930000,2026-02-17T06:36:21.187Z
sensor.sigen_plant_consumed_power,4.900000,2026-02-17T06:36:26.232Z
sensor.sigen_plant_consumed_power,4.932000,2026-02-17T06:36:31.211Z
sensor.sigen_plant_consumed_power,4.967000,2026-02-17T06:36:36.182Z
sensor.sigen_plant_consumed_power,5.020000,2026-02-17T06:36:41.163Z
sensor.sigen_plant_consumed_power,5.422000,2026-02-17T06:36:46.201Z
sensor.sigen_plant_consumed_power,5.377000,2026-02-17T06:36:51.171Z
sensor.sigen_plant_consumed_power,5.382000,2026-02-17T06:36:56.171Z
sensor.sigen_plant_consumed_power,5.352000,2026-02-17T06:37:01.181Z
sensor.sigen_plant_consumed_power,5.358000,2026-02-17T06:37:06.182Z
sensor.sigen_plant_consumed_power,5.349000,2026-02-17T06:37:11.168Z
sensor.sigen_plant_consumed_power,5.479000,2026-02-17T06:37:16.193Z
sensor.sigen_plant_consumed_power,5.761000,2026-02-17T06:37:21.203Z
sensor.sigen_plant_consumed_power,5.945000,2026-02-17T06:37:26.172Z
sensor.sigen_plant_consumed_power,6.066000,2026-02-17T06:37:31.191Z
sensor.sigen_plant_consumed_power,6.137000,2026-02-17T06:37:36.171Z
sensor.sigen_plant_consumed_power,5.948000,2026-02-17T06:37:41.201Z
sensor.sigen_plant_consumed_power,6.156000,2026-02-17T06:37:46.191Z
sensor.sigen_plant_consumed_power,6.137000,2026-02-17T06:37:51.185Z
sensor.sigen_plant_consumed_power,6.078000,2026-02-17T06:37:56.933Z
sensor.sigen_plant_consumed_power,6.173000,2026-02-17T06:38:02.161Z
sensor.sigen_plant_consumed_power,6.140000,2026-02-17T06:38:07.176Z
sensor.sigen_plant_consumed_power,6.103000,2026-02-17T06:38:12.191Z
sensor.sigen_plant_consumed_power,6.141000,2026-02-17T06:38:17.202Z
sensor.sigen_plant_consumed_power,6.090000,2026-02-17T06:38:22.181Z
sensor.sigen_plant_consumed_power,6.083000,2026-02-17T06:38:27.192Z
sensor.sigen_plant_consumed_power,6.103000,2026-02-17T06:38:32.172Z
sensor.sigen_plant_consumed_power,6.090000,2026-02-17T06:38:37.162Z
sensor.sigen_plant_consumed_power,6.091000,2026-02-17T06:38:42.186Z
sensor.sigen_plant_consumed_power,6.153000,2026-02-17T06:38:47.172Z
sensor.sigen_plant_consumed_power,6.342000,2026-02-17T06:38:52.174Z
sensor.sigen_plant_consumed_power,6.326000,2026-02-17T06:38:57.243Z
sensor.sigen_plant_consumed_power,6.466000,2026-02-17T06:39:02.174Z
sensor.sigen_plant_consumed_power,6.542000,2026-02-17T06:39:07.204Z
sensor.sigen_plant_consumed_power,6.629000,2026-02-17T06:39:12.173Z
sensor.sigen_plant_consumed_power,6.641000,2026-02-17T06:39:17.182Z
sensor.sigen_plant_consumed_power,6.648000,2026-02-17T06:39:22.162Z
sensor.sigen_plant_consumed_power,6.687000,2026-02-17T06:39:27.194Z
sensor.sigen_plant_consumed_power,6.691000,2026-02-17T06:39:32.163Z
sensor.sigen_plant_consumed_power,6.634000,2026-02-17T06:39:37.164Z
sensor.sigen_plant_consumed_power,6.674000,2026-02-17T06:39:42.182Z
sensor.sigen_plant_consumed_power,6.700000,2026-02-17T06:39:47.182Z
sensor.sigen_plant_consumed_power,6.740000,2026-02-17T06:39:52.205Z
sensor.sigen_plant_consumed_power,6.607000,2026-02-17T06:39:57.172Z
sensor.sigen_plant_consumed_power,6.699000,2026-02-17T06:40:02.203Z
sensor.sigen_plant_consumed_power,6.672000,2026-02-17T06:40:07.173Z
sensor.sigen_plant_consumed_power,6.777000,2026-02-17T06:40:12.183Z
sensor.sigen_plant_consumed_power,6.738000,2026-02-17T06:40:17.253Z
sensor.sigen_plant_consumed_power,6.724000,2026-02-17T06:40:22.192Z
sensor.sigen_plant_consumed_power,6.816000,2026-02-17T06:40:27.182Z
sensor.sigen_plant_consumed_power,6.718000,2026-02-17T06:40:29.121Z
sensor.sigen_plant_consumed_power,6.681000,2026-02-17T06:40:34.195Z
sensor.sigen_plant_consumed_power,6.704000,2026-02-17T06:40:39.161Z
sensor.sigen_plant_consumed_power,6.720000,2026-02-17T06:40:44.171Z
sensor.sigen_plant_consumed_power,6.717000,2026-02-17T06:40:49.174Z
sensor.sigen_plant_consumed_power,6.639000,2026-02-17T06:40:52.307Z
sensor.sigen_plant_consumed_power,6.685000,2026-02-17T06:40:57.232Z
sensor.sigen_plant_consumed_power,6.488000,2026-02-17T06:41:02.184Z
sensor.sigen_plant_consumed_power,6.519000,2026-02-17T06:41:07.165Z
sensor.sigen_plant_consumed_power,6.672000,2026-02-17T06:41:12.209Z
sensor.sigen_plant_consumed_power,6.717000,2026-02-17T06:41:17.162Z
sensor.sigen_plant_consumed_power,6.749000,2026-02-17T06:41:22.183Z
sensor.sigen_plant_consumed_power,6.756000,2026-02-17T06:41:27.182Z
sensor.sigen_plant_consumed_power,6.704000,2026-02-17T06:41:32.178Z
sensor.sigen_plant_consumed_power,6.881000,2026-02-17T06:41:37.172Z
sensor.sigen_plant_consumed_power,6.815000,2026-02-17T06:41:42.184Z
sensor.sigen_plant_consumed_power,6.789000,2026-02-17T06:41:47.215Z
sensor.sigen_plant_consumed_power,6.836000,2026-02-17T06:41:52.183Z
sensor.sigen_plant_consumed_power,6.965000,2026-02-17T06:41:57.162Z
sensor.sigen_plant_consumed_power,6.982000,2026-02-17T06:42:02.183Z
sensor.sigen_plant_consumed_power,6.942000,2026-02-17T06:42:07.232Z
sensor.sigen_plant_consumed_power,7.028000,2026-02-17T06:42:12.182Z
sensor.sigen_plant_consumed_power,7.033000,2026-02-17T06:42:17.194Z
sensor.sigen_plant_consumed_power,7.056000,2026-02-17T06:42:22.173Z
sensor.sigen_plant_consumed_power,7.039000,2026-02-17T06:42:27.232Z
sensor.sigen_plant_consumed_power,7.121000,2026-02-17T06:42:32.215Z
sensor.sigen_plant_consumed_power,7.129000,2026-02-17T06:42:37.221Z
sensor.sigen_plant_consumed_power,7.222000,2026-02-17T06:42:42.204Z
sensor.sigen_plant_consumed_power,7.225000,2026-02-17T06:42:47.213Z
sensor.sigen_plant_consumed_power,6.901000,2026-02-17T06:42:52.173Z
sensor.sigen_plant_consumed_power,6.762000,2026-02-17T06:42:57.211Z
sensor.sigen_plant_consumed_power,8.201000,2026-02-17T06:43:02.238Z
sensor.sigen_plant_consumed_power,7.532000,2026-02-17T06:43:07.324Z
sensor.sigen_plant_consumed_power,7.638000,2026-02-17T06:43:12.175Z
sensor.sigen_plant_consumed_power,7.537000,2026-02-17T06:43:17.193Z
sensor.sigen_plant_consumed_power,7.752000,2026-02-17T06:43:22.183Z
sensor.sigen_plant_consumed_power,7.979000,2026-02-17T06:43:27.187Z
sensor.sigen_plant_consumed_power,7.899000,2026-02-17T06:43:32.185Z
sensor.sigen_plant_consumed_power,7.987000,2026-02-17T06:43:37.224Z
sensor.sigen_plant_consumed_power,7.929000,2026-02-17T06:43:42.193Z
sensor.sigen_plant_consumed_power,7.901000,2026-02-17T06:43:47.183Z
sensor.sigen_plant_consumed_power,7.922000,2026-02-17T06:43:52.205Z
sensor.sigen_plant_consumed_power,7.934000,2026-02-17T06:43:57.313Z
sensor.sigen_plant_consumed_power,7.937000,2026-02-17T06:44:02.204Z
sensor.sigen_plant_consumed_power,7.821000,2026-02-17T06:44:07.250Z
sensor.sigen_plant_consumed_power,7.139000,2026-02-17T06:44:12.213Z
sensor.sigen_plant_consumed_power,7.080000,2026-02-17T06:44:17.183Z
sensor.sigen_plant_consumed_power,7.017000,2026-02-17T06:44:22.184Z
sensor.sigen_plant_consumed_power,7.072000,2026-02-17T06:44:27.180Z
sensor.sigen_plant_consumed_power,7.014000,2026-02-17T06:44:32.166Z
sensor.sigen_plant_consumed_power,7.029000,2026-02-17T06:44:37.183Z
sensor.sigen_plant_consumed_power,7.009000,2026-02-17T06:44:42.185Z
sensor.sigen_plant_consumed_power,7.031000,2026-02-17T06:44:47.185Z
sensor.sigen_plant_consumed_power,7.154000,2026-02-17T06:44:52.203Z
sensor.sigen_plant_consumed_power,7.168000,2026-02-17T06:44:57.164Z
sensor.sigen_plant_consumed_power,7.234000,2026-02-17T06:45:02.163Z
sensor.sigen_plant_consumed_power,7.054000,2026-02-17T06:45:07.177Z
sensor.sigen_plant_consumed_power,7.146000,2026-02-17T06:45:12.193Z
sensor.sigen_plant_consumed_power,7.100000,2026-02-17T06:45:17.183Z
sensor.sigen_plant_consumed_power,7.161000,2026-02-17T06:45:22.193Z
sensor.sigen_plant_consumed_power,7.051000,2026-02-17T06:45:27.167Z
sensor.sigen_plant_consumed_power,7.068000,2026-02-17T06:45:30.014Z
sensor.sigen_plant_consumed_power,7.086000,2026-02-17T06:45:35.170Z
sensor.sigen_plant_consumed_power,6.997000,2026-02-17T06:45:40.214Z
sensor.sigen_plant_consumed_power,7.065000,2026-02-17T06:45:45.164Z
sensor.sigen_plant_consumed_power,7.123000,2026-02-17T06:45:50.183Z
sensor.sigen_plant_consumed_power,7.095000,2026-02-17T06:45:55.173Z
sensor.sigen_plant_consumed_power,7.097000,2026-02-17T06:46:00.648Z
sensor.sigen_plant_consumed_power,7.178000,2026-02-17T06:46:05.164Z
sensor.sigen_plant_consumed_power,7.312000,2026-02-17T06:46:10.164Z
sensor.sigen_plant_consumed_power,7.130000,2026-02-17T06:46:15.194Z
sensor.sigen_plant_consumed_power,7.168000,2026-02-17T06:46:20.184Z
sensor.sigen_plant_consumed_power,7.057000,2026-02-17T06:46:25.164Z
sensor.sigen_plant_consumed_power,7.090000,2026-02-17T06:46:30.168Z
sensor.sigen_plant_consumed_power,7.013000,2026-02-17T06:46:35.196Z
sensor.sigen_plant_consumed_power,6.957000,2026-02-17T06:46:40.164Z
sensor.sigen_plant_consumed_power,6.966000,2026-02-17T06:46:45.185Z
sensor.sigen_plant_consumed_power,6.950000,2026-02-17T06:46:50.184Z
sensor.sigen_plant_consumed_power,6.825000,2026-02-17T06:46:55.175Z
sensor.sigen_plant_consumed_power,6.817000,2026-02-17T06:47:00.265Z
sensor.sigen_plant_consumed_power,6.902000,2026-02-17T06:47:05.174Z
sensor.sigen_plant_consumed_power,6.945000,2026-02-17T06:47:10.174Z
sensor.sigen_plant_consumed_power,6.996000,2026-02-17T06:47:15.164Z
sensor.sigen_plant_consumed_power,6.993000,2026-02-17T06:47:20.206Z
sensor.sigen_plant_consumed_power,6.969000,2026-02-17T06:47:25.185Z
sensor.sigen_plant_consumed_power,7.089000,2026-02-17T06:47:30.177Z
sensor.sigen_plant_consumed_power,7.049000,2026-02-17T06:47:35.164Z
sensor.sigen_plant_consumed_power,6.957000,2026-02-17T06:47:40.176Z
sensor.sigen_plant_consumed_power,7.017000,2026-02-17T06:47:45.174Z
sensor.sigen_plant_consumed_power,6.970000,2026-02-17T06:47:50.184Z
sensor.sigen_plant_consumed_power,7.015000,2026-02-17T06:47:55.184Z
sensor.sigen_plant_consumed_power,7.062000,2026-02-17T06:48:00.274Z
sensor.sigen_plant_consumed_power,6.928000,2026-02-17T06:48:05.198Z
sensor.sigen_plant_consumed_power,7.006000,2026-02-17T06:48:10.164Z
sensor.sigen_plant_consumed_power,7.094000,2026-02-17T06:48:15.164Z
sensor.sigen_plant_consumed_power,7.120000,2026-02-17T06:48:20.176Z
sensor.sigen_plant_consumed_power,7.021000,2026-02-17T06:48:25.214Z
sensor.sigen_plant_consumed_power,7.083000,2026-02-17T06:48:35.214Z
sensor.sigen_plant_consumed_power,7.156000,2026-02-17T06:48:40.188Z
sensor.sigen_plant_consumed_power,7.110000,2026-02-17T06:48:45.174Z
sensor.sigen_plant_consumed_power,7.021000,2026-02-17T06:48:50.186Z
sensor.sigen_plant_consumed_power,7.049000,2026-02-17T06:48:55.174Z
sensor.sigen_plant_consumed_power,7.062000,2026-02-17T06:49:00.267Z
sensor.sigen_plant_consumed_power,7.016000,2026-02-17T06:49:05.184Z
sensor.sigen_plant_consumed_power,6.930000,2026-02-17T06:49:10.195Z
sensor.sigen_plant_consumed_power,6.862000,2026-02-17T06:49:15.184Z
sensor.sigen_plant_consumed_power,6.922000,2026-02-17T06:49:20.165Z
sensor.sigen_plant_consumed_power,6.892000,2026-02-17T06:49:25.188Z
sensor.sigen_plant_consumed_power,6.871000,2026-02-17T06:49:30.164Z
sensor.sigen_plant_consumed_power,6.851000,2026-02-17T06:49:35.195Z
sensor.sigen_plant_consumed_power,6.814000,2026-02-17T06:49:40.194Z
sensor.sigen_plant_consumed_power,6.835000,2026-02-17T06:49:45.185Z
sensor.sigen_plant_consumed_power,6.842000,2026-02-17T06:49:50.176Z
sensor.sigen_plant_consumed_power,6.806000,2026-02-17T06:49:55.165Z
sensor.sigen_plant_consumed_power,6.761000,2026-02-17T06:50:00.940Z
sensor.sigen_plant_consumed_power,6.868000,2026-02-17T06:50:06.177Z
sensor.sigen_plant_consumed_power,6.881000,2026-02-17T06:50:11.175Z
sensor.sigen_plant_consumed_power,6.864000,2026-02-17T06:50:16.185Z
sensor.sigen_plant_consumed_power,6.899000,2026-02-17T06:50:21.164Z
sensor.sigen_plant_consumed_power,6.919000,2026-02-17T06:50:26.176Z
sensor.sigen_plant_consumed_power,6.972000,2026-02-17T06:50:30.034Z
sensor.sigen_plant_consumed_power,6.984000,2026-02-17T06:50:35.212Z
sensor.sigen_plant_consumed_power,6.973000,2026-02-17T06:50:40.166Z
sensor.sigen_plant_consumed_power,6.946000,2026-02-17T06:50:45.164Z
sensor.sigen_plant_consumed_power,7.047000,2026-02-17T06:50:50.185Z
sensor.sigen_plant_consumed_power,6.955000,2026-02-17T06:50:55.177Z
sensor.sigen_plant_consumed_power,6.896000,2026-02-17T06:51:00.277Z
sensor.sigen_plant_consumed_power,6.918000,2026-02-17T06:51:05.196Z
sensor.sigen_plant_consumed_power,6.945000,2026-02-17T06:51:10.215Z
sensor.sigen_plant_consumed_power,6.903000,2026-02-17T06:51:15.175Z
sensor.sigen_plant_consumed_power,6.840000,2026-02-17T06:51:20.227Z
sensor.sigen_plant_consumed_power,6.808000,2026-02-17T06:51:25.186Z
sensor.sigen_plant_consumed_power,6.758000,2026-02-17T06:51:30.236Z
sensor.sigen_plant_consumed_power,0.819000,2026-02-17T06:51:35.206Z
sensor.sigen_plant_consumed_power,0.700000,2026-02-17T06:51:40.243Z
sensor.sigen_plant_consumed_power,0.707000,2026-02-17T06:51:45.176Z
sensor.sigen_plant_consumed_power,0.696000,2026-02-17T06:51:50.246Z
sensor.sigen_plant_consumed_power,0.691000,2026-02-17T06:51:55.179Z
sensor.sigen_plant_consumed_power,0.719000,2026-02-17T06:52:00.385Z
sensor.sigen_plant_consumed_power,0.702000,2026-02-17T06:52:05.175Z
sensor.sigen_plant_consumed_power,0.723000,2026-02-17T06:52:10.165Z
sensor.sigen_plant_consumed_power,0.703000,2026-02-17T06:52:15.165Z
sensor.sigen_plant_consumed_power,0.719000,2026-02-17T06:52:20.165Z
sensor.sigen_plant_consumed_power,0.697000,2026-02-17T06:52:25.178Z
sensor.sigen_plant_consumed_power,0.716000,2026-02-17T06:52:30.175Z
sensor.sigen_plant_consumed_power,0.701000,2026-02-17T06:52:35.195Z
sensor.sigen_plant_consumed_power,0.733000,2026-02-17T06:52:40.176Z
sensor.sigen_plant_consumed_power,0.697000,2026-02-17T06:52:45.177Z
sensor.sigen_plant_consumed_power,0.686000,2026-02-17T06:52:50.179Z
sensor.sigen_plant_consumed_power,0.703000,2026-02-17T06:52:55.187Z
sensor.sigen_plant_consumed_power,0.695000,2026-02-17T06:53:06.176Z
sensor.sigen_plant_consumed_power,0.685000,2026-02-17T06:53:11.197Z
sensor.sigen_plant_consumed_power,0.725000,2026-02-17T06:53:16.166Z
sensor.sigen_plant_consumed_power,0.696000,2026-02-17T06:53:21.165Z
sensor.sigen_plant_consumed_power,0.697000,2026-02-17T06:53:26.186Z
sensor.sigen_plant_consumed_power,0.706000,2026-02-17T06:53:36.197Z
sensor.sigen_plant_consumed_power,0.714000,2026-02-17T06:53:41.207Z
sensor.sigen_plant_consumed_power,0.680000,2026-02-17T06:53:46.181Z
sensor.sigen_plant_consumed_power,0.672000,2026-02-17T06:53:51.186Z
sensor.sigen_plant_consumed_power,0.679000,2026-02-17T06:53:56.176Z
sensor.sigen_plant_consumed_power,0.697000,2026-02-17T06:54:01.227Z
sensor.sigen_plant_consumed_power,0.682000,2026-02-17T06:54:06.176Z
sensor.sigen_plant_consumed_power,0.711000,2026-02-17T06:54:11.206Z
sensor.sigen_plant_consumed_power,0.684000,2026-02-17T06:54:16.167Z
sensor.sigen_plant_consumed_power,0.700000,2026-02-17T06:54:21.201Z
sensor.sigen_plant_consumed_power,0.706000,2026-02-17T06:54:26.176Z
sensor.sigen_plant_consumed_power,0.694000,2026-02-17T06:54:31.244Z
sensor.sigen_plant_consumed_power,0.685000,2026-02-17T06:54:36.176Z
sensor.sigen_plant_consumed_power,0.720000,2026-02-17T06:54:41.239Z
sensor.sigen_plant_consumed_power,0.704000,2026-02-17T06:54:46.168Z
sensor.sigen_plant_consumed_power,0.702000,2026-02-17T06:54:51.257Z
sensor.sigen_plant_consumed_power,0.704000,2026-02-17T06:54:56.186Z
sensor.sigen_plant_consumed_power,0.692000,2026-02-17T06:55:01.176Z
sensor.sigen_plant_consumed_power,0.748000,2026-02-17T06:55:06.176Z
sensor.sigen_plant_consumed_power,0.709000,2026-02-17T06:55:11.194Z
sensor.sigen_plant_consumed_power,0.700000,2026-02-17T06:55:16.178Z
sensor.sigen_plant_consumed_power,0.692000,2026-02-17T06:55:21.199Z
sensor.sigen_plant_consumed_power,0.687000,2026-02-17T06:55:26.166Z
sensor.sigen_plant_consumed_power,0.708000,2026-02-17T06:55:30.752Z
sensor.sigen_plant_consumed_power,0.582000,2026-02-17T06:55:35.196Z
sensor.sigen_plant_consumed_power,0.636000,2026-02-17T06:55:40.185Z
sensor.sigen_plant_consumed_power,0.646000,2026-02-17T06:55:45.171Z
sensor.sigen_plant_consumed_power,0.614000,2026-02-17T06:55:50.189Z
sensor.sigen_plant_consumed_power,0.610000,2026-02-17T06:55:55.177Z
sensor.sigen_plant_consumed_power,0.645000,2026-02-17T06:56:00.247Z
sensor.sigen_plant_consumed_power,0.644000,2026-02-17T06:56:05.186Z
sensor.sigen_plant_consumed_power,0.624000,2026-02-17T06:56:10.196Z
sensor.sigen_plant_consumed_power,0.642000,2026-02-17T06:56:15.184Z
sensor.sigen_plant_consumed_power,0.628000,2026-02-17T06:56:20.178Z
sensor.sigen_plant_consumed_power,0.653000,2026-02-17T06:56:25.197Z
sensor.sigen_plant_consumed_power,0.619000,2026-02-17T06:56:30.196Z
sensor.sigen_plant_consumed_power,0.607000,2026-02-17T06:56:35.213Z
sensor.sigen_plant_consumed_power,0.622000,2026-02-17T06:56:40.187Z
sensor.sigen_plant_consumed_power,0.631000,2026-02-17T06:56:45.187Z
sensor.sigen_plant_consumed_power,0.625000,2026-02-17T06:56:50.218Z
sensor.sigen_plant_consumed_power,0.800000,2026-02-17T06:56:55.198Z
sensor.sigen_plant_consumed_power,0.768000,2026-02-17T06:57:00.266Z
sensor.sigen_plant_consumed_power,0.809000,2026-02-17T06:57:05.177Z
sensor.sigen_plant_consumed_power,0.631000,2026-02-17T06:57:10.197Z
sensor.sigen_plant_consumed_power,0.618000,2026-02-17T06:57:15.178Z
sensor.sigen_plant_consumed_power,1.411000,2026-02-17T06:57:20.200Z
sensor.sigen_plant_consumed_power,1.389000,2026-02-17T06:57:25.200Z
sensor.sigen_plant_consumed_power,1.421000,2026-02-17T06:57:30.197Z
sensor.sigen_plant_consumed_power,1.391000,2026-02-17T06:57:35.187Z
sensor.sigen_plant_consumed_power,1.429000,2026-02-17T06:57:40.197Z
sensor.sigen_plant_consumed_power,1.394000,2026-02-17T06:57:45.195Z
sensor.sigen_plant_consumed_power,1.414000,2026-02-17T06:57:50.188Z
sensor.sigen_plant_consumed_power,1.380000,2026-02-17T06:57:55.187Z
sensor.sigen_plant_consumed_power,1.381000,2026-02-17T06:58:00.268Z
sensor.sigen_plant_consumed_power,1.350000,2026-02-17T06:58:05.187Z
sensor.sigen_plant_consumed_power,1.396000,2026-02-17T06:58:10.201Z
sensor.sigen_plant_consumed_power,1.386000,2026-02-17T06:58:15.167Z
sensor.sigen_plant_consumed_power,0.611000,2026-02-17T06:58:20.177Z
sensor.sigen_plant_consumed_power,0.610000,2026-02-17T06:58:25.187Z
sensor.sigen_plant_consumed_power,0.603000,2026-02-17T06:58:30.197Z
sensor.sigen_plant_consumed_power,0.589000,2026-02-17T06:58:35.198Z
sensor.sigen_plant_consumed_power,0.615000,2026-02-17T06:58:40.192Z
sensor.sigen_plant_consumed_power,0.600000,2026-02-17T06:58:45.211Z
sensor.sigen_plant_consumed_power,0.574000,2026-02-17T06:58:50.189Z
sensor.sigen_plant_consumed_power,0.606000,2026-02-17T06:58:55.178Z
sensor.sigen_plant_consumed_power,0.612000,2026-02-17T06:59:00.291Z
sensor.sigen_plant_consumed_power,0.582000,2026-02-17T06:59:05.187Z
sensor.sigen_plant_consumed_power,0.611000,2026-02-17T06:59:10.167Z
sensor.sigen_plant_consumed_power,0.629000,2026-02-17T06:59:15.178Z
sensor.sigen_plant_consumed_power,0.583000,2026-02-17T06:59:20.167Z
sensor.sigen_plant_consumed_power,0.570000,2026-02-17T06:59:25.219Z
sensor.sigen_plant_consumed_power,0.601000,2026-02-17T06:59:30.187Z
sensor.sigen_plant_consumed_power,0.644000,2026-02-17T06:59:35.188Z
sensor.sigen_plant_consumed_power,0.632000,2026-02-17T06:59:40.181Z
sensor.sigen_plant_consumed_power,0.613000,2026-02-17T06:59:45.206Z
sensor.sigen_plant_consumed_power,0.748000,2026-02-17T06:59:50.231Z
sensor.sigen_plant_consumed_power,0.766000,2026-02-17T06:59:55.199Z
sensor.sigen_plant_consumed_power,0.746000,2026-02-17T07:00:00.239Z
sensor.sigen_plant_consumed_power,0.721000,2026-02-17T07:00:05.179Z
sensor.sigen_plant_consumed_power,0.752000,2026-02-17T07:00:10.167Z
sensor.sigen_plant_consumed_power,0.719000,2026-02-17T07:00:15.169Z
sensor.sigen_plant_consumed_power,6.132000,2026-02-17T07:00:20.167Z
sensor.sigen_plant_consumed_power,0.796000,2026-02-17T07:00:24.497Z
sensor.sigen_plant_consumed_power,0.793000,2026-02-17T07:00:29.177Z
sensor.sigen_plant_consumed_power,0.815000,2026-02-17T07:00:34.167Z
sensor.sigen_plant_consumed_power,0.978000,2026-02-17T07:00:39.199Z
sensor.sigen_plant_consumed_power,2.278000,2026-02-17T07:00:44.167Z
sensor.sigen_plant_consumed_power,2.233000,2026-02-17T07:00:49.180Z
sensor.sigen_plant_consumed_power,2.255000,2026-02-17T07:00:54.169Z
sensor.sigen_plant_consumed_power,2.232000,2026-02-17T07:00:59.170Z
sensor.sigen_plant_consumed_power,2.279000,2026-02-17T07:01:04.198Z
sensor.sigen_plant_consumed_power,2.271000,2026-02-17T07:01:09.190Z
sensor.sigen_plant_consumed_power,2.222000,2026-02-17T07:01:14.169Z
sensor.sigen_plant_consumed_power,0.773000,2026-02-17T07:01:19.168Z
sensor.sigen_plant_consumed_power,0.811000,2026-02-17T07:01:24.169Z
sensor.sigen_plant_consumed_power,0.853000,2026-02-17T07:01:29.208Z
sensor.sigen_plant_consumed_power,2.264000,2026-02-17T07:01:34.178Z
sensor.sigen_plant_consumed_power,2.268000,2026-02-17T07:01:39.208Z
sensor.sigen_plant_consumed_power,2.275000,2026-02-17T07:01:44.221Z
sensor.sigen_plant_consumed_power,2.264000,2026-02-17T07:01:49.169Z
sensor.sigen_plant_consumed_power,2.269000,2026-02-17T07:01:54.208Z
sensor.sigen_plant_consumed_power,2.247000,2026-02-17T07:01:59.202Z
sensor.sigen_plant_consumed_power,2.234000,2026-02-17T07:02:04.172Z
sensor.sigen_plant_consumed_power,0.829000,2026-02-17T07:02:09.184Z
sensor.sigen_plant_consumed_power,0.812000,2026-02-17T07:02:14.178Z
sensor.sigen_plant_consumed_power,0.801000,2026-02-17T07:02:19.168Z
sensor.sigen_plant_consumed_power,0.783000,2026-02-17T07:02:24.169Z
sensor.sigen_plant_consumed_power,0.860000,2026-02-17T07:02:29.178Z
sensor.sigen_plant_consumed_power,0.880000,2026-02-17T07:02:34.210Z
sensor.sigen_plant_consumed_power,0.872000,2026-02-17T07:02:39.169Z
sensor.sigen_plant_consumed_power,0.840000,2026-02-17T07:02:44.218Z
sensor.sigen_plant_consumed_power,0.813000,2026-02-17T07:02:49.190Z
sensor.sigen_plant_consumed_power,0.799000,2026-02-17T07:02:54.210Z
sensor.sigen_plant_consumed_power,0.782000,2026-02-17T07:02:59.178Z
sensor.sigen_plant_consumed_power,0.826000,2026-02-17T07:03:04.283Z
sensor.sigen_plant_consumed_power,0.834000,2026-02-17T07:03:09.170Z
sensor.sigen_plant_consumed_power,0.833000,2026-02-17T07:03:14.221Z
sensor.sigen_plant_consumed_power,0.805000,2026-02-17T07:03:19.179Z
sensor.sigen_plant_consumed_power,0.843000,2026-02-17T07:03:24.203Z
sensor.sigen_plant_consumed_power,0.789000,2026-02-17T07:03:29.189Z
sensor.sigen_plant_consumed_power,0.850000,2026-02-17T07:03:34.169Z
sensor.sigen_plant_consumed_power,0.806000,2026-02-17T07:03:39.179Z
sensor.sigen_plant_consumed_power,0.810000,2026-02-17T07:03:44.200Z
sensor.sigen_plant_consumed_power,0.799000,2026-02-17T07:03:49.191Z
sensor.sigen_plant_consumed_power,0.775000,2026-02-17T07:04:00.619Z
sensor.sigen_plant_consumed_power,0.737000,2026-02-17T07:04:05.183Z
sensor.sigen_plant_consumed_power,0.744000,2026-02-17T07:04:10.189Z
sensor.sigen_plant_consumed_power,0.734000,2026-02-17T07:04:15.171Z
sensor.sigen_plant_consumed_power,0.782000,2026-02-17T07:04:20.170Z
sensor.sigen_plant_consumed_power,0.756000,2026-02-17T07:04:25.180Z
sensor.sigen_plant_consumed_power,1.068000,2026-02-17T07:04:30.183Z
sensor.sigen_plant_consumed_power,1.116000,2026-02-17T07:04:35.218Z
sensor.sigen_plant_consumed_power,1.098000,2026-02-17T07:04:40.202Z
sensor.sigen_plant_consumed_power,1.133000,2026-02-17T07:04:45.179Z
sensor.sigen_plant_consumed_power,1.124000,2026-02-17T07:04:50.180Z
sensor.sigen_plant_consumed_power,1.108000,2026-02-17T07:04:55.191Z
sensor.sigen_plant_consumed_power,1.120000,2026-02-17T07:05:00.819Z
sensor.sigen_plant_consumed_power,1.114000,2026-02-17T07:05:05.189Z
sensor.sigen_plant_consumed_power,1.127000,2026-02-17T07:05:10.189Z
sensor.sigen_plant_consumed_power,1.135000,2026-02-17T07:05:15.170Z
sensor.sigen_plant_consumed_power,1.140000,2026-02-17T07:05:20.170Z
sensor.sigen_plant_consumed_power,1.131000,2026-02-17T07:05:25.199Z
sensor.sigen_plant_consumed_power,1.116000,2026-02-17T07:05:26.824Z
sensor.sigen_plant_consumed_power,1.097000,2026-02-17T07:05:31.199Z
sensor.sigen_plant_consumed_power,1.107000,2026-02-17T07:05:36.212Z
sensor.sigen_plant_consumed_power,1.133000,2026-02-17T07:05:41.199Z
sensor.sigen_plant_consumed_power,1.132000,2026-02-17T07:05:46.213Z
sensor.sigen_plant_consumed_power,1.108000,2026-02-17T07:05:51.182Z
sensor.sigen_plant_consumed_power,1.106000,2026-02-17T07:05:56.189Z
sensor.sigen_plant_consumed_power,1.103000,2026-02-17T07:06:01.202Z
sensor.sigen_plant_consumed_power,1.142000,2026-02-17T07:06:06.170Z
sensor.sigen_plant_consumed_power,1.137000,2026-02-17T07:06:11.222Z
sensor.sigen_plant_consumed_power,1.121000,2026-02-17T07:06:21.193Z
sensor.sigen_plant_consumed_power,1.107000,2026-02-17T07:06:26.223Z
sensor.sigen_plant_consumed_power,1.088000,2026-02-17T07:06:31.200Z
sensor.sigen_plant_consumed_power,1.100000,2026-02-17T07:06:36.191Z
sensor.sigen_plant_consumed_power,1.090000,2026-02-17T07:06:41.211Z
sensor.sigen_plant_consumed_power,1.114000,2026-02-17T07:06:46.174Z
sensor.sigen_plant_consumed_power,1.101000,2026-02-17T07:06:51.193Z
sensor.sigen_plant_consumed_power,1.075000,2026-02-17T07:06:56.181Z
sensor.sigen_plant_consumed_power,1.197000,2026-02-17T07:07:01.172Z
sensor.sigen_plant_consumed_power,2.554000,2026-02-17T07:07:06.191Z
sensor.sigen_plant_consumed_power,2.579000,2026-02-17T07:07:11.210Z
sensor.sigen_plant_consumed_power,2.558000,2026-02-17T07:07:16.171Z
sensor.sigen_plant_consumed_power,2.590000,2026-02-17T07:07:21.170Z
sensor.sigen_plant_consumed_power,2.540000,2026-02-17T07:07:26.191Z
sensor.sigen_plant_consumed_power,1.119000,2026-02-17T07:07:31.210Z
sensor.sigen_plant_consumed_power,1.140000,2026-02-17T07:07:36.192Z
sensor.sigen_plant_consumed_power,1.127000,2026-02-17T07:07:41.176Z
sensor.sigen_plant_consumed_power,1.080000,2026-02-17T07:07:46.170Z
sensor.sigen_plant_consumed_power,1.092000,2026-02-17T07:07:51.194Z
sensor.sigen_plant_consumed_power,1.091000,2026-02-17T07:07:56.200Z
sensor.sigen_plant_consumed_power,1.107000,2026-02-17T07:08:01.170Z
sensor.sigen_plant_consumed_power,1.100000,2026-02-17T07:08:06.172Z
sensor.sigen_plant_consumed_power,1.122000,2026-02-17T07:08:11.190Z
sensor.sigen_plant_consumed_power,1.114000,2026-02-17T07:08:16.842Z
sensor.sigen_plant_consumed_power,1.092000,2026-02-17T07:08:21.180Z
sensor.sigen_plant_consumed_power,1.095000,2026-02-17T07:08:26.211Z
sensor.sigen_plant_consumed_power,1.105000,2026-02-17T07:08:31.210Z
sensor.sigen_plant_consumed_power,1.122000,2026-02-17T07:08:36.220Z
sensor.sigen_plant_consumed_power,1.102000,2026-02-17T07:08:41.192Z
sensor.sigen_plant_consumed_power,1.121000,2026-02-17T07:08:46.262Z
sensor.sigen_plant_consumed_power,1.122000,2026-02-17T07:08:51.225Z
sensor.sigen_plant_consumed_power,1.100000,2026-02-17T07:08:56.222Z
sensor.sigen_plant_consumed_power,1.122000,2026-02-17T07:09:01.161Z
sensor.sigen_plant_consumed_power,1.105000,2026-02-17T07:09:06.312Z
sensor.sigen_plant_consumed_power,1.101000,2026-02-17T07:09:11.211Z
sensor.sigen_plant_consumed_power,1.108000,2026-02-17T07:09:16.197Z
sensor.sigen_plant_consumed_power,1.143000,2026-02-17T07:09:21.182Z
sensor.sigen_plant_consumed_power,1.101000,2026-02-17T07:09:26.171Z
sensor.sigen_plant_consumed_power,1.106000,2026-02-17T07:09:31.181Z
sensor.sigen_plant_consumed_power,1.155000,2026-02-17T07:09:36.192Z
sensor.sigen_plant_consumed_power,1.132000,2026-02-17T07:09:41.176Z
sensor.sigen_plant_consumed_power,1.143000,2026-02-17T07:09:46.162Z
sensor.sigen_plant_consumed_power,1.160000,2026-02-17T07:09:51.171Z
sensor.sigen_plant_consumed_power,1.138000,2026-02-17T07:09:56.172Z
sensor.sigen_plant_consumed_power,1.145000,2026-02-17T07:10:01.191Z
sensor.sigen_plant_consumed_power,1.127000,2026-02-17T07:10:06.168Z
sensor.sigen_plant_consumed_power,1.118000,2026-02-17T07:10:11.185Z
sensor.sigen_plant_consumed_power,1.123000,2026-02-17T07:10:16.182Z
sensor.sigen_plant_consumed_power,1.132000,2026-02-17T07:10:21.183Z
sensor.sigen_plant_consumed_power,1.159000,2026-02-17T07:10:26.182Z
sensor.sigen_plant_consumed_power,1.141000,2026-02-17T07:10:27.441Z
sensor.sigen_plant_consumed_power,1.130000,2026-02-17T07:10:32.192Z
sensor.sigen_plant_consumed_power,1.111000,2026-02-17T07:10:37.180Z
sensor.sigen_plant_consumed_power,1.100000,2026-02-17T07:10:42.223Z
sensor.sigen_plant_consumed_power,1.114000,2026-02-17T07:10:47.161Z
sensor.sigen_plant_consumed_power,1.812000,2026-02-17T07:10:52.202Z
sensor.sigen_plant_consumed_power,2.569000,2026-02-17T07:10:57.191Z
sensor.sigen_plant_consumed_power,2.550000,2026-02-17T07:11:02.176Z
sensor.sigen_plant_consumed_power,2.523000,2026-02-17T07:11:07.208Z
sensor.sigen_plant_consumed_power,2.556000,2026-02-17T07:11:12.214Z
sensor.sigen_plant_consumed_power,2.523000,2026-02-17T07:11:17.171Z
sensor.sigen_plant_consumed_power,1.127000,2026-02-17T07:11:22.184Z
sensor.sigen_plant_consumed_power,1.115000,2026-02-17T07:11:27.191Z
sensor.sigen_plant_consumed_power,1.123000,2026-02-17T07:11:32.212Z
sensor.sigen_plant_consumed_power,1.095000,2026-02-17T07:11:37.213Z
sensor.sigen_plant_consumed_power,1.111000,2026-02-17T07:11:42.193Z
sensor.sigen_plant_consumed_power,1.211000,2026-02-17T07:11:47.202Z
sensor.sigen_plant_consumed_power,1.214000,2026-02-17T07:11:52.172Z
sensor.sigen_plant_consumed_power,1.195000,2026-02-17T07:11:57.221Z
sensor.sigen_plant_consumed_power,1.236000,2026-02-17T07:12:02.161Z
sensor.sigen_plant_consumed_power,1.252000,2026-02-17T07:12:07.315Z
sensor.sigen_plant_consumed_power,1.236000,2026-02-17T07:12:12.183Z
sensor.sigen_plant_consumed_power,1.206000,2026-02-17T07:12:17.173Z
sensor.sigen_plant_consumed_power,1.224000,2026-02-17T07:12:22.205Z
sensor.sigen_plant_consumed_power,1.196000,2026-02-17T07:12:27.188Z
sensor.sigen_plant_consumed_power,1.216000,2026-02-17T07:12:32.185Z
sensor.sigen_plant_consumed_power,1.205000,2026-02-17T07:12:37.183Z
sensor.sigen_plant_consumed_power,1.204000,2026-02-17T07:12:42.162Z
sensor.sigen_plant_consumed_power,1.189000,2026-02-17T07:12:47.192Z
sensor.sigen_plant_consumed_power,1.166000,2026-02-17T07:12:52.168Z
sensor.sigen_plant_consumed_power,1.195000,2026-02-17T07:12:57.163Z
sensor.sigen_plant_consumed_power,1.209000,2026-02-17T07:13:02.186Z
sensor.sigen_plant_consumed_power,1.242000,2026-02-17T07:13:07.162Z
sensor.sigen_plant_consumed_power,1.229000,2026-02-17T07:13:12.192Z
sensor.sigen_plant_consumed_power,1.243000,2026-02-17T07:13:17.182Z
sensor.sigen_plant_consumed_power,1.194000,2026-02-17T07:13:22.183Z
sensor.sigen_plant_consumed_power,1.211000,2026-02-17T07:13:27.173Z
sensor.sigen_plant_consumed_power,1.174000,2026-02-17T07:13:32.182Z
sensor.sigen_plant_consumed_power,1.178000,2026-02-17T07:13:37.172Z
sensor.sigen_plant_consumed_power,1.183000,2026-02-17T07:13:42.172Z
sensor.sigen_plant_consumed_power,1.184000,2026-02-17T07:13:47.172Z
sensor.sigen_plant_consumed_power,1.206000,2026-02-17T07:13:57.178Z
sensor.sigen_plant_consumed_power,1.166000,2026-02-17T07:14:02.193Z
sensor.sigen_plant_consumed_power,1.186000,2026-02-17T07:14:07.183Z
sensor.sigen_plant_consumed_power,1.143000,2026-02-17T07:14:17.182Z
sensor.sigen_plant_consumed_power,1.124000,2026-02-17T07:14:22.192Z
sensor.sigen_plant_consumed_power,1.165000,2026-02-17T07:14:27.186Z
sensor.sigen_plant_consumed_power,1.117000,2026-02-17T07:14:32.183Z
sensor.sigen_plant_consumed_power,1.112000,2026-02-17T07:14:37.172Z
sensor.sigen_plant_consumed_power,1.095000,2026-02-17T07:14:42.172Z
sensor.sigen_plant_consumed_power,1.083000,2026-02-17T07:14:47.183Z
sensor.sigen_plant_consumed_power,1.110000,2026-02-17T07:14:52.174Z
sensor.sigen_plant_consumed_power,1.120000,2026-02-17T07:14:57.163Z
sensor.sigen_plant_consumed_power,1.127000,2026-02-17T07:15:02.173Z
sensor.sigen_plant_consumed_power,1.107000,2026-02-17T07:15:07.182Z
sensor.sigen_plant_consumed_power,1.128000,2026-02-17T07:15:12.162Z
sensor.sigen_plant_consumed_power,1.124000,2026-02-17T07:15:17.213Z
sensor.sigen_plant_consumed_power,1.123000,2026-02-17T07:15:22.203Z
sensor.sigen_plant_consumed_power,1.128000,2026-02-17T07:15:27.185Z
sensor.sigen_plant_consumed_power,1.127000,2026-02-17T07:15:32.106Z
sensor.sigen_plant_consumed_power,1.041000,2026-02-17T07:15:37.172Z
sensor.sigen_plant_consumed_power,1.065000,2026-02-17T07:15:42.184Z
sensor.sigen_plant_consumed_power,1.058000,2026-02-17T07:15:47.184Z
sensor.sigen_plant_consumed_power,1.062000,2026-02-17T07:15:52.193Z
sensor.sigen_plant_consumed_power,1.025000,2026-02-17T07:15:57.183Z
sensor.sigen_plant_consumed_power,1.060000,2026-02-17T07:16:02.173Z
sensor.sigen_plant_consumed_power,1.064000,2026-02-17T07:16:07.193Z
sensor.sigen_plant_consumed_power,1.033000,2026-02-17T07:16:12.173Z
sensor.sigen_plant_consumed_power,1.087000,2026-02-17T07:16:17.184Z
sensor.sigen_plant_consumed_power,1.048000,2026-02-17T07:16:22.184Z
sensor.sigen_plant_consumed_power,1.098000,2026-02-17T07:16:27.173Z
sensor.sigen_plant_consumed_power,1.107000,2026-02-17T07:16:32.183Z
sensor.sigen_plant_consumed_power,1.105000,2026-02-17T07:16:37.173Z
sensor.sigen_plant_consumed_power,1.087000,2026-02-17T07:16:42.173Z
sensor.sigen_plant_consumed_power,1.132000,2026-02-17T07:16:47.173Z
sensor.sigen_plant_consumed_power,1.076000,2026-02-17T07:16:52.189Z
sensor.sigen_plant_consumed_power,1.060000,2026-02-17T07:16:57.183Z
sensor.sigen_plant_consumed_power,1.059000,2026-02-17T07:17:02.184Z
sensor.sigen_plant_consumed_power,1.048000,2026-02-17T07:17:07.174Z
sensor.sigen_plant_consumed_power,1.031000,2026-02-17T07:17:12.195Z
sensor.sigen_plant_consumed_power,1.063000,2026-02-17T07:17:17.164Z
sensor.sigen_plant_consumed_power,1.023000,2026-02-17T07:17:22.173Z
sensor.sigen_plant_consumed_power,1.051000,2026-02-17T07:17:27.183Z
sensor.sigen_plant_consumed_power,1.068000,2026-02-17T07:17:32.196Z
sensor.sigen_plant_consumed_power,1.037000,2026-02-17T07:17:37.183Z
sensor.sigen_plant_consumed_power,1.059000,2026-02-17T07:17:42.208Z
sensor.sigen_plant_consumed_power,0.993000,2026-02-17T07:17:47.187Z
sensor.sigen_plant_consumed_power,1.055000,2026-02-17T07:17:52.206Z
sensor.sigen_plant_consumed_power,1.045000,2026-02-17T07:17:57.183Z
sensor.sigen_plant_consumed_power,1.065000,2026-02-17T07:18:02.196Z
sensor.sigen_plant_consumed_power,1.042000,2026-02-17T07:18:07.183Z
sensor.sigen_plant_consumed_power,1.089000,2026-02-17T07:18:12.184Z
sensor.sigen_plant_consumed_power,1.052000,2026-02-17T07:18:17.163Z
sensor.sigen_plant_consumed_power,1.062000,2026-02-17T07:18:22.184Z
sensor.sigen_plant_consumed_power,1.040000,2026-02-17T07:18:27.174Z
sensor.sigen_plant_consumed_power,1.051000,2026-02-17T07:18:32.197Z
sensor.sigen_plant_consumed_power,1.042000,2026-02-17T07:18:37.164Z
sensor.sigen_plant_consumed_power,1.025000,2026-02-17T07:18:42.208Z
sensor.sigen_plant_consumed_power,1.059000,2026-02-17T07:18:47.185Z
sensor.sigen_plant_consumed_power,1.046000,2026-02-17T07:18:52.211Z
sensor.sigen_plant_consumed_power,1.049000,2026-02-17T07:18:57.185Z
sensor.sigen_plant_consumed_power,1.064000,2026-02-17T07:19:02.185Z
sensor.sigen_plant_consumed_power,1.044000,2026-02-17T07:19:07.174Z
sensor.sigen_plant_consumed_power,1.079000,2026-02-17T07:19:12.188Z
sensor.sigen_plant_consumed_power,1.048000,2026-02-17T07:19:17.188Z
sensor.sigen_plant_consumed_power,1.052000,2026-02-17T07:19:22.195Z
sensor.sigen_plant_consumed_power,1.056000,2026-02-17T07:19:27.194Z
sensor.sigen_plant_consumed_power,1.095000,2026-02-17T07:19:32.205Z
sensor.sigen_plant_consumed_power,1.053000,2026-02-17T07:19:37.184Z
sensor.sigen_plant_consumed_power,1.062000,2026-02-17T07:19:47.164Z
sensor.sigen_plant_consumed_power,1.065000,2026-02-17T07:19:52.175Z
sensor.sigen_plant_consumed_power,1.073000,2026-02-17T07:19:57.194Z
sensor.sigen_plant_consumed_power,1.049000,2026-02-17T07:20:02.196Z
sensor.sigen_plant_consumed_power,1.058000,2026-02-17T07:20:12.183Z
sensor.sigen_plant_consumed_power,1.088000,2026-02-17T07:20:17.164Z
sensor.sigen_plant_consumed_power,1.141000,2026-02-17T07:20:22.174Z
sensor.sigen_plant_consumed_power,1.122000,2026-02-17T07:20:25.327Z
sensor.sigen_plant_consumed_power,1.154000,2026-02-17T07:20:30.243Z
sensor.sigen_plant_consumed_power,1.128000,2026-02-17T07:20:35.196Z
sensor.sigen_plant_consumed_power,1.103000,2026-02-17T07:20:40.215Z
sensor.sigen_plant_consumed_power,1.095000,2026-02-17T07:20:45.194Z
sensor.sigen_plant_consumed_power,1.073000,2026-02-17T07:20:50.204Z
sensor.sigen_plant_consumed_power,1.101000,2026-02-17T07:20:55.176Z
sensor.sigen_plant_consumed_power,1.120000,2026-02-17T07:21:00.365Z
sensor.sigen_plant_consumed_power,1.091000,2026-02-17T07:21:05.175Z
sensor.sigen_plant_consumed_power,1.085000,2026-02-17T07:21:10.166Z
sensor.sigen_plant_consumed_power,1.074000,2026-02-17T07:21:20.168Z
sensor.sigen_plant_consumed_power,1.095000,2026-02-17T07:21:25.214Z
sensor.sigen_plant_consumed_power,1.089000,2026-02-17T07:21:30.186Z
sensor.sigen_plant_consumed_power,1.077000,2026-02-17T07:21:35.194Z
sensor.sigen_plant_consumed_power,1.086000,2026-02-17T07:21:40.166Z
sensor.sigen_plant_consumed_power,1.095000,2026-02-17T07:21:45.165Z
sensor.sigen_plant_consumed_power,1.100000,2026-02-17T07:21:50.178Z
sensor.sigen_plant_consumed_power,1.075000,2026-02-17T07:21:55.186Z
sensor.sigen_plant_consumed_power,1.097000,2026-02-17T07:22:00.255Z
sensor.sigen_plant_consumed_power,1.104000,2026-02-17T07:22:05.185Z
sensor.sigen_plant_consumed_power,1.090000,2026-02-17T07:22:10.185Z
sensor.sigen_plant_consumed_power,1.087000,2026-02-17T07:22:15.206Z
sensor.sigen_plant_consumed_power,1.093000,2026-02-17T07:22:20.180Z
sensor.sigen_plant_consumed_power,1.101000,2026-02-17T07:22:25.166Z
sensor.sigen_plant_consumed_power,1.078000,2026-02-17T07:22:30.165Z
sensor.sigen_plant_consumed_power,1.103000,2026-02-17T07:22:35.177Z
sensor.sigen_plant_consumed_power,1.076000,2026-02-17T07:22:40.187Z
sensor.sigen_plant_consumed_power,1.077000,2026-02-17T07:22:45.178Z
sensor.sigen_plant_consumed_power,0.980000,2026-02-17T07:22:50.165Z
sensor.sigen_plant_consumed_power,0.985000,2026-02-17T07:22:55.176Z
sensor.sigen_plant_consumed_power,0.993000,2026-02-17T07:23:00.265Z
sensor.sigen_plant_consumed_power,0.991000,2026-02-17T07:23:05.185Z
sensor.sigen_plant_consumed_power,0.848000,2026-02-17T07:23:10.196Z
sensor.sigen_plant_consumed_power,0.679000,2026-02-17T07:23:15.195Z
sensor.sigen_plant_consumed_power,0.694000,2026-02-17T07:23:20.376Z
sensor.sigen_plant_consumed_power,0.662000,2026-02-17T07:23:25.206Z
sensor.sigen_plant_consumed_power,0.771000,2026-02-17T07:23:30.190Z
sensor.sigen_plant_consumed_power,0.811000,2026-02-17T07:23:35.175Z
sensor.sigen_plant_consumed_power,0.784000,2026-02-17T07:23:40.165Z
sensor.sigen_plant_consumed_power,0.818000,2026-02-17T07:23:45.166Z
sensor.sigen_plant_consumed_power,0.783000,2026-02-17T07:23:50.175Z
sensor.sigen_plant_consumed_power,0.797000,2026-02-17T07:23:55.185Z
sensor.sigen_plant_consumed_power,0.768000,2026-02-17T07:24:00.265Z
sensor.sigen_plant_consumed_power,0.772000,2026-02-17T07:24:05.185Z
sensor.sigen_plant_consumed_power,0.775000,2026-02-17T07:24:10.178Z
sensor.sigen_plant_consumed_power,0.771000,2026-02-17T07:24:15.186Z
sensor.sigen_plant_consumed_power,0.831000,2026-02-17T07:24:20.165Z
sensor.sigen_plant_consumed_power,0.840000,2026-02-17T07:24:25.185Z
sensor.sigen_plant_consumed_power,0.849000,2026-02-17T07:24:30.186Z
sensor.sigen_plant_consumed_power,0.831000,2026-02-17T07:24:35.175Z
sensor.sigen_plant_consumed_power,0.816000,2026-02-17T07:24:40.175Z
sensor.sigen_plant_consumed_power,0.822000,2026-02-17T07:24:45.166Z
sensor.sigen_plant_consumed_power,0.819000,2026-02-17T07:24:50.175Z
sensor.sigen_plant_consumed_power,0.827000,2026-02-17T07:24:55.186Z
sensor.sigen_plant_consumed_power,0.834000,2026-02-17T07:25:00.256Z
sensor.sigen_plant_consumed_power,0.761000,2026-02-17T07:25:05.176Z
sensor.sigen_plant_consumed_power,0.854000,2026-02-17T07:25:10.168Z
sensor.sigen_plant_consumed_power,0.822000,2026-02-17T07:25:15.197Z
sensor.sigen_plant_consumed_power,0.803000,2026-02-17T07:25:20.187Z
sensor.sigen_plant_consumed_power,0.786000,2026-02-17T07:25:25.197Z
sensor.sigen_plant_consumed_power,0.794000,2026-02-17T07:25:28.491Z
sensor.sigen_plant_consumed_power,0.803000,2026-02-17T07:25:33.175Z
sensor.sigen_plant_consumed_power,0.797000,2026-02-17T07:25:38.198Z
sensor.sigen_plant_consumed_power,0.795000,2026-02-17T07:25:43.186Z
sensor.sigen_plant_consumed_power,0.777000,2026-02-17T07:25:48.186Z
sensor.sigen_plant_consumed_power,0.765000,2026-02-17T07:25:53.171Z
sensor.sigen_plant_consumed_power,0.799000,2026-02-17T07:25:58.166Z
sensor.sigen_plant_consumed_power,0.801000,2026-02-17T07:26:03.187Z
sensor.sigen_plant_consumed_power,0.779000,2026-02-17T07:26:08.186Z
sensor.sigen_plant_consumed_power,0.808000,2026-02-17T07:26:13.188Z
sensor.sigen_plant_consumed_power,0.807000,2026-02-17T07:26:18.177Z
sensor.sigen_plant_consumed_power,1.424000,2026-02-17T07:26:23.196Z
sensor.sigen_plant_consumed_power,0.910000,2026-02-17T07:26:28.187Z
sensor.sigen_plant_consumed_power,0.922000,2026-02-17T07:26:33.196Z
sensor.sigen_plant_consumed_power,0.862000,2026-02-17T07:26:38.166Z
sensor.sigen_plant_consumed_power,0.860000,2026-02-17T07:26:43.198Z
sensor.sigen_plant_consumed_power,0.886000,2026-02-17T07:26:48.169Z
sensor.sigen_plant_consumed_power,0.865000,2026-02-17T07:26:53.416Z
sensor.sigen_plant_consumed_power,0.890000,2026-02-17T07:26:58.177Z
sensor.sigen_plant_consumed_power,0.853000,2026-02-17T07:27:03.166Z
sensor.sigen_plant_consumed_power,0.872000,2026-02-17T07:27:08.176Z
sensor.sigen_plant_consumed_power,0.807000,2026-02-17T07:27:13.186Z
sensor.sigen_plant_consumed_power,0.865000,2026-02-17T07:27:18.169Z
sensor.sigen_plant_consumed_power,0.849000,2026-02-17T07:27:28.189Z
sensor.sigen_plant_consumed_power,0.855000,2026-02-17T07:27:33.187Z
sensor.sigen_plant_consumed_power,0.849000,2026-02-17T07:27:38.196Z
sensor.sigen_plant_consumed_power,0.855000,2026-02-17T07:27:43.169Z
sensor.sigen_plant_consumed_power,0.847000,2026-02-17T07:27:48.169Z
sensor.sigen_plant_consumed_power,0.873000,2026-02-17T07:27:53.185Z
sensor.sigen_plant_consumed_power,0.880000,2026-02-17T07:27:58.176Z
sensor.sigen_plant_consumed_power,0.877000,2026-02-17T07:28:03.186Z
sensor.sigen_plant_consumed_power,0.874000,2026-02-17T07:28:08.176Z
sensor.sigen_plant_consumed_power,0.880000,2026-02-17T07:28:13.178Z
sensor.sigen_plant_consumed_power,0.886000,2026-02-17T07:28:18.169Z
sensor.sigen_plant_consumed_power,0.861000,2026-02-17T07:28:23.167Z
sensor.sigen_plant_consumed_power,0.906000,2026-02-17T07:28:28.189Z
sensor.sigen_plant_consumed_power,0.880000,2026-02-17T07:28:33.180Z
sensor.sigen_plant_consumed_power,0.811000,2026-02-17T07:28:38.167Z
sensor.sigen_plant_consumed_power,0.797000,2026-02-17T07:28:43.177Z
sensor.sigen_plant_consumed_power,0.906000,2026-02-17T07:28:48.167Z
sensor.sigen_plant_consumed_power,0.855000,2026-02-17T07:28:53.199Z
sensor.sigen_plant_consumed_power,0.846000,2026-02-17T07:28:58.167Z
sensor.sigen_plant_consumed_power,0.903000,2026-02-17T07:29:03.189Z
sensor.sigen_plant_consumed_power,0.878000,2026-02-17T07:29:13.228Z
sensor.sigen_plant_consumed_power,0.888000,2026-02-17T07:29:18.187Z
sensor.sigen_plant_consumed_power,0.895000,2026-02-17T07:29:23.247Z
sensor.sigen_plant_consumed_power,0.876000,2026-02-17T07:29:28.177Z
sensor.sigen_plant_consumed_power,0.881000,2026-02-17T07:29:38.178Z
sensor.sigen_plant_consumed_power,0.932000,2026-02-17T07:29:43.229Z
sensor.sigen_plant_consumed_power,0.939000,2026-02-17T07:29:48.179Z
sensor.sigen_plant_consumed_power,0.895000,2026-02-17T07:29:53.237Z
sensor.sigen_plant_consumed_power,0.887000,2026-02-17T07:29:58.177Z
sensor.sigen_plant_consumed_power,0.896000,2026-02-17T07:30:03.218Z
sensor.sigen_plant_consumed_power,0.873000,2026-02-17T07:30:08.167Z
sensor.sigen_plant_consumed_power,0.903000,2026-02-17T07:30:13.179Z
sensor.sigen_plant_consumed_power,0.886000,2026-02-17T07:30:18.178Z
sensor.sigen_plant_consumed_power,0.897000,2026-02-17T07:30:23.187Z
sensor.sigen_plant_consumed_power,0.855000,2026-02-17T07:30:28.177Z
sensor.sigen_plant_consumed_power,0.868000,2026-02-17T07:30:30.338Z
sensor.sigen_plant_consumed_power,0.895000,2026-02-17T07:30:35.194Z
sensor.sigen_plant_consumed_power,0.862000,2026-02-17T07:30:40.187Z
sensor.sigen_plant_consumed_power,0.812000,2026-02-17T07:30:45.208Z
sensor.sigen_plant_consumed_power,0.794000,2026-02-17T07:30:50.197Z
sensor.sigen_plant_consumed_power,0.864000,2026-02-17T07:30:55.192Z
sensor.sigen_plant_consumed_power,0.870000,2026-02-17T07:31:00.259Z
sensor.sigen_plant_consumed_power,0.818000,2026-02-17T07:31:05.184Z
sensor.sigen_plant_consumed_power,0.889000,2026-02-17T07:31:10.169Z
sensor.sigen_plant_consumed_power,0.914000,2026-02-17T07:31:15.178Z
sensor.sigen_plant_consumed_power,0.902000,2026-02-17T07:31:20.179Z
sensor.sigen_plant_consumed_power,0.904000,2026-02-17T07:31:25.204Z
sensor.sigen_plant_consumed_power,0.857000,2026-02-17T07:31:30.188Z
sensor.sigen_plant_consumed_power,0.853000,2026-02-17T07:31:35.169Z
sensor.sigen_plant_consumed_power,0.836000,2026-02-17T07:31:40.213Z
sensor.sigen_plant_consumed_power,0.877000,2026-02-17T07:31:45.178Z
sensor.sigen_plant_consumed_power,0.881000,2026-02-17T07:31:50.178Z
sensor.sigen_plant_consumed_power,0.887000,2026-02-17T07:31:55.209Z
sensor.sigen_plant_consumed_power,0.865000,2026-02-17T07:32:00.258Z
sensor.sigen_plant_consumed_power,0.872000,2026-02-17T07:32:05.212Z
sensor.sigen_plant_consumed_power,0.862000,2026-02-17T07:32:10.178Z
sensor.sigen_plant_consumed_power,0.878000,2026-02-17T07:32:15.168Z
sensor.sigen_plant_consumed_power,0.870000,2026-02-17T07:32:20.188Z
sensor.sigen_plant_consumed_power,0.873000,2026-02-17T07:32:25.198Z
sensor.sigen_plant_consumed_power,0.862000,2026-02-17T07:32:30.168Z
sensor.sigen_plant_consumed_power,0.767000,2026-02-17T07:32:35.188Z
sensor.sigen_plant_consumed_power,0.776000,2026-02-17T07:32:40.188Z
sensor.sigen_plant_consumed_power,0.872000,2026-02-17T07:32:45.178Z
sensor.sigen_plant_consumed_power,0.891000,2026-02-17T07:32:50.188Z
sensor.sigen_plant_consumed_power,0.869000,2026-02-17T07:32:55.169Z
sensor.sigen_plant_consumed_power,0.862000,2026-02-17T07:33:00.271Z
sensor.sigen_plant_consumed_power,0.859000,2026-02-17T07:33:05.188Z
sensor.sigen_plant_consumed_power,0.852000,2026-02-17T07:33:15.169Z
sensor.sigen_plant_consumed_power,0.854000,2026-02-17T07:33:20.169Z
sensor.sigen_plant_consumed_power,0.884000,2026-02-17T07:33:25.184Z
sensor.sigen_plant_consumed_power,0.868000,2026-02-17T07:33:30.184Z
sensor.sigen_plant_consumed_power,0.882000,2026-02-17T07:33:35.206Z
sensor.sigen_plant_consumed_power,0.839000,2026-02-17T07:33:40.179Z
sensor.sigen_plant_consumed_power,0.858000,2026-02-17T07:33:45.198Z
sensor.sigen_plant_consumed_power,0.864000,2026-02-17T07:33:50.169Z
sensor.sigen_plant_consumed_power,0.899000,2026-02-17T07:33:55.190Z
sensor.sigen_plant_consumed_power,0.904000,2026-02-17T07:34:00.268Z
sensor.sigen_plant_consumed_power,0.855000,2026-02-17T07:34:05.170Z
sensor.sigen_plant_consumed_power,0.861000,2026-02-17T07:34:10.179Z
sensor.sigen_plant_consumed_power,0.866000,2026-02-17T07:34:15.169Z
sensor.sigen_plant_consumed_power,0.882000,2026-02-17T07:34:20.170Z
sensor.sigen_plant_consumed_power,0.847000,2026-02-17T07:34:25.210Z
sensor.sigen_plant_consumed_power,0.877000,2026-02-17T07:34:30.179Z
sensor.sigen_plant_consumed_power,0.856000,2026-02-17T07:34:35.221Z
sensor.sigen_plant_consumed_power,0.840000,2026-02-17T07:34:40.200Z
sensor.sigen_plant_consumed_power,0.897000,2026-02-17T07:34:45.179Z
sensor.sigen_plant_consumed_power,0.873000,2026-02-17T07:34:50.171Z
sensor.sigen_plant_consumed_power,0.877000,2026-02-17T07:34:55.230Z
sensor.sigen_plant_consumed_power,0.851000,2026-02-17T07:35:00.241Z
sensor.sigen_plant_consumed_power,0.789000,2026-02-17T07:35:05.301Z
sensor.sigen_plant_consumed_power,0.841000,2026-02-17T07:35:10.169Z
sensor.sigen_plant_consumed_power,0.869000,2026-02-17T07:35:15.231Z
sensor.sigen_plant_consumed_power,0.895000,2026-02-17T07:35:20.170Z
sensor.sigen_plant_consumed_power,0.858000,2026-02-17T07:35:25.207Z
sensor.sigen_plant_consumed_power,0.852000,2026-02-17T07:35:27.539Z
sensor.sigen_plant_consumed_power,0.817000,2026-02-17T07:35:32.178Z
sensor.sigen_plant_consumed_power,0.846000,2026-02-17T07:35:37.175Z
sensor.sigen_plant_consumed_power,0.869000,2026-02-17T07:35:42.194Z
sensor.sigen_plant_consumed_power,0.847000,2026-02-17T07:35:47.179Z
sensor.sigen_plant_consumed_power,0.839000,2026-02-17T07:35:52.189Z
sensor.sigen_plant_consumed_power,0.809000,2026-02-17T07:35:57.220Z
sensor.sigen_plant_consumed_power,0.812000,2026-02-17T07:36:02.201Z
sensor.sigen_plant_consumed_power,0.846000,2026-02-17T07:36:07.190Z
sensor.sigen_plant_consumed_power,0.849000,2026-02-17T07:36:12.169Z
sensor.sigen_plant_consumed_power,0.829000,2026-02-17T07:36:17.189Z
sensor.sigen_plant_consumed_power,0.837000,2026-02-17T07:36:22.179Z
sensor.sigen_plant_consumed_power,0.876000,2026-02-17T07:36:27.189Z
sensor.sigen_plant_consumed_power,0.867000,2026-02-17T07:36:32.180Z
sensor.sigen_plant_consumed_power,0.866000,2026-02-17T07:36:37.202Z
sensor.sigen_plant_consumed_power,0.860000,2026-02-17T07:36:42.179Z
sensor.sigen_plant_consumed_power,0.871000,2026-02-17T07:36:47.191Z
sensor.sigen_plant_consumed_power,0.827000,2026-02-17T07:36:52.189Z
sensor.sigen_plant_consumed_power,0.849000,2026-02-17T07:36:57.171Z
sensor.sigen_plant_consumed_power,0.868000,2026-02-17T07:37:02.179Z
sensor.sigen_plant_consumed_power,0.867000,2026-02-17T07:37:07.171Z
sensor.sigen_plant_consumed_power,0.866000,2026-02-17T07:37:12.169Z
sensor.sigen_plant_consumed_power,0.871000,2026-02-17T07:37:17.191Z
sensor.sigen_plant_consumed_power,0.858000,2026-02-17T07:37:22.179Z
sensor.sigen_plant_consumed_power,0.845000,2026-02-17T07:37:27.171Z
sensor.sigen_plant_consumed_power,0.839000,2026-02-17T07:37:32.171Z
sensor.sigen_plant_consumed_power,0.850000,2026-02-17T07:37:37.173Z
sensor.sigen_plant_consumed_power,0.765000,2026-02-17T07:37:42.214Z
sensor.sigen_plant_consumed_power,0.760000,2026-02-17T07:37:47.191Z
sensor.sigen_plant_consumed_power,0.847000,2026-02-17T07:37:52.160Z
sensor.sigen_plant_consumed_power,0.844000,2026-02-17T07:37:57.203Z
sensor.sigen_plant_consumed_power,0.870000,2026-02-17T07:38:02.200Z
sensor.sigen_plant_consumed_power,0.882000,2026-02-17T07:38:07.182Z
sensor.sigen_plant_consumed_power,0.841000,2026-02-17T07:38:12.182Z
sensor.sigen_plant_consumed_power,0.843000,2026-02-17T07:38:17.180Z
sensor.sigen_plant_consumed_power,0.869000,2026-02-17T07:38:22.161Z
sensor.sigen_plant_consumed_power,0.842000,2026-02-17T07:38:27.170Z
sensor.sigen_plant_consumed_power,0.839000,2026-02-17T07:38:32.182Z
sensor.sigen_plant_consumed_power,0.861000,2026-02-17T07:38:37.170Z
sensor.sigen_plant_consumed_power,0.834000,2026-02-17T07:38:42.180Z
sensor.sigen_plant_consumed_power,0.842000,2026-02-17T07:38:47.190Z
sensor.sigen_plant_consumed_power,0.856000,2026-02-17T07:38:52.192Z
sensor.sigen_plant_consumed_power,0.830000,2026-02-17T07:38:57.180Z
sensor.sigen_plant_consumed_power,0.858000,2026-02-17T07:39:02.201Z
sensor.sigen_plant_consumed_power,0.896000,2026-02-17T07:39:07.180Z
sensor.sigen_plant_consumed_power,0.851000,2026-02-17T07:39:12.193Z
sensor.sigen_plant_consumed_power,0.862000,2026-02-17T07:39:17.191Z
sensor.sigen_plant_consumed_power,0.857000,2026-02-17T07:39:22.410Z
sensor.sigen_plant_consumed_power,0.862000,2026-02-17T07:39:27.161Z
sensor.sigen_plant_consumed_power,0.847000,2026-02-17T07:39:32.183Z
sensor.sigen_plant_consumed_power,0.859000,2026-02-17T07:39:37.182Z
sensor.sigen_plant_consumed_power,0.846000,2026-02-17T07:39:42.200Z
sensor.sigen_plant_consumed_power,0.860000,2026-02-17T07:39:47.180Z
sensor.sigen_plant_consumed_power,0.849000,2026-02-17T07:39:57.180Z
sensor.sigen_plant_consumed_power,0.907000,2026-02-17T07:40:02.175Z
sensor.sigen_plant_consumed_power,0.893000,2026-02-17T07:40:07.180Z
sensor.sigen_plant_consumed_power,0.905000,2026-02-17T07:40:12.180Z
sensor.sigen_plant_consumed_power,0.874000,2026-02-17T07:40:17.181Z
sensor.sigen_plant_consumed_power,0.877000,2026-02-17T07:40:22.180Z
sensor.sigen_plant_consumed_power,0.846000,2026-02-17T07:40:27.207Z
sensor.sigen_plant_consumed_power,0.848000,2026-02-17T07:40:29.900Z
sensor.sigen_plant_consumed_power,0.831000,2026-02-17T07:40:35.231Z
sensor.sigen_plant_consumed_power,0.841000,2026-02-17T07:40:40.183Z
sensor.sigen_plant_consumed_power,0.864000,2026-02-17T07:40:45.180Z
sensor.sigen_plant_consumed_power,0.862000,2026-02-17T07:40:50.181Z
sensor.sigen_plant_consumed_power,0.835000,2026-02-17T07:40:55.170Z
sensor.sigen_plant_consumed_power,0.794000,2026-02-17T07:41:05.162Z
sensor.sigen_plant_consumed_power,0.804000,2026-02-17T07:41:10.202Z
sensor.sigen_plant_consumed_power,0.845000,2026-02-17T07:41:15.196Z
sensor.sigen_plant_consumed_power,0.854000,2026-02-17T07:41:20.172Z
sensor.sigen_plant_consumed_power,0.824000,2026-02-17T07:41:25.211Z
sensor.sigen_plant_consumed_power,0.861000,2026-02-17T07:41:30.181Z
sensor.sigen_plant_consumed_power,0.790000,2026-02-17T07:41:35.211Z
sensor.sigen_plant_consumed_power,0.771000,2026-02-17T07:41:40.187Z
sensor.sigen_plant_consumed_power,0.826000,2026-02-17T07:41:45.182Z
sensor.sigen_plant_consumed_power,0.789000,2026-02-17T07:41:50.222Z
sensor.sigen_plant_consumed_power,0.819000,2026-02-17T07:41:55.181Z
sensor.sigen_plant_consumed_power,0.834000,2026-02-17T07:42:00.272Z
sensor.sigen_plant_consumed_power,0.820000,2026-02-17T07:42:05.191Z
sensor.sigen_plant_consumed_power,0.842000,2026-02-17T07:42:10.186Z
sensor.sigen_plant_consumed_power,0.827000,2026-02-17T07:42:15.227Z
sensor.sigen_plant_consumed_power,0.823000,2026-02-17T07:42:20.191Z
sensor.sigen_plant_consumed_power,0.827000,2026-02-17T07:42:25.172Z
sensor.sigen_plant_consumed_power,0.850000,2026-02-17T07:42:30.182Z
sensor.sigen_plant_consumed_power,0.818000,2026-02-17T07:42:35.181Z
sensor.sigen_plant_consumed_power,0.823000,2026-02-17T07:42:40.161Z
sensor.sigen_plant_consumed_power,0.829000,2026-02-17T07:42:45.221Z
sensor.sigen_plant_consumed_power,0.838000,2026-02-17T07:42:50.203Z
sensor.sigen_plant_consumed_power,0.824000,2026-02-17T07:42:55.181Z
sensor.sigen_plant_consumed_power,0.841000,2026-02-17T07:43:00.241Z
sensor.sigen_plant_consumed_power,0.831000,2026-02-17T07:43:05.182Z
sensor.sigen_plant_consumed_power,0.871000,2026-02-17T07:43:10.201Z
sensor.sigen_plant_consumed_power,0.829000,2026-02-17T07:43:15.171Z
sensor.sigen_plant_consumed_power,0.798000,2026-02-17T07:43:20.161Z
sensor.sigen_plant_consumed_power,0.975000,2026-02-17T07:43:25.174Z
sensor.sigen_plant_consumed_power,1.023000,2026-02-17T07:43:30.171Z
sensor.sigen_plant_consumed_power,0.923000,2026-02-17T07:43:35.172Z
sensor.sigen_plant_consumed_power,0.970000,2026-02-17T07:43:40.171Z
sensor.sigen_plant_consumed_power,0.955000,2026-02-17T07:43:45.172Z
sensor.sigen_plant_consumed_power,0.985000,2026-02-17T07:43:55.162Z
sensor.sigen_plant_consumed_power,0.936000,2026-02-17T07:44:00.252Z
sensor.sigen_plant_consumed_power,0.950000,2026-02-17T07:44:05.177Z
sensor.sigen_plant_consumed_power,0.979000,2026-02-17T07:44:10.173Z
sensor.sigen_plant_consumed_power,0.986000,2026-02-17T07:44:15.228Z
sensor.sigen_plant_consumed_power,0.897000,2026-02-17T07:44:20.172Z
sensor.sigen_plant_consumed_power,0.984000,2026-02-17T07:44:25.193Z
sensor.sigen_plant_consumed_power,0.952000,2026-02-17T07:44:30.183Z
sensor.sigen_plant_consumed_power,0.862000,2026-02-17T07:44:35.186Z
sensor.sigen_plant_consumed_power,0.967000,2026-02-17T07:44:40.162Z
sensor.sigen_plant_consumed_power,0.921000,2026-02-17T07:44:45.162Z
sensor.sigen_plant_consumed_power,0.939000,2026-02-17T07:44:50.174Z
sensor.sigen_plant_consumed_power,0.935000,2026-02-17T07:44:55.183Z
sensor.sigen_plant_consumed_power,0.927000,2026-02-17T07:45:00.242Z
sensor.sigen_plant_consumed_power,0.953000,2026-02-17T07:45:05.172Z
sensor.sigen_plant_consumed_power,0.941000,2026-02-17T07:45:10.182Z
sensor.sigen_plant_consumed_power,0.931000,2026-02-17T07:45:15.172Z
sensor.sigen_plant_consumed_power,0.928000,2026-02-17T07:45:20.262Z
sensor.sigen_plant_consumed_power,0.995000,2026-02-17T07:45:25.163Z
sensor.sigen_plant_consumed_power,0.926000,2026-02-17T07:45:28.811Z
sensor.sigen_plant_consumed_power,0.910000,2026-02-17T07:45:33.202Z
sensor.sigen_plant_consumed_power,0.903000,2026-02-17T07:45:38.183Z
sensor.sigen_plant_consumed_power,0.897000,2026-02-17T07:45:43.191Z
sensor.sigen_plant_consumed_power,0.929000,2026-02-17T07:45:48.172Z
sensor.sigen_plant_consumed_power,0.921000,2026-02-17T07:45:53.182Z
sensor.sigen_plant_consumed_power,0.911000,2026-02-17T07:45:58.183Z
sensor.sigen_plant_consumed_power,0.929000,2026-02-17T07:46:03.173Z
sensor.sigen_plant_consumed_power,0.959000,2026-02-17T07:46:08.188Z
sensor.sigen_plant_consumed_power,0.910000,2026-02-17T07:46:13.162Z
sensor.sigen_plant_consumed_power,0.938000,2026-02-17T07:46:18.182Z
sensor.sigen_plant_consumed_power,0.920000,2026-02-17T07:46:23.182Z
sensor.sigen_plant_consumed_power,0.927000,2026-02-17T07:46:28.162Z
sensor.sigen_plant_consumed_power,0.944000,2026-02-17T07:46:33.174Z
sensor.sigen_plant_consumed_power,0.920000,2026-02-17T07:46:38.167Z
sensor.sigen_plant_consumed_power,0.894000,2026-02-17T07:46:43.172Z
sensor.sigen_plant_consumed_power,0.891000,2026-02-17T07:46:48.162Z
sensor.sigen_plant_consumed_power,0.885000,2026-02-17T07:46:53.162Z
sensor.sigen_plant_consumed_power,0.912000,2026-02-17T07:46:58.172Z
sensor.sigen_plant_consumed_power,0.893000,2026-02-17T07:47:03.163Z
sensor.sigen_plant_consumed_power,0.918000,2026-02-17T07:47:08.195Z
sensor.sigen_plant_consumed_power,0.953000,2026-02-17T07:47:13.184Z
sensor.sigen_plant_consumed_power,0.913000,2026-02-17T07:47:18.185Z
sensor.sigen_plant_consumed_power,0.896000,2026-02-17T07:47:23.172Z
sensor.sigen_plant_consumed_power,0.925000,2026-02-17T07:47:28.183Z
sensor.sigen_plant_consumed_power,0.929000,2026-02-17T07:47:33.193Z
sensor.sigen_plant_consumed_power,0.948000,2026-02-17T07:47:38.177Z
sensor.sigen_plant_consumed_power,1.007000,2026-02-17T07:47:43.163Z
sensor.sigen_plant_consumed_power,0.929000,2026-02-17T07:47:48.173Z
sensor.sigen_plant_consumed_power,0.938000,2026-02-17T07:47:53.173Z
sensor.sigen_plant_consumed_power,0.915000,2026-02-17T07:47:58.183Z
sensor.sigen_plant_consumed_power,0.930000,2026-02-17T07:48:03.165Z
sensor.sigen_plant_consumed_power,0.935000,2026-02-17T07:48:08.163Z
sensor.sigen_plant_consumed_power,0.951000,2026-02-17T07:48:18.183Z
sensor.sigen_plant_consumed_power,0.946000,2026-02-17T07:48:23.163Z
sensor.sigen_plant_consumed_power,0.937000,2026-02-17T07:48:28.183Z
sensor.sigen_plant_consumed_power,0.910000,2026-02-17T07:48:33.185Z
sensor.sigen_plant_consumed_power,0.928000,2026-02-17T07:48:38.166Z
sensor.sigen_plant_consumed_power,0.926000,2026-02-17T07:48:43.173Z
sensor.sigen_plant_consumed_power,0.899000,2026-02-17T07:48:48.203Z
sensor.sigen_plant_consumed_power,0.925000,2026-02-17T07:48:53.164Z
sensor.sigen_plant_consumed_power,0.945000,2026-02-17T07:48:58.163Z
sensor.sigen_plant_consumed_power,0.926000,2026-02-17T07:49:03.185Z
sensor.sigen_plant_consumed_power,0.924000,2026-02-17T07:49:08.189Z
sensor.sigen_plant_consumed_power,0.917000,2026-02-17T07:49:13.185Z
sensor.sigen_plant_consumed_power,0.920000,2026-02-17T07:49:18.183Z
sensor.sigen_plant_consumed_power,0.964000,2026-02-17T07:49:23.188Z
sensor.sigen_plant_consumed_power,0.922000,2026-02-17T07:49:28.164Z
sensor.sigen_plant_consumed_power,0.925000,2026-02-17T07:49:33.182Z
sensor.sigen_plant_consumed_power,0.975000,2026-02-17T07:49:38.173Z
sensor.sigen_plant_consumed_power,0.927000,2026-02-17T07:49:43.183Z
sensor.sigen_plant_consumed_power,1.003000,2026-02-17T07:49:48.173Z
sensor.sigen_plant_consumed_power,0.972000,2026-02-17T07:49:53.183Z
sensor.sigen_plant_consumed_power,0.964000,2026-02-17T07:49:58.173Z
sensor.sigen_plant_consumed_power,0.980000,2026-02-17T07:50:03.184Z
sensor.sigen_plant_consumed_power,0.986000,2026-02-17T07:50:08.173Z
sensor.sigen_plant_consumed_power,0.897000,2026-02-17T07:50:13.195Z
sensor.sigen_plant_consumed_power,0.918000,2026-02-17T07:50:18.197Z
sensor.sigen_plant_consumed_power,0.903000,2026-02-17T07:50:23.174Z
sensor.sigen_plant_consumed_power,0.919000,2026-02-17T07:50:28.195Z
sensor.sigen_plant_consumed_power,0.916000,2026-02-17T07:50:33.163Z
sensor.sigen_plant_consumed_power,0.911000,2026-02-17T07:50:38.172Z
sensor.sigen_plant_consumed_power,0.891000,2026-02-17T07:50:43.175Z
sensor.sigen_plant_consumed_power,0.913000,2026-02-17T07:50:48.173Z
sensor.sigen_plant_consumed_power,0.836000,2026-02-17T07:50:53.185Z
sensor.sigen_plant_consumed_power,0.876000,2026-02-17T07:50:58.167Z
sensor.sigen_plant_consumed_power,0.882000,2026-02-17T07:51:03.186Z
sensor.sigen_plant_consumed_power,0.841000,2026-02-17T07:51:08.176Z
sensor.sigen_plant_consumed_power,0.883000,2026-02-17T07:51:13.186Z
sensor.sigen_plant_consumed_power,0.840000,2026-02-17T07:51:18.175Z
sensor.sigen_plant_consumed_power,0.893000,2026-02-17T07:51:23.175Z
sensor.sigen_plant_consumed_power,0.918000,2026-02-17T07:51:28.188Z
sensor.sigen_plant_consumed_power,0.915000,2026-02-17T07:51:33.176Z
sensor.sigen_plant_consumed_power,0.864000,2026-02-17T07:51:38.166Z
sensor.sigen_plant_consumed_power,0.927000,2026-02-17T07:51:43.185Z
sensor.sigen_plant_consumed_power,0.878000,2026-02-17T07:51:48.164Z
sensor.sigen_plant_consumed_power,0.834000,2026-02-17T07:51:53.185Z
sensor.sigen_plant_consumed_power,0.841000,2026-02-17T07:51:58.174Z
sensor.sigen_plant_consumed_power,0.911000,2026-02-17T07:52:03.175Z
sensor.sigen_plant_consumed_power,0.832000,2026-02-17T07:52:08.174Z
sensor.sigen_plant_consumed_power,0.861000,2026-02-17T07:52:13.195Z
sensor.sigen_plant_consumed_power,0.832000,2026-02-17T07:52:18.164Z
sensor.sigen_plant_consumed_power,0.870000,2026-02-17T07:52:23.167Z
sensor.sigen_plant_consumed_power,0.826000,2026-02-17T07:52:28.174Z
sensor.sigen_plant_consumed_power,0.842000,2026-02-17T07:52:33.187Z
sensor.sigen_plant_consumed_power,0.794000,2026-02-17T07:52:38.164Z
sensor.sigen_plant_consumed_power,0.837000,2026-02-17T07:52:43.204Z
sensor.sigen_plant_consumed_power,0.847000,2026-02-17T07:52:48.176Z
sensor.sigen_plant_consumed_power,0.837000,2026-02-17T07:52:53.184Z
sensor.sigen_plant_consumed_power,0.815000,2026-02-17T07:52:58.164Z
sensor.sigen_plant_consumed_power,0.831000,2026-02-17T07:53:03.175Z
sensor.sigen_plant_consumed_power,0.874000,2026-02-17T07:53:08.174Z
sensor.sigen_plant_consumed_power,0.849000,2026-02-17T07:53:13.166Z
sensor.sigen_plant_consumed_power,0.868000,2026-02-17T07:53:18.196Z
sensor.sigen_plant_consumed_power,0.889000,2026-02-17T07:53:23.196Z
sensor.sigen_plant_consumed_power,0.851000,2026-02-17T07:53:28.167Z
sensor.sigen_plant_consumed_power,0.840000,2026-02-17T07:53:33.186Z
sensor.sigen_plant_consumed_power,0.872000,2026-02-17T07:53:38.176Z
sensor.sigen_plant_consumed_power,0.849000,2026-02-17T07:53:43.196Z
sensor.sigen_plant_consumed_power,0.823000,2026-02-17T07:53:48.196Z
sensor.sigen_plant_consumed_power,0.839000,2026-02-17T07:53:53.184Z
sensor.sigen_plant_consumed_power,0.869000,2026-02-17T07:53:58.206Z
sensor.sigen_plant_consumed_power,0.825000,2026-02-17T07:54:03.185Z
sensor.sigen_plant_consumed_power,0.836000,2026-02-17T07:54:08.174Z
sensor.sigen_plant_consumed_power,0.834000,2026-02-17T07:54:13.175Z
sensor.sigen_plant_consumed_power,0.822000,2026-02-17T07:54:18.175Z
sensor.sigen_plant_consumed_power,0.848000,2026-02-17T07:54:23.175Z
sensor.sigen_plant_consumed_power,0.871000,2026-02-17T07:54:28.197Z
sensor.sigen_plant_consumed_power,0.835000,2026-02-17T07:54:33.185Z
sensor.sigen_plant_consumed_power,0.866000,2026-02-17T07:54:38.184Z
sensor.sigen_plant_consumed_power,0.852000,2026-02-17T07:54:43.185Z
sensor.sigen_plant_consumed_power,0.825000,2026-02-17T07:54:48.175Z
sensor.sigen_plant_consumed_power,0.850000,2026-02-17T07:54:53.165Z
sensor.sigen_plant_consumed_power,0.845000,2026-02-17T07:54:58.165Z
sensor.sigen_plant_consumed_power,0.862000,2026-02-17T07:55:03.212Z
sensor.sigen_plant_consumed_power,0.841000,2026-02-17T07:55:08.195Z
sensor.sigen_plant_consumed_power,0.862000,2026-02-17T07:55:13.165Z
sensor.sigen_plant_consumed_power,0.824000,2026-02-17T07:55:18.167Z
sensor.sigen_plant_consumed_power,0.853000,2026-02-17T07:55:23.165Z
sensor.sigen_plant_consumed_power,0.847000,2026-02-17T07:55:28.186Z
sensor.sigen_plant_consumed_power,0.813000,2026-02-17T07:55:29.847Z
sensor.sigen_plant_consumed_power,0.881000,2026-02-17T07:55:34.184Z
sensor.sigen_plant_consumed_power,0.848000,2026-02-17T07:55:39.164Z
sensor.sigen_plant_consumed_power,0.826000,2026-02-17T07:55:44.181Z
sensor.sigen_plant_consumed_power,0.840000,2026-02-17T07:55:49.164Z
sensor.sigen_plant_consumed_power,0.814000,2026-02-17T07:55:54.185Z
sensor.sigen_plant_consumed_power,0.852000,2026-02-17T07:55:59.195Z
sensor.sigen_plant_consumed_power,0.819000,2026-02-17T07:56:04.175Z
sensor.sigen_plant_consumed_power,0.813000,2026-02-17T07:56:09.216Z
sensor.sigen_plant_consumed_power,0.800000,2026-02-17T07:56:14.185Z
sensor.sigen_plant_consumed_power,0.834000,2026-02-17T07:56:19.165Z
sensor.sigen_plant_consumed_power,0.826000,2026-02-17T07:56:24.209Z
sensor.sigen_plant_consumed_power,0.834000,2026-02-17T07:56:29.175Z
sensor.sigen_plant_consumed_power,0.833000,2026-02-17T07:56:34.175Z
sensor.sigen_plant_consumed_power,0.794000,2026-02-17T07:56:39.198Z
sensor.sigen_plant_consumed_power,0.812000,2026-02-17T07:56:44.188Z
sensor.sigen_plant_consumed_power,0.796000,2026-02-17T07:56:49.165Z
sensor.sigen_plant_consumed_power,0.809000,2026-02-17T07:56:54.177Z
sensor.sigen_plant_consumed_power,0.775000,2026-02-17T07:56:59.188Z
sensor.sigen_plant_consumed_power,0.730000,2026-02-17T07:57:04.175Z
sensor.sigen_plant_consumed_power,0.758000,2026-02-17T07:57:09.178Z
sensor.sigen_plant_consumed_power,0.733000,2026-02-17T07:57:14.179Z
sensor.sigen_plant_consumed_power,0.837000,2026-02-17T07:57:19.213Z
sensor.sigen_plant_consumed_power,1.074000,2026-02-17T07:57:24.176Z
sensor.sigen_plant_consumed_power,1.079000,2026-02-17T07:57:29.178Z
sensor.sigen_plant_consumed_power,1.072000,2026-02-17T07:57:34.176Z
sensor.sigen_plant_consumed_power,1.094000,2026-02-17T07:57:39.175Z
sensor.sigen_plant_consumed_power,1.074000,2026-02-17T07:57:44.206Z
sensor.sigen_plant_consumed_power,1.061000,2026-02-17T07:57:49.177Z
sensor.sigen_plant_consumed_power,1.049000,2026-02-17T07:57:54.196Z
sensor.sigen_plant_consumed_power,1.084000,2026-02-17T07:57:59.166Z
sensor.sigen_plant_consumed_power,1.057000,2026-02-17T07:58:04.187Z
sensor.sigen_plant_consumed_power,1.068000,2026-02-17T07:58:09.186Z
sensor.sigen_plant_consumed_power,0.981000,2026-02-17T07:58:14.192Z
sensor.sigen_plant_consumed_power,0.982000,2026-02-17T07:58:19.176Z
sensor.sigen_plant_consumed_power,0.970000,2026-02-17T07:58:24.176Z
sensor.sigen_plant_consumed_power,1.066000,2026-02-17T07:58:29.176Z
sensor.sigen_plant_consumed_power,1.047000,2026-02-17T07:58:34.196Z
sensor.sigen_plant_consumed_power,1.011000,2026-02-17T07:58:39.181Z
sensor.sigen_plant_consumed_power,1.050000,2026-02-17T07:58:44.176Z
sensor.sigen_plant_consumed_power,1.029000,2026-02-17T07:58:49.210Z
sensor.sigen_plant_consumed_power,1.064000,2026-02-17T07:58:54.186Z
sensor.sigen_plant_consumed_power,1.061000,2026-02-17T07:58:59.166Z
sensor.sigen_plant_consumed_power,1.031000,2026-02-17T07:59:04.197Z
sensor.sigen_plant_consumed_power,1.007000,2026-02-17T07:59:09.187Z
sensor.sigen_plant_consumed_power,0.984000,2026-02-17T07:59:14.200Z
sensor.sigen_plant_consumed_power,1.001000,2026-02-17T07:59:19.166Z
sensor.sigen_plant_consumed_power,1.055000,2026-02-17T07:59:24.176Z
sensor.sigen_plant_consumed_power,1.070000,2026-02-17T07:59:29.166Z
sensor.sigen_plant_consumed_power,1.100000,2026-02-17T07:59:34.200Z
sensor.sigen_plant_consumed_power,1.153000,2026-02-17T07:59:39.180Z
sensor.sigen_plant_consumed_power,1.154000,2026-02-17T07:59:44.186Z
sensor.sigen_plant_consumed_power,1.124000,2026-02-17T07:59:49.187Z
sensor.sigen_plant_consumed_power,1.118000,2026-02-17T07:59:54.189Z
sensor.sigen_plant_consumed_power,1.111000,2026-02-17T07:59:59.186Z
sensor.sigen_plant_consumed_power,1.122000,2026-02-17T08:00:04.187Z
sensor.sigen_plant_consumed_power,1.078000,2026-02-17T08:00:09.196Z
sensor.sigen_plant_consumed_power,1.084000,2026-02-17T08:00:14.219Z
sensor.sigen_plant_consumed_power,1.083000,2026-02-17T08:00:19.198Z
sensor.sigen_plant_consumed_power,1.107000,2026-02-17T08:00:24.178Z
sensor.sigen_plant_consumed_power,1.125000,2026-02-17T08:00:29.196Z
sensor.sigen_plant_consumed_power,1.074000,2026-02-17T08:00:34.188Z
sensor.sigen_plant_consumed_power,1.075000,2026-02-17T08:00:34.446Z
sensor.sigen_plant_consumed_power,1.120000,2026-02-17T08:00:39.176Z
sensor.sigen_plant_consumed_power,1.137000,2026-02-17T08:00:44.188Z
sensor.sigen_plant_consumed_power,1.094000,2026-02-17T08:00:49.186Z
sensor.sigen_plant_consumed_power,1.091000,2026-02-17T08:00:54.188Z
sensor.sigen_plant_consumed_power,1.064000,2026-02-17T08:00:59.177Z
sensor.sigen_plant_consumed_power,1.053000,2026-02-17T08:01:04.207Z
sensor.sigen_plant_consumed_power,1.075000,2026-02-17T08:01:09.177Z
sensor.sigen_plant_consumed_power,1.076000,2026-02-17T08:01:14.229Z
sensor.sigen_plant_consumed_power,1.083000,2026-02-17T08:01:19.168Z
sensor.sigen_plant_consumed_power,1.117000,2026-02-17T08:01:24.199Z
sensor.sigen_plant_consumed_power,1.099000,2026-02-17T08:01:29.168Z
sensor.sigen_plant_consumed_power,1.070000,2026-02-17T08:01:34.189Z
sensor.sigen_plant_consumed_power,1.092000,2026-02-17T08:01:39.167Z
sensor.sigen_plant_consumed_power,1.100000,2026-02-17T08:01:44.189Z
sensor.sigen_plant_consumed_power,1.131000,2026-02-17T08:01:49.198Z
sensor.sigen_plant_consumed_power,1.088000,2026-02-17T08:01:54.178Z
sensor.sigen_plant_consumed_power,1.089000,2026-02-17T08:01:59.177Z
sensor.sigen_plant_consumed_power,1.069000,2026-02-17T08:02:04.180Z
sensor.sigen_plant_consumed_power,1.076000,2026-02-17T08:02:09.200Z
sensor.sigen_plant_consumed_power,1.085000,2026-02-17T08:02:14.230Z
sensor.sigen_plant_consumed_power,1.107000,2026-02-17T08:02:19.209Z
sensor.sigen_plant_consumed_power,1.098000,2026-02-17T08:02:24.198Z
sensor.sigen_plant_consumed_power,1.091000,2026-02-17T08:02:29.187Z
sensor.sigen_plant_consumed_power,1.079000,2026-02-17T08:02:34.218Z
sensor.sigen_plant_consumed_power,1.105000,2026-02-17T08:02:39.177Z
sensor.sigen_plant_consumed_power,1.061000,2026-02-17T08:02:44.264Z
sensor.sigen_plant_consumed_power,1.097000,2026-02-17T08:02:49.177Z
sensor.sigen_plant_consumed_power,1.032000,2026-02-17T08:02:54.240Z
sensor.sigen_plant_consumed_power,1.090000,2026-02-17T08:02:59.169Z
sensor.sigen_plant_consumed_power,1.121000,2026-02-17T08:03:04.308Z
sensor.sigen_plant_consumed_power,1.064000,2026-02-17T08:03:09.207Z
sensor.sigen_plant_consumed_power,1.099000,2026-02-17T08:03:14.177Z
sensor.sigen_plant_consumed_power,1.086000,2026-02-17T08:03:19.187Z
sensor.sigen_plant_consumed_power,1.105000,2026-02-17T08:03:24.178Z
sensor.sigen_plant_consumed_power,1.116000,2026-02-17T08:03:29.198Z
sensor.sigen_plant_consumed_power,1.097000,2026-02-17T08:03:34.177Z
sensor.sigen_plant_consumed_power,1.081000,2026-02-17T08:03:39.437Z
sensor.sigen_plant_consumed_power,1.068000,2026-02-17T08:03:44.189Z
sensor.sigen_plant_consumed_power,1.023000,2026-02-17T08:03:49.218Z
sensor.sigen_plant_consumed_power,1.084000,2026-02-17T08:03:54.168Z
sensor.sigen_plant_consumed_power,1.109000,2026-02-17T08:03:59.188Z
sensor.sigen_plant_consumed_power,0.753000,2026-02-17T08:04:04.179Z
sensor.sigen_plant_consumed_power,0.782000,2026-02-17T08:04:09.190Z
sensor.sigen_plant_consumed_power,0.774000,2026-02-17T08:04:14.168Z
sensor.sigen_plant_consumed_power,0.794000,2026-02-17T08:04:19.220Z
sensor.sigen_plant_consumed_power,0.773000,2026-02-17T08:04:24.178Z
sensor.sigen_plant_consumed_power,0.760000,2026-02-17T08:04:34.178Z
sensor.sigen_plant_consumed_power,0.756000,2026-02-17T08:04:39.250Z
sensor.sigen_plant_consumed_power,0.802000,2026-02-17T08:04:44.168Z
sensor.sigen_plant_consumed_power,0.809000,2026-02-17T08:04:49.230Z
sensor.sigen_plant_consumed_power,0.808000,2026-02-17T08:04:54.180Z
sensor.sigen_plant_consumed_power,0.832000,2026-02-17T08:04:59.199Z
sensor.sigen_plant_consumed_power,0.792000,2026-02-17T08:05:04.168Z
sensor.sigen_plant_consumed_power,0.807000,2026-02-17T08:05:09.219Z
sensor.sigen_plant_consumed_power,0.804000,2026-02-17T08:05:14.180Z
sensor.sigen_plant_consumed_power,0.817000,2026-02-17T08:05:19.178Z
sensor.sigen_plant_consumed_power,0.830000,2026-02-17T08:05:24.179Z
sensor.sigen_plant_consumed_power,0.771000,2026-02-17T08:05:28.610Z
sensor.sigen_plant_consumed_power,0.763000,2026-02-17T08:05:33.180Z
sensor.sigen_plant_consumed_power,0.768000,2026-02-17T08:05:38.177Z
sensor.sigen_plant_consumed_power,0.769000,2026-02-17T08:05:43.177Z
sensor.sigen_plant_consumed_power,0.728000,2026-02-17T08:05:48.178Z
sensor.sigen_plant_consumed_power,0.773000,2026-02-17T08:05:53.198Z
sensor.sigen_plant_consumed_power,0.724000,2026-02-17T08:05:58.178Z
sensor.sigen_plant_consumed_power,0.655000,2026-02-17T08:06:03.168Z
sensor.sigen_plant_consumed_power,0.674000,2026-02-17T08:06:08.178Z
sensor.sigen_plant_consumed_power,0.686000,2026-02-17T08:06:13.168Z
sensor.sigen_plant_consumed_power,0.666000,2026-02-17T08:06:18.178Z
sensor.sigen_plant_consumed_power,0.786000,2026-02-17T08:06:23.208Z
sensor.sigen_plant_consumed_power,0.763000,2026-02-17T08:06:28.191Z
sensor.sigen_plant_consumed_power,0.803000,2026-02-17T08:06:33.184Z
sensor.sigen_plant_consumed_power,0.793000,2026-02-17T08:06:38.182Z
sensor.sigen_plant_consumed_power,0.742000,2026-02-17T08:06:43.172Z
sensor.sigen_plant_consumed_power,0.775000,2026-02-17T08:06:48.189Z
sensor.sigen_plant_consumed_power,0.736000,2026-02-17T08:06:53.221Z
sensor.sigen_plant_consumed_power,0.742000,2026-02-17T08:06:58.171Z
sensor.sigen_plant_consumed_power,0.685000,2026-02-17T08:07:03.178Z
sensor.sigen_plant_consumed_power,0.696000,2026-02-17T08:07:08.410Z
sensor.sigen_plant_consumed_power,0.737000,2026-02-17T08:07:13.188Z
sensor.sigen_plant_consumed_power,0.733000,2026-02-17T08:07:18.179Z
sensor.sigen_plant_consumed_power,0.727000,2026-02-17T08:07:23.199Z
sensor.sigen_plant_consumed_power,0.758000,2026-02-17T08:07:28.169Z
sensor.sigen_plant_consumed_power,0.776000,2026-02-17T08:07:33.191Z
sensor.sigen_plant_consumed_power,0.810000,2026-02-17T08:07:38.229Z
sensor.sigen_plant_consumed_power,0.794000,2026-02-17T08:07:43.209Z
sensor.sigen_plant_consumed_power,0.751000,2026-02-17T08:07:48.179Z
sensor.sigen_plant_consumed_power,0.785000,2026-02-17T08:07:53.172Z
sensor.sigen_plant_consumed_power,0.741000,2026-02-17T08:07:58.169Z
sensor.sigen_plant_consumed_power,0.756000,2026-02-17T08:08:03.181Z
sensor.sigen_plant_consumed_power,0.770000,2026-02-17T08:08:08.189Z
sensor.sigen_plant_consumed_power,0.753000,2026-02-17T08:08:13.179Z
sensor.sigen_plant_consumed_power,0.747000,2026-02-17T08:08:18.189Z
sensor.sigen_plant_consumed_power,0.714000,2026-02-17T08:08:23.200Z
sensor.sigen_plant_consumed_power,0.752000,2026-02-17T08:08:28.183Z
sensor.sigen_plant_consumed_power,0.717000,2026-02-17T08:08:33.213Z
sensor.sigen_plant_consumed_power,0.695000,2026-02-17T08:08:38.202Z
sensor.sigen_plant_consumed_power,0.718000,2026-02-17T08:08:43.190Z
sensor.sigen_plant_consumed_power,0.723000,2026-02-17T08:08:48.171Z
sensor.sigen_plant_consumed_power,0.714000,2026-02-17T08:08:53.178Z
sensor.sigen_plant_consumed_power,0.703000,2026-02-17T08:08:58.185Z
sensor.sigen_plant_consumed_power,0.697000,2026-02-17T08:09:03.200Z
sensor.sigen_plant_consumed_power,0.696000,2026-02-17T08:09:08.189Z
sensor.sigen_plant_consumed_power,0.705000,2026-02-17T08:09:13.170Z
sensor.sigen_plant_consumed_power,0.719000,2026-02-17T08:09:18.181Z
sensor.sigen_plant_consumed_power,1.375000,2026-02-17T08:09:23.189Z
sensor.sigen_plant_consumed_power,0.787000,2026-02-17T08:09:28.180Z
sensor.sigen_plant_consumed_power,0.835000,2026-02-17T08:09:33.240Z
sensor.sigen_plant_consumed_power,0.846000,2026-02-17T08:09:38.169Z
sensor.sigen_plant_consumed_power,0.781000,2026-02-17T08:09:43.189Z
sensor.sigen_plant_consumed_power,0.827000,2026-02-17T08:09:48.179Z
sensor.sigen_plant_consumed_power,0.797000,2026-02-17T08:09:53.191Z
sensor.sigen_plant_consumed_power,0.818000,2026-02-17T08:09:58.182Z
sensor.sigen_plant_consumed_power,0.805000,2026-02-17T08:10:03.181Z
sensor.sigen_plant_consumed_power,0.841000,2026-02-17T08:10:08.179Z
sensor.sigen_plant_consumed_power,0.817000,2026-02-17T08:10:13.181Z
sensor.sigen_plant_consumed_power,0.776000,2026-02-17T08:10:18.180Z
sensor.sigen_plant_consumed_power,0.811000,2026-02-17T08:10:23.194Z
sensor.sigen_plant_consumed_power,0.812000,2026-02-17T08:10:28.180Z
sensor.sigen_plant_consumed_power,0.796000,2026-02-17T08:10:30.231Z
sensor.sigen_plant_consumed_power,0.810000,2026-02-17T08:10:35.179Z
sensor.sigen_plant_consumed_power,0.820000,2026-02-17T08:10:40.170Z
sensor.sigen_plant_consumed_power,0.805000,2026-02-17T08:10:45.170Z
sensor.sigen_plant_consumed_power,0.811000,2026-02-17T08:10:50.201Z
sensor.sigen_plant_consumed_power,0.846000,2026-02-17T08:10:55.191Z
sensor.sigen_plant_consumed_power,0.854000,2026-02-17T08:11:00.247Z
sensor.sigen_plant_consumed_power,0.764000,2026-02-17T08:11:05.202Z
sensor.sigen_plant_consumed_power,0.780000,2026-02-17T08:11:10.187Z
sensor.sigen_plant_consumed_power,0.815000,2026-02-17T08:11:15.181Z
sensor.sigen_plant_consumed_power,0.850000,2026-02-17T08:11:20.190Z
sensor.sigen_plant_consumed_power,0.832000,2026-02-17T08:11:25.170Z
sensor.sigen_plant_consumed_power,0.797000,2026-02-17T08:11:30.220Z
sensor.sigen_plant_consumed_power,0.755000,2026-02-17T08:11:35.180Z
sensor.sigen_plant_consumed_power,0.815000,2026-02-17T08:11:40.187Z
sensor.sigen_plant_consumed_power,0.743000,2026-02-17T08:11:45.190Z
sensor.sigen_plant_consumed_power,0.774000,2026-02-17T08:11:50.200Z
sensor.sigen_plant_consumed_power,0.761000,2026-02-17T08:11:55.191Z
sensor.sigen_plant_consumed_power,0.766000,2026-02-17T08:12:00.291Z
sensor.sigen_plant_consumed_power,0.776000,2026-02-17T08:12:05.176Z
sensor.sigen_plant_consumed_power,0.782000,2026-02-17T08:12:10.205Z
sensor.sigen_plant_consumed_power,0.812000,2026-02-17T08:12:15.173Z
sensor.sigen_plant_consumed_power,0.795000,2026-02-17T08:12:20.181Z
sensor.sigen_plant_consumed_power,0.785000,2026-02-17T08:12:25.190Z
sensor.sigen_plant_consumed_power,0.797000,2026-02-17T08:12:30.182Z
sensor.sigen_plant_consumed_power,0.757000,2026-02-17T08:12:35.183Z
sensor.sigen_plant_consumed_power,0.795000,2026-02-17T08:12:40.172Z
sensor.sigen_plant_consumed_power,0.858000,2026-02-17T08:12:45.193Z
sensor.sigen_plant_consumed_power,0.750000,2026-02-17T08:12:50.160Z
sensor.sigen_plant_consumed_power,0.834000,2026-02-17T08:12:55.200Z
sensor.sigen_plant_consumed_power,0.810000,2026-02-17T08:13:00.280Z
sensor.sigen_plant_consumed_power,0.841000,2026-02-17T08:13:05.179Z
sensor.sigen_plant_consumed_power,0.760000,2026-02-17T08:13:10.171Z
sensor.sigen_plant_consumed_power,0.751000,2026-02-17T08:13:15.183Z
sensor.sigen_plant_consumed_power,0.789000,2026-02-17T08:13:20.171Z
sensor.sigen_plant_consumed_power,0.785000,2026-02-17T08:13:25.181Z
sensor.sigen_plant_consumed_power,0.773000,2026-02-17T08:13:30.201Z
sensor.sigen_plant_consumed_power,0.821000,2026-02-17T08:13:35.196Z
sensor.sigen_plant_consumed_power,0.774000,2026-02-17T08:13:40.171Z
sensor.sigen_plant_consumed_power,0.768000,2026-02-17T08:13:45.161Z
sensor.sigen_plant_consumed_power,0.749000,2026-02-17T08:13:50.181Z
sensor.sigen_plant_consumed_power,0.756000,2026-02-17T08:13:55.182Z
sensor.sigen_plant_consumed_power,0.765000,2026-02-17T08:14:00.251Z
sensor.sigen_plant_consumed_power,0.791000,2026-02-17T08:14:05.161Z
sensor.sigen_plant_consumed_power,0.755000,2026-02-17T08:14:10.171Z
sensor.sigen_plant_consumed_power,0.772000,2026-02-17T08:14:15.201Z
sensor.sigen_plant_consumed_power,0.767000,2026-02-17T08:14:20.181Z
sensor.sigen_plant_consumed_power,0.760000,2026-02-17T08:14:25.162Z
sensor.sigen_plant_consumed_power,0.771000,2026-02-17T08:14:30.161Z
sensor.sigen_plant_consumed_power,0.804000,2026-02-17T08:14:35.196Z
sensor.sigen_plant_consumed_power,0.759000,2026-02-17T08:14:40.171Z
sensor.sigen_plant_consumed_power,0.757000,2026-02-17T08:14:45.201Z
sensor.sigen_plant_consumed_power,0.762000,2026-02-17T08:14:50.201Z
sensor.sigen_plant_consumed_power,0.791000,2026-02-17T08:14:55.211Z
sensor.sigen_plant_consumed_power,0.779000,2026-02-17T08:15:00.241Z
sensor.sigen_plant_consumed_power,0.769000,2026-02-17T08:15:05.172Z
sensor.sigen_plant_consumed_power,0.774000,2026-02-17T08:15:10.181Z
sensor.sigen_plant_consumed_power,0.782000,2026-02-17T08:15:15.161Z
sensor.sigen_plant_consumed_power,0.743000,2026-02-17T08:15:20.161Z
sensor.sigen_plant_consumed_power,0.753000,2026-02-17T08:15:25.181Z
sensor.sigen_plant_consumed_power,0.730000,2026-02-17T08:15:30.161Z
sensor.sigen_plant_consumed_power,0.739000,2026-02-17T08:15:34.066Z
sensor.sigen_plant_consumed_power,0.762000,2026-02-17T08:15:39.185Z
sensor.sigen_plant_consumed_power,0.753000,2026-02-17T08:15:44.191Z
sensor.sigen_plant_consumed_power,0.761000,2026-02-17T08:15:49.190Z
sensor.sigen_plant_consumed_power,0.747000,2026-02-17T08:15:54.173Z
sensor.sigen_plant_consumed_power,0.762000,2026-02-17T08:15:59.179Z
sensor.sigen_plant_consumed_power,0.741000,2026-02-17T08:16:04.164Z
sensor.sigen_plant_consumed_power,0.737000,2026-02-17T08:16:09.171Z
sensor.sigen_plant_consumed_power,0.772000,2026-02-17T08:16:14.183Z
sensor.sigen_plant_consumed_power,0.778000,2026-02-17T08:16:19.191Z
sensor.sigen_plant_consumed_power,0.754000,2026-02-17T08:16:24.171Z
sensor.sigen_plant_consumed_power,0.785000,2026-02-17T08:16:29.171Z
sensor.sigen_plant_consumed_power,0.801000,2026-02-17T08:16:34.161Z
sensor.sigen_plant_consumed_power,0.764000,2026-02-17T08:16:39.171Z
sensor.sigen_plant_consumed_power,0.774000,2026-02-17T08:16:44.182Z
sensor.sigen_plant_consumed_power,0.748000,2026-02-17T08:16:49.181Z
sensor.sigen_plant_consumed_power,0.752000,2026-02-17T08:16:54.182Z
sensor.sigen_plant_consumed_power,0.771000,2026-02-17T08:16:59.172Z
sensor.sigen_plant_consumed_power,0.762000,2026-02-17T08:17:04.199Z
sensor.sigen_plant_consumed_power,0.750000,2026-02-17T08:17:09.197Z
sensor.sigen_plant_consumed_power,0.760000,2026-02-17T08:17:14.173Z
sensor.sigen_plant_consumed_power,0.802000,2026-02-17T08:17:19.202Z
sensor.sigen_plant_consumed_power,0.758000,2026-02-17T08:17:24.182Z
sensor.sigen_plant_consumed_power,0.795000,2026-02-17T08:17:29.232Z
sensor.sigen_plant_consumed_power,0.742000,2026-02-17T08:17:34.203Z
sensor.sigen_plant_consumed_power,0.768000,2026-02-17T08:17:39.222Z
sensor.sigen_plant_consumed_power,0.775000,2026-02-17T08:17:44.173Z
sensor.sigen_plant_consumed_power,0.783000,2026-02-17T08:17:49.223Z
sensor.sigen_plant_consumed_power,0.771000,2026-02-17T08:17:54.172Z
sensor.sigen_plant_consumed_power,0.769000,2026-02-17T08:17:59.212Z
sensor.sigen_plant_consumed_power,0.770000,2026-02-17T08:18:04.204Z
sensor.sigen_plant_consumed_power,0.769000,2026-02-17T08:18:09.227Z
sensor.sigen_plant_consumed_power,0.766000,2026-02-17T08:18:14.172Z
sensor.sigen_plant_consumed_power,0.743000,2026-02-17T08:18:19.162Z
sensor.sigen_plant_consumed_power,0.770000,2026-02-17T08:18:24.182Z
sensor.sigen_plant_consumed_power,0.773000,2026-02-17T08:18:29.193Z
sensor.sigen_plant_consumed_power,0.784000,2026-02-17T08:18:34.208Z
sensor.sigen_plant_consumed_power,0.749000,2026-02-17T08:18:39.372Z
sensor.sigen_plant_consumed_power,0.741000,2026-02-17T08:18:44.182Z
sensor.sigen_plant_consumed_power,0.762000,2026-02-17T08:18:49.192Z
sensor.sigen_plant_consumed_power,0.737000,2026-02-17T08:18:54.187Z
sensor.sigen_plant_consumed_power,0.750000,2026-02-17T08:18:59.175Z
sensor.sigen_plant_consumed_power,0.783000,2026-02-17T08:19:04.183Z
sensor.sigen_plant_consumed_power,0.745000,2026-02-17T08:19:09.185Z
sensor.sigen_plant_consumed_power,0.765000,2026-02-17T08:19:14.172Z
sensor.sigen_plant_consumed_power,0.776000,2026-02-17T08:19:19.174Z
sensor.sigen_plant_consumed_power,0.758000,2026-02-17T08:19:24.184Z
sensor.sigen_plant_consumed_power,0.777000,2026-02-17T08:19:29.173Z
sensor.sigen_plant_consumed_power,0.775000,2026-02-17T08:19:34.198Z
sensor.sigen_plant_consumed_power,0.771000,2026-02-17T08:19:39.244Z
sensor.sigen_plant_consumed_power,0.802000,2026-02-17T08:19:44.193Z
sensor.sigen_plant_consumed_power,0.754000,2026-02-17T08:19:49.173Z
sensor.sigen_plant_consumed_power,0.767000,2026-02-17T08:19:54.183Z
sensor.sigen_plant_consumed_power,0.792000,2026-02-17T08:19:59.187Z
sensor.sigen_plant_consumed_power,0.774000,2026-02-17T08:20:04.173Z
sensor.sigen_plant_consumed_power,0.762000,2026-02-17T08:20:09.173Z
sensor.sigen_plant_consumed_power,0.771000,2026-02-17T08:20:14.203Z
sensor.sigen_plant_consumed_power,0.792000,2026-02-17T08:20:19.213Z
sensor.sigen_plant_consumed_power,0.786000,2026-02-17T08:20:24.193Z
sensor.sigen_plant_consumed_power,0.757000,2026-02-17T08:20:29.174Z
sensor.sigen_plant_consumed_power,0.764000,2026-02-17T08:20:34.182Z
sensor.sigen_plant_consumed_power,0.809000,2026-02-17T08:20:39.083Z
sensor.sigen_plant_consumed_power,0.777000,2026-02-17T08:20:44.205Z
sensor.sigen_plant_consumed_power,0.768000,2026-02-17T08:20:49.187Z
sensor.sigen_plant_consumed_power,0.754000,2026-02-17T08:20:54.188Z
sensor.sigen_plant_consumed_power,0.742000,2026-02-17T08:20:59.195Z
sensor.sigen_plant_consumed_power,0.745000,2026-02-17T08:21:04.182Z
sensor.sigen_plant_consumed_power,0.750000,2026-02-17T08:21:09.194Z
sensor.sigen_plant_consumed_power,0.736000,2026-02-17T08:21:14.173Z
sensor.sigen_plant_consumed_power,0.776000,2026-02-17T08:21:19.183Z
sensor.sigen_plant_consumed_power,0.784000,2026-02-17T08:21:24.175Z
sensor.sigen_plant_consumed_power,0.816000,2026-02-17T08:21:29.211Z
sensor.sigen_plant_consumed_power,0.741000,2026-02-17T08:21:34.173Z
sensor.sigen_plant_consumed_power,0.790000,2026-02-17T08:21:39.175Z
sensor.sigen_plant_consumed_power,0.760000,2026-02-17T08:21:44.185Z
sensor.sigen_plant_consumed_power,0.761000,2026-02-17T08:21:49.185Z
sensor.sigen_plant_consumed_power,0.770000,2026-02-17T08:21:54.164Z
sensor.sigen_plant_consumed_power,0.807000,2026-02-17T08:21:59.163Z
sensor.sigen_plant_consumed_power,0.838000,2026-02-17T08:22:04.164Z
sensor.sigen_plant_consumed_power,0.801000,2026-02-17T08:22:09.175Z
sensor.sigen_plant_consumed_power,0.777000,2026-02-17T08:22:14.173Z
sensor.sigen_plant_consumed_power,0.796000,2026-02-17T08:22:19.185Z
sensor.sigen_plant_consumed_power,0.784000,2026-02-17T08:22:24.176Z
sensor.sigen_plant_consumed_power,0.800000,2026-02-17T08:22:29.173Z
sensor.sigen_plant_consumed_power,0.773000,2026-02-17T08:22:34.174Z
sensor.sigen_plant_consumed_power,0.796000,2026-02-17T08:22:39.184Z
sensor.sigen_plant_consumed_power,0.824000,2026-02-17T08:22:44.214Z
sensor.sigen_plant_consumed_power,0.832000,2026-02-17T08:22:49.169Z
sensor.sigen_plant_consumed_power,0.783000,2026-02-17T08:22:54.190Z
sensor.sigen_plant_consumed_power,0.808000,2026-02-17T08:22:59.185Z
sensor.sigen_plant_consumed_power,0.827000,2026-02-17T08:23:04.194Z
sensor.sigen_plant_consumed_power,0.789000,2026-02-17T08:23:09.184Z
sensor.sigen_plant_consumed_power,0.808000,2026-02-17T08:23:14.165Z
sensor.sigen_plant_consumed_power,0.811000,2026-02-17T08:23:19.177Z
sensor.sigen_plant_consumed_power,0.770000,2026-02-17T08:23:24.186Z
sensor.sigen_plant_consumed_power,0.825000,2026-02-17T08:23:29.174Z
sensor.sigen_plant_consumed_power,0.796000,2026-02-17T08:23:34.174Z
sensor.sigen_plant_consumed_power,0.791000,2026-02-17T08:23:39.164Z
sensor.sigen_plant_consumed_power,0.817000,2026-02-17T08:23:44.184Z
sensor.sigen_plant_consumed_power,0.803000,2026-02-17T08:23:49.164Z
sensor.sigen_plant_consumed_power,0.785000,2026-02-17T08:23:54.175Z
sensor.sigen_plant_consumed_power,0.801000,2026-02-17T08:23:59.164Z
sensor.sigen_plant_consumed_power,0.799000,2026-02-17T08:24:04.196Z
sensor.sigen_plant_consumed_power,0.776000,2026-02-17T08:24:09.176Z
sensor.sigen_plant_consumed_power,0.800000,2026-02-17T08:24:14.194Z
sensor.sigen_plant_consumed_power,0.770000,2026-02-17T08:24:19.164Z
sensor.sigen_plant_consumed_power,0.768000,2026-02-17T08:24:24.174Z
sensor.sigen_plant_consumed_power,0.833000,2026-02-17T08:24:29.194Z
sensor.sigen_plant_consumed_power,0.780000,2026-02-17T08:24:34.432Z
sensor.sigen_plant_consumed_power,0.762000,2026-02-17T08:24:39.194Z
sensor.sigen_plant_consumed_power,0.802000,2026-02-17T08:24:44.172Z
sensor.sigen_plant_consumed_power,0.814000,2026-02-17T08:24:49.164Z
sensor.sigen_plant_consumed_power,0.799000,2026-02-17T08:24:54.186Z
sensor.sigen_plant_consumed_power,0.774000,2026-02-17T08:24:59.164Z
sensor.sigen_plant_consumed_power,0.764000,2026-02-17T08:25:04.207Z
sensor.sigen_plant_consumed_power,0.780000,2026-02-17T08:25:09.169Z
sensor.sigen_plant_consumed_power,0.823000,2026-02-17T08:25:14.217Z
sensor.sigen_plant_consumed_power,0.795000,2026-02-17T08:25:19.175Z
sensor.sigen_plant_consumed_power,0.787000,2026-02-17T08:25:24.187Z
sensor.sigen_plant_consumed_power,0.802000,2026-02-17T08:25:29.184Z
sensor.sigen_plant_consumed_power,0.785000,2026-02-17T08:25:30.707Z
sensor.sigen_plant_consumed_power,0.768000,2026-02-17T08:25:35.179Z
sensor.sigen_plant_consumed_power,0.761000,2026-02-17T08:25:40.175Z
sensor.sigen_plant_consumed_power,0.764000,2026-02-17T08:25:45.184Z
sensor.sigen_plant_consumed_power,0.760000,2026-02-17T08:25:50.204Z
sensor.sigen_plant_consumed_power,0.779000,2026-02-17T08:25:55.175Z
sensor.sigen_plant_consumed_power,0.786000,2026-02-17T08:26:00.258Z
sensor.sigen_plant_consumed_power,0.778000,2026-02-17T08:26:05.165Z
sensor.sigen_plant_consumed_power,0.710000,2026-02-17T08:26:10.215Z
sensor.sigen_plant_consumed_power,0.899000,2026-02-17T08:26:15.185Z
sensor.sigen_plant_consumed_power,0.904000,2026-02-17T08:26:20.187Z
sensor.sigen_plant_consumed_power,0.882000,2026-02-17T08:26:30.228Z
sensor.sigen_plant_consumed_power,0.900000,2026-02-17T08:26:35.195Z
sensor.sigen_plant_consumed_power,0.910000,2026-02-17T08:26:40.202Z
sensor.sigen_plant_consumed_power,0.874000,2026-02-17T08:26:45.245Z
sensor.sigen_plant_consumed_power,0.884000,2026-02-17T08:26:50.195Z
sensor.sigen_plant_consumed_power,0.899000,2026-02-17T08:26:55.165Z
sensor.sigen_plant_consumed_power,0.917000,2026-02-17T08:27:00.285Z
sensor.sigen_plant_consumed_power,0.928000,2026-02-17T08:27:05.196Z
sensor.sigen_plant_consumed_power,0.873000,2026-02-17T08:27:10.178Z
sensor.sigen_plant_consumed_power,0.898000,2026-02-17T08:27:15.178Z
sensor.sigen_plant_consumed_power,0.871000,2026-02-17T08:27:20.186Z
sensor.sigen_plant_consumed_power,0.883000,2026-02-17T08:27:25.187Z
sensor.sigen_plant_consumed_power,0.843000,2026-02-17T08:27:30.206Z
sensor.sigen_plant_consumed_power,0.878000,2026-02-17T08:27:35.186Z
sensor.sigen_plant_consumed_power,0.864000,2026-02-17T08:27:40.189Z
sensor.sigen_plant_consumed_power,0.870000,2026-02-17T08:27:45.190Z
sensor.sigen_plant_consumed_power,0.871000,2026-02-17T08:27:50.177Z
sensor.sigen_plant_consumed_power,0.937000,2026-02-17T08:27:55.205Z
sensor.sigen_plant_consumed_power,0.888000,2026-02-17T08:28:00.251Z
sensor.sigen_plant_consumed_power,0.864000,2026-02-17T08:28:05.189Z
sensor.sigen_plant_consumed_power,0.802000,2026-02-17T08:28:10.185Z
sensor.sigen_plant_consumed_power,0.872000,2026-02-17T08:28:15.185Z
sensor.sigen_plant_consumed_power,0.837000,2026-02-17T08:28:20.177Z
sensor.sigen_plant_consumed_power,0.820000,2026-02-17T08:28:25.190Z
sensor.sigen_plant_consumed_power,0.828000,2026-02-17T08:28:30.217Z
sensor.sigen_plant_consumed_power,0.801000,2026-02-17T08:28:35.165Z
sensor.sigen_plant_consumed_power,0.803000,2026-02-17T08:28:40.178Z
sensor.sigen_plant_consumed_power,0.789000,2026-02-17T08:28:50.185Z
sensor.sigen_plant_consumed_power,0.829000,2026-02-17T08:28:55.176Z
sensor.sigen_plant_consumed_power,0.828000,2026-02-17T08:29:00.269Z
sensor.sigen_plant_consumed_power,0.798000,2026-02-17T08:29:05.178Z
sensor.sigen_plant_consumed_power,0.811000,2026-02-17T08:29:10.203Z
sensor.sigen_plant_consumed_power,0.815000,2026-02-17T08:29:15.176Z
sensor.sigen_plant_consumed_power,0.846000,2026-02-17T08:29:20.196Z
sensor.sigen_plant_consumed_power,0.834000,2026-02-17T08:29:25.177Z
sensor.sigen_plant_consumed_power,0.836000,2026-02-17T08:29:30.186Z
sensor.sigen_plant_consumed_power,0.818000,2026-02-17T08:29:35.191Z
sensor.sigen_plant_consumed_power,0.831000,2026-02-17T08:29:40.176Z
sensor.sigen_plant_consumed_power,0.816000,2026-02-17T08:29:45.176Z
sensor.sigen_plant_consumed_power,0.811000,2026-02-17T08:29:50.186Z
sensor.sigen_plant_consumed_power,0.843000,2026-02-17T08:29:55.171Z
sensor.sigen_plant_consumed_power,0.801000,2026-02-17T08:30:00.278Z
sensor.sigen_plant_consumed_power,0.859000,2026-02-17T08:30:05.186Z
sensor.sigen_plant_consumed_power,0.858000,2026-02-17T08:30:10.176Z
sensor.sigen_plant_consumed_power,0.849000,2026-02-17T08:30:15.207Z
sensor.sigen_plant_consumed_power,0.814000,2026-02-17T08:30:20.238Z
sensor.sigen_plant_consumed_power,0.810000,2026-02-17T08:30:25.170Z
sensor.sigen_plant_consumed_power,0.787000,2026-02-17T08:30:30.167Z
sensor.sigen_plant_consumed_power,0.833000,2026-02-17T08:30:32.806Z
sensor.sigen_plant_consumed_power,0.837000,2026-02-17T08:30:37.188Z
sensor.sigen_plant_consumed_power,0.885000,2026-02-17T08:30:42.186Z
sensor.sigen_plant_consumed_power,0.835000,2026-02-17T08:30:47.217Z
sensor.sigen_plant_consumed_power,0.798000,2026-02-17T08:30:52.166Z
sensor.sigen_plant_consumed_power,0.805000,2026-02-17T08:30:57.176Z
sensor.sigen_plant_consumed_power,0.851000,2026-02-17T08:31:02.187Z
sensor.sigen_plant_consumed_power,0.818000,2026-02-17T08:31:07.178Z
sensor.sigen_plant_consumed_power,0.821000,2026-02-17T08:31:12.168Z
sensor.sigen_plant_consumed_power,0.873000,2026-02-17T08:31:17.181Z
sensor.sigen_plant_consumed_power,0.833000,2026-02-17T08:31:22.200Z
sensor.sigen_plant_consumed_power,0.823000,2026-02-17T08:31:27.167Z
sensor.sigen_plant_consumed_power,0.822000,2026-02-17T08:31:32.177Z
sensor.sigen_plant_consumed_power,0.831000,2026-02-17T08:31:37.198Z
sensor.sigen_plant_consumed_power,0.806000,2026-02-17T08:31:42.176Z
sensor.sigen_plant_consumed_power,0.824000,2026-02-17T08:31:47.177Z
sensor.sigen_plant_consumed_power,0.835000,2026-02-17T08:31:52.199Z
sensor.sigen_plant_consumed_power,0.819000,2026-02-17T08:31:57.178Z
sensor.sigen_plant_consumed_power,0.820000,2026-02-17T08:32:02.188Z
sensor.sigen_plant_consumed_power,0.803000,2026-02-17T08:32:07.177Z
sensor.sigen_plant_consumed_power,0.830000,2026-02-17T08:32:12.177Z
sensor.sigen_plant_consumed_power,0.810000,2026-02-17T08:32:17.170Z
sensor.sigen_plant_consumed_power,0.801000,2026-02-17T08:32:22.191Z
sensor.sigen_plant_consumed_power,0.811000,2026-02-17T08:32:27.188Z
sensor.sigen_plant_consumed_power,0.807000,2026-02-17T08:32:32.177Z
sensor.sigen_plant_consumed_power,0.806000,2026-02-17T08:32:37.168Z
sensor.sigen_plant_consumed_power,0.828000,2026-02-17T08:32:42.189Z
sensor.sigen_plant_consumed_power,0.831000,2026-02-17T08:32:47.178Z
sensor.sigen_plant_consumed_power,0.837000,2026-02-17T08:32:52.167Z
sensor.sigen_plant_consumed_power,0.764000,2026-02-17T08:32:57.187Z
sensor.sigen_plant_consumed_power,0.837000,2026-02-17T08:33:02.197Z
sensor.sigen_plant_consumed_power,0.829000,2026-02-17T08:33:07.188Z
sensor.sigen_plant_consumed_power,0.793000,2026-02-17T08:33:12.179Z
sensor.sigen_plant_consumed_power,0.805000,2026-02-17T08:33:17.179Z
sensor.sigen_plant_consumed_power,0.807000,2026-02-17T08:33:22.197Z
sensor.sigen_plant_consumed_power,0.810000,2026-02-17T08:33:27.168Z
sensor.sigen_plant_consumed_power,0.838000,2026-02-17T08:33:32.187Z
sensor.sigen_plant_consumed_power,0.817000,2026-02-17T08:33:37.168Z
sensor.sigen_plant_consumed_power,0.806000,2026-02-17T08:33:42.177Z
sensor.sigen_plant_consumed_power,0.841000,2026-02-17T08:33:47.203Z
sensor.sigen_plant_consumed_power,0.817000,2026-02-17T08:33:52.187Z
sensor.sigen_plant_consumed_power,0.841000,2026-02-17T08:33:57.177Z
sensor.sigen_plant_consumed_power,0.813000,2026-02-17T08:34:02.168Z
sensor.sigen_plant_consumed_power,0.843000,2026-02-17T08:34:07.188Z
sensor.sigen_plant_consumed_power,0.834000,2026-02-17T08:34:12.190Z
sensor.sigen_plant_consumed_power,0.820000,2026-02-17T08:34:17.187Z
sensor.sigen_plant_consumed_power,0.838000,2026-02-17T08:34:22.167Z
sensor.sigen_plant_consumed_power,0.845000,2026-02-17T08:34:32.177Z
sensor.sigen_plant_consumed_power,0.857000,2026-02-17T08:34:37.173Z
sensor.sigen_plant_consumed_power,0.831000,2026-02-17T08:34:42.177Z
sensor.sigen_plant_consumed_power,0.823000,2026-02-17T08:34:47.208Z
sensor.sigen_plant_consumed_power,0.844000,2026-02-17T08:34:52.167Z
sensor.sigen_plant_consumed_power,0.816000,2026-02-17T08:34:57.177Z
sensor.sigen_plant_consumed_power,0.840000,2026-02-17T08:35:02.177Z
sensor.sigen_plant_consumed_power,0.832000,2026-02-17T08:35:07.171Z
sensor.sigen_plant_consumed_power,0.834000,2026-02-17T08:35:12.219Z
sensor.sigen_plant_consumed_power,0.823000,2026-02-17T08:35:17.209Z
sensor.sigen_plant_consumed_power,0.815000,2026-02-17T08:35:22.172Z
sensor.sigen_plant_consumed_power,0.821000,2026-02-17T08:35:27.178Z
sensor.sigen_plant_consumed_power,0.822000,2026-02-17T08:35:32.178Z
sensor.sigen_plant_consumed_power,0.825000,2026-02-17T08:35:34.423Z
sensor.sigen_plant_consumed_power,0.841000,2026-02-17T08:35:39.189Z
sensor.sigen_plant_consumed_power,0.833000,2026-02-17T08:35:44.197Z
sensor.sigen_plant_consumed_power,0.843000,2026-02-17T08:35:49.172Z
sensor.sigen_plant_consumed_power,0.838000,2026-02-17T08:35:54.198Z
sensor.sigen_plant_consumed_power,0.829000,2026-02-17T08:35:59.190Z
sensor.sigen_plant_consumed_power,0.823000,2026-02-17T08:36:04.198Z
sensor.sigen_plant_consumed_power,0.835000,2026-02-17T08:36:09.188Z
sensor.sigen_plant_consumed_power,0.834000,2026-02-17T08:36:14.208Z
sensor.sigen_plant_consumed_power,0.829000,2026-02-17T08:36:19.169Z
sensor.sigen_plant_consumed_power,0.827000,2026-02-17T08:36:24.179Z
sensor.sigen_plant_consumed_power,0.844000,2026-02-17T08:36:29.212Z
sensor.sigen_plant_consumed_power,0.831000,2026-02-17T08:36:34.179Z
sensor.sigen_plant_consumed_power,0.829000,2026-02-17T08:36:39.168Z
sensor.sigen_plant_consumed_power,0.842000,2026-02-17T08:36:44.188Z
sensor.sigen_plant_consumed_power,0.836000,2026-02-17T08:36:49.189Z
sensor.sigen_plant_consumed_power,0.844000,2026-02-17T08:36:54.168Z
sensor.sigen_plant_consumed_power,0.833000,2026-02-17T08:36:59.188Z
sensor.sigen_plant_consumed_power,0.831000,2026-02-17T08:37:04.188Z
sensor.sigen_plant_consumed_power,0.810000,2026-02-17T08:37:09.188Z
sensor.sigen_plant_consumed_power,0.808000,2026-02-17T08:37:14.200Z
sensor.sigen_plant_consumed_power,0.836000,2026-02-17T08:37:19.181Z
sensor.sigen_plant_consumed_power,0.896000,2026-02-17T08:37:24.202Z
sensor.sigen_plant_consumed_power,0.861000,2026-02-17T08:37:29.190Z
sensor.sigen_plant_consumed_power,0.804000,2026-02-17T08:37:34.210Z
sensor.sigen_plant_consumed_power,0.820000,2026-02-17T08:37:39.178Z
sensor.sigen_plant_consumed_power,0.851000,2026-02-17T08:37:44.178Z
sensor.sigen_plant_consumed_power,0.834000,2026-02-17T08:37:49.209Z
sensor.sigen_plant_consumed_power,0.838000,2026-02-17T08:37:54.196Z
sensor.sigen_plant_consumed_power,0.847000,2026-02-17T08:37:59.210Z
sensor.sigen_plant_consumed_power,0.849000,2026-02-17T08:38:04.199Z
sensor.sigen_plant_consumed_power,0.836000,2026-02-17T08:38:09.210Z
sensor.sigen_plant_consumed_power,0.851000,2026-02-17T08:38:14.189Z
sensor.sigen_plant_consumed_power,0.835000,2026-02-17T08:38:19.191Z
sensor.sigen_plant_consumed_power,0.826000,2026-02-17T08:38:24.199Z
sensor.sigen_plant_consumed_power,0.808000,2026-02-17T08:38:29.170Z
sensor.sigen_plant_consumed_power,0.809000,2026-02-17T08:38:34.179Z
sensor.sigen_plant_consumed_power,0.827000,2026-02-17T08:38:39.189Z
sensor.sigen_plant_consumed_power,0.828000,2026-02-17T08:38:44.189Z
sensor.sigen_plant_consumed_power,0.835000,2026-02-17T08:38:49.181Z
sensor.sigen_plant_consumed_power,0.840000,2026-02-17T08:38:54.179Z
sensor.sigen_plant_consumed_power,0.737000,2026-02-17T08:38:59.189Z
sensor.sigen_plant_consumed_power,0.761000,2026-02-17T08:39:04.182Z
sensor.sigen_plant_consumed_power,0.741000,2026-02-17T08:39:09.189Z
sensor.sigen_plant_consumed_power,0.758000,2026-02-17T08:39:14.201Z
sensor.sigen_plant_consumed_power,0.764000,2026-02-17T08:39:19.169Z
sensor.sigen_plant_consumed_power,0.753000,2026-02-17T08:39:24.182Z
sensor.sigen_plant_consumed_power,0.787000,2026-02-17T08:39:29.472Z
sensor.sigen_plant_consumed_power,0.760000,2026-02-17T08:39:34.199Z
sensor.sigen_plant_consumed_power,0.785000,2026-02-17T08:39:39.189Z
sensor.sigen_plant_consumed_power,0.781000,2026-02-17T08:39:44.181Z
sensor.sigen_plant_consumed_power,0.769000,2026-02-17T08:39:49.179Z
sensor.sigen_plant_consumed_power,0.784000,2026-02-17T08:39:54.203Z
sensor.sigen_plant_consumed_power,0.797000,2026-02-17T08:39:59.179Z
sensor.sigen_plant_consumed_power,0.783000,2026-02-17T08:40:04.179Z
sensor.sigen_plant_consumed_power,0.759000,2026-02-17T08:40:09.203Z
sensor.sigen_plant_consumed_power,0.764000,2026-02-17T08:40:14.191Z
sensor.sigen_plant_consumed_power,0.751000,2026-02-17T08:40:19.179Z
sensor.sigen_plant_consumed_power,0.762000,2026-02-17T08:40:24.199Z
sensor.sigen_plant_consumed_power,0.736000,2026-02-17T08:40:24.627Z
sensor.sigen_plant_consumed_power,0.746000,2026-02-17T08:40:29.189Z
sensor.sigen_plant_consumed_power,0.740000,2026-02-17T08:40:34.169Z
sensor.sigen_plant_consumed_power,0.743000,2026-02-17T08:40:39.178Z
sensor.sigen_plant_consumed_power,0.736000,2026-02-17T08:40:44.195Z
sensor.sigen_plant_consumed_power,0.749000,2026-02-17T08:40:49.194Z
sensor.sigen_plant_consumed_power,0.738000,2026-02-17T08:40:54.191Z
sensor.sigen_plant_consumed_power,0.761000,2026-02-17T08:40:59.190Z
sensor.sigen_plant_consumed_power,0.719000,2026-02-17T08:41:04.202Z
sensor.sigen_plant_consumed_power,0.749000,2026-02-17T08:41:09.189Z
sensor.sigen_plant_consumed_power,0.707000,2026-02-17T08:41:14.197Z
sensor.sigen_plant_consumed_power,0.717000,2026-02-17T08:41:19.215Z
sensor.sigen_plant_consumed_power,0.745000,2026-02-17T08:41:24.201Z
sensor.sigen_plant_consumed_power,0.725000,2026-02-17T08:41:29.190Z
sensor.sigen_plant_consumed_power,0.751000,2026-02-17T08:41:34.180Z
sensor.sigen_plant_consumed_power,0.734000,2026-02-17T08:41:39.181Z
sensor.sigen_plant_consumed_power,0.712000,2026-02-17T08:41:44.170Z
sensor.sigen_plant_consumed_power,0.708000,2026-02-17T08:41:49.170Z
sensor.sigen_plant_consumed_power,0.760000,2026-02-17T08:41:54.191Z
sensor.sigen_plant_consumed_power,0.738000,2026-02-17T08:41:59.181Z
sensor.sigen_plant_consumed_power,0.747000,2026-02-17T08:42:04.180Z
sensor.sigen_plant_consumed_power,0.736000,2026-02-17T08:42:09.170Z
sensor.sigen_plant_consumed_power,0.721000,2026-02-17T08:42:14.197Z
sensor.sigen_plant_consumed_power,0.723000,2026-02-17T08:42:19.191Z
sensor.sigen_plant_consumed_power,0.730000,2026-02-17T08:42:24.180Z
sensor.sigen_plant_consumed_power,0.726000,2026-02-17T08:42:29.200Z
sensor.sigen_plant_consumed_power,0.758000,2026-02-17T08:42:34.190Z
sensor.sigen_plant_consumed_power,0.734000,2026-02-17T08:42:39.174Z
sensor.sigen_plant_consumed_power,0.787000,2026-02-17T08:42:44.205Z
sensor.sigen_plant_consumed_power,0.711000,2026-02-17T08:42:49.214Z
sensor.sigen_plant_consumed_power,0.733000,2026-02-17T08:42:54.513Z
sensor.sigen_plant_consumed_power,0.736000,2026-02-17T08:42:59.194Z
sensor.sigen_plant_consumed_power,0.722000,2026-02-17T08:43:04.192Z
sensor.sigen_plant_consumed_power,0.751000,2026-02-17T08:43:09.201Z
sensor.sigen_plant_consumed_power,0.715000,2026-02-17T08:43:14.197Z
sensor.sigen_plant_consumed_power,0.734000,2026-02-17T08:43:19.191Z
sensor.sigen_plant_consumed_power,0.761000,2026-02-17T08:43:24.180Z
sensor.sigen_plant_consumed_power,0.741000,2026-02-17T08:43:29.194Z
sensor.sigen_plant_consumed_power,0.719000,2026-02-17T08:43:39.181Z
sensor.sigen_plant_consumed_power,0.716000,2026-02-17T08:43:44.170Z
sensor.sigen_plant_consumed_power,0.718000,2026-02-17T08:43:49.180Z
sensor.sigen_plant_consumed_power,0.714000,2026-02-17T08:43:54.192Z
sensor.sigen_plant_consumed_power,0.737000,2026-02-17T08:43:59.192Z
sensor.sigen_plant_consumed_power,0.716000,2026-02-17T08:44:04.264Z
sensor.sigen_plant_consumed_power,0.747000,2026-02-17T08:44:09.186Z
sensor.sigen_plant_consumed_power,0.734000,2026-02-17T08:44:14.191Z
sensor.sigen_plant_consumed_power,0.716000,2026-02-17T08:44:19.182Z
sensor.sigen_plant_consumed_power,0.749000,2026-02-17T08:44:24.180Z
sensor.sigen_plant_consumed_power,0.758000,2026-02-17T08:44:29.171Z
sensor.sigen_plant_consumed_power,0.750000,2026-02-17T08:44:34.182Z
sensor.sigen_plant_consumed_power,0.764000,2026-02-17T08:44:39.185Z
sensor.sigen_plant_consumed_power,0.769000,2026-02-17T08:44:44.192Z
sensor.sigen_plant_consumed_power,0.755000,2026-02-17T08:44:49.181Z
sensor.sigen_plant_consumed_power,0.769000,2026-02-17T08:44:54.221Z
sensor.sigen_plant_consumed_power,0.732000,2026-02-17T08:44:59.193Z
sensor.sigen_plant_consumed_power,0.758000,2026-02-17T08:45:04.203Z
sensor.sigen_plant_consumed_power,0.779000,2026-02-17T08:45:09.171Z
sensor.sigen_plant_consumed_power,0.751000,2026-02-17T08:45:14.191Z
sensor.sigen_plant_consumed_power,0.763000,2026-02-17T08:45:19.191Z
sensor.sigen_plant_consumed_power,0.762000,2026-02-17T08:45:24.171Z
sensor.sigen_plant_consumed_power,0.758000,2026-02-17T08:45:29.191Z
sensor.sigen_plant_consumed_power,0.711000,2026-02-17T08:45:30.671Z
sensor.sigen_plant_consumed_power,0.725000,2026-02-17T08:45:35.190Z
sensor.sigen_plant_consumed_power,0.738000,2026-02-17T08:45:40.173Z
sensor.sigen_plant_consumed_power,0.727000,2026-02-17T08:45:45.171Z
sensor.sigen_plant_consumed_power,0.748000,2026-02-17T08:45:50.180Z
sensor.sigen_plant_consumed_power,0.761000,2026-02-17T08:45:55.204Z
sensor.sigen_plant_consumed_power,0.758000,2026-02-17T08:46:00.261Z
sensor.sigen_plant_consumed_power,0.743000,2026-02-17T08:46:05.182Z
sensor.sigen_plant_consumed_power,0.762000,2026-02-17T08:46:10.224Z
sensor.sigen_plant_consumed_power,0.735000,2026-02-17T08:46:15.171Z
sensor.sigen_plant_consumed_power,0.762000,2026-02-17T08:46:22.297Z
sensor.sigen_plant_consumed_power,0.755000,2026-02-17T08:46:27.191Z
sensor.sigen_plant_consumed_power,0.724000,2026-02-17T08:46:32.181Z
sensor.sigen_plant_consumed_power,0.764000,2026-02-17T08:46:37.193Z
sensor.sigen_plant_consumed_power,0.734000,2026-02-17T08:46:42.189Z
sensor.sigen_plant_consumed_power,0.730000,2026-02-17T08:46:47.171Z
sensor.sigen_plant_consumed_power,0.714000,2026-02-17T08:46:52.203Z
sensor.sigen_plant_consumed_power,0.747000,2026-02-17T08:46:57.171Z
sensor.sigen_plant_consumed_power,0.744000,2026-02-17T08:47:02.283Z
sensor.sigen_plant_consumed_power,0.730000,2026-02-17T08:47:07.191Z
sensor.sigen_plant_consumed_power,0.757000,2026-02-17T08:47:12.222Z
sensor.sigen_plant_consumed_power,0.748000,2026-02-17T08:47:22.226Z
sensor.sigen_plant_consumed_power,0.738000,2026-02-17T08:47:27.172Z
sensor.sigen_plant_consumed_power,0.736000,2026-02-17T08:47:32.210Z
sensor.sigen_plant_consumed_power,0.753000,2026-02-17T08:47:37.181Z
sensor.sigen_plant_consumed_power,0.746000,2026-02-17T08:47:42.182Z
sensor.sigen_plant_consumed_power,0.766000,2026-02-17T08:47:47.182Z
sensor.sigen_plant_consumed_power,0.728000,2026-02-17T08:47:52.184Z
sensor.sigen_plant_consumed_power,0.758000,2026-02-17T08:47:57.193Z
sensor.sigen_plant_consumed_power,0.714000,2026-02-17T08:48:02.184Z
sensor.sigen_plant_consumed_power,0.756000,2026-02-17T08:48:07.179Z
sensor.sigen_plant_consumed_power,0.740000,2026-02-17T08:48:12.162Z
sensor.sigen_plant_consumed_power,0.755000,2026-02-17T08:48:17.185Z
sensor.sigen_plant_consumed_power,0.778000,2026-02-17T08:48:22.192Z
sensor.sigen_plant_consumed_power,0.763000,2026-02-17T08:48:27.183Z
sensor.sigen_plant_consumed_power,0.761000,2026-02-17T08:48:32.205Z
sensor.sigen_plant_consumed_power,0.772000,2026-02-17T08:48:37.196Z
sensor.sigen_plant_consumed_power,0.641000,2026-02-17T08:48:42.388Z
sensor.sigen_plant_consumed_power,0.666000,2026-02-17T08:48:47.182Z
sensor.sigen_plant_consumed_power,0.613000,2026-02-17T08:48:52.162Z
sensor.sigen_plant_consumed_power,0.676000,2026-02-17T08:48:57.183Z
sensor.sigen_plant_consumed_power,0.626000,2026-02-17T08:49:02.194Z
sensor.sigen_plant_consumed_power,0.666000,2026-02-17T08:49:07.204Z
sensor.sigen_plant_consumed_power,0.645000,2026-02-17T08:49:12.173Z
sensor.sigen_plant_consumed_power,0.673000,2026-02-17T08:49:17.172Z
sensor.sigen_plant_consumed_power,0.666000,2026-02-17T08:49:22.192Z
sensor.sigen_plant_consumed_power,0.673000,2026-02-17T08:49:27.214Z
sensor.sigen_plant_consumed_power,0.706000,2026-02-17T08:49:32.174Z
sensor.sigen_plant_consumed_power,0.677000,2026-02-17T08:49:37.173Z
sensor.sigen_plant_consumed_power,0.705000,2026-02-17T08:49:42.182Z
sensor.sigen_plant_consumed_power,0.682000,2026-02-17T08:49:47.172Z
sensor.sigen_plant_consumed_power,0.691000,2026-02-17T08:49:52.184Z
sensor.sigen_plant_consumed_power,0.678000,2026-02-17T08:49:57.182Z
sensor.sigen_plant_consumed_power,0.686000,2026-02-17T08:50:02.193Z
sensor.sigen_plant_consumed_power,0.693000,2026-02-17T08:50:07.184Z
sensor.sigen_plant_consumed_power,0.690000,2026-02-17T08:50:12.182Z
sensor.sigen_plant_consumed_power,0.670000,2026-02-17T08:50:17.184Z
sensor.sigen_plant_consumed_power,0.667000,2026-02-17T08:50:22.184Z
sensor.sigen_plant_consumed_power,0.689000,2026-02-17T08:50:25.063Z
sensor.sigen_plant_consumed_power,0.685000,2026-02-17T08:50:30.187Z
sensor.sigen_plant_consumed_power,0.664000,2026-02-17T08:50:35.192Z
sensor.sigen_plant_consumed_power,0.659000,2026-02-17T08:50:40.184Z
sensor.sigen_plant_consumed_power,0.649000,2026-02-17T08:50:45.183Z
sensor.sigen_plant_consumed_power,0.644000,2026-02-17T08:50:50.185Z
sensor.sigen_plant_consumed_power,0.635000,2026-02-17T08:50:55.183Z
sensor.sigen_plant_consumed_power,0.619000,2026-02-17T08:51:00.243Z
sensor.sigen_plant_consumed_power,0.607000,2026-02-17T08:51:05.173Z
sensor.sigen_plant_consumed_power,0.631000,2026-02-17T08:51:10.171Z
sensor.sigen_plant_consumed_power,0.664000,2026-02-17T08:51:15.174Z
sensor.sigen_plant_consumed_power,0.645000,2026-02-17T08:51:20.189Z
sensor.sigen_plant_consumed_power,0.655000,2026-02-17T08:51:25.209Z
sensor.sigen_plant_consumed_power,0.659000,2026-02-17T08:51:30.164Z
sensor.sigen_plant_consumed_power,0.657000,2026-02-17T08:51:35.173Z
sensor.sigen_plant_consumed_power,1.586000,2026-02-17T08:51:40.164Z
sensor.sigen_plant_consumed_power,0.735000,2026-02-17T08:51:45.203Z
sensor.sigen_plant_consumed_power,0.757000,2026-02-17T08:51:50.207Z
sensor.sigen_plant_consumed_power,0.780000,2026-02-17T08:51:55.194Z
sensor.sigen_plant_consumed_power,0.795000,2026-02-17T08:52:00.274Z
sensor.sigen_plant_consumed_power,0.773000,2026-02-17T08:52:05.213Z
sensor.sigen_plant_consumed_power,0.806000,2026-02-17T08:52:10.179Z
sensor.sigen_plant_consumed_power,0.772000,2026-02-17T08:52:15.197Z
sensor.sigen_plant_consumed_power,0.775000,2026-02-17T08:52:20.183Z
sensor.sigen_plant_consumed_power,0.776000,2026-02-17T08:52:25.173Z
sensor.sigen_plant_consumed_power,0.784000,2026-02-17T08:52:30.165Z
sensor.sigen_plant_consumed_power,0.781000,2026-02-17T08:52:35.173Z
sensor.sigen_plant_consumed_power,0.770000,2026-02-17T08:52:40.169Z
sensor.sigen_plant_consumed_power,0.779000,2026-02-17T08:52:45.173Z
sensor.sigen_plant_consumed_power,0.763000,2026-02-17T08:52:50.173Z
sensor.sigen_plant_consumed_power,0.786000,2026-02-17T08:52:55.183Z
sensor.sigen_plant_consumed_power,0.767000,2026-02-17T08:53:00.274Z
sensor.sigen_plant_consumed_power,0.752000,2026-02-17T08:53:05.183Z
sensor.sigen_plant_consumed_power,0.774000,2026-02-17T08:53:10.175Z
sensor.sigen_plant_consumed_power,0.734000,2026-02-17T08:53:15.184Z
sensor.sigen_plant_consumed_power,0.741000,2026-02-17T08:53:25.185Z
sensor.sigen_plant_consumed_power,0.761000,2026-02-17T08:53:30.173Z
sensor.sigen_plant_consumed_power,0.732000,2026-02-17T08:53:35.195Z
sensor.sigen_plant_consumed_power,0.759000,2026-02-17T08:53:40.185Z
sensor.sigen_plant_consumed_power,0.744000,2026-02-17T08:53:45.184Z
sensor.sigen_plant_consumed_power,0.757000,2026-02-17T08:53:50.164Z
sensor.sigen_plant_consumed_power,0.750000,2026-02-17T08:53:55.184Z
sensor.sigen_plant_consumed_power,0.759000,2026-02-17T08:54:00.234Z
sensor.sigen_plant_consumed_power,0.736000,2026-02-17T08:54:05.194Z
sensor.sigen_plant_consumed_power,0.732000,2026-02-17T08:54:10.188Z
sensor.sigen_plant_consumed_power,0.747000,2026-02-17T08:54:15.197Z
sensor.sigen_plant_consumed_power,0.731000,2026-02-17T08:54:20.194Z
sensor.sigen_plant_consumed_power,0.768000,2026-02-17T08:54:25.174Z
sensor.sigen_plant_consumed_power,0.776000,2026-02-17T08:54:30.174Z
sensor.sigen_plant_consumed_power,0.763000,2026-02-17T08:54:35.185Z
sensor.sigen_plant_consumed_power,0.759000,2026-02-17T08:54:40.164Z
sensor.sigen_plant_consumed_power,1.063000,2026-02-17T08:54:45.174Z
sensor.sigen_plant_consumed_power,1.038000,2026-02-17T08:54:50.185Z
sensor.sigen_plant_consumed_power,1.061000,2026-02-17T08:54:55.185Z
sensor.sigen_plant_consumed_power,1.072000,2026-02-17T08:55:00.246Z
sensor.sigen_plant_consumed_power,1.087000,2026-02-17T08:55:05.184Z
sensor.sigen_plant_consumed_power,1.042000,2026-02-17T08:55:10.174Z
sensor.sigen_plant_consumed_power,1.048000,2026-02-17T08:55:15.196Z
sensor.sigen_plant_consumed_power,1.084000,2026-02-17T08:55:20.227Z
sensor.sigen_plant_consumed_power,1.065000,2026-02-17T08:55:24.116Z
sensor.sigen_plant_consumed_power,1.063000,2026-02-17T08:55:29.177Z
sensor.sigen_plant_consumed_power,1.080000,2026-02-17T08:55:34.204Z
sensor.sigen_plant_consumed_power,1.075000,2026-02-17T08:55:39.169Z
sensor.sigen_plant_consumed_power,1.052000,2026-02-17T08:55:44.197Z
sensor.sigen_plant_consumed_power,1.075000,2026-02-17T08:55:49.197Z
sensor.sigen_plant_consumed_power,1.084000,2026-02-17T08:55:54.185Z
sensor.sigen_plant_consumed_power,1.059000,2026-02-17T08:55:59.194Z
sensor.sigen_plant_consumed_power,1.064000,2026-02-17T08:56:04.184Z
sensor.sigen_plant_consumed_power,1.037000,2026-02-17T08:56:09.184Z
sensor.sigen_plant_consumed_power,1.088000,2026-02-17T08:56:14.185Z
sensor.sigen_plant_consumed_power,1.053000,2026-02-17T08:56:19.185Z
sensor.sigen_plant_consumed_power,1.029000,2026-02-17T08:56:24.165Z
sensor.sigen_plant_consumed_power,1.098000,2026-02-17T08:56:29.185Z
sensor.sigen_plant_consumed_power,1.035000,2026-02-17T08:56:34.198Z
sensor.sigen_plant_consumed_power,1.091000,2026-02-17T08:56:39.166Z
sensor.sigen_plant_consumed_power,1.156000,2026-02-17T08:56:44.198Z
sensor.sigen_plant_consumed_power,1.158000,2026-02-17T08:56:49.195Z
sensor.sigen_plant_consumed_power,1.136000,2026-02-17T08:56:54.205Z
sensor.sigen_plant_consumed_power,1.165000,2026-02-17T08:56:59.186Z
sensor.sigen_plant_consumed_power,1.121000,2026-02-17T08:57:04.174Z
sensor.sigen_plant_consumed_power,1.145000,2026-02-17T08:57:09.165Z
sensor.sigen_plant_consumed_power,1.134000,2026-02-17T08:57:14.206Z
sensor.sigen_plant_consumed_power,1.128000,2026-02-17T08:57:19.186Z
sensor.sigen_plant_consumed_power,1.111000,2026-02-17T08:57:24.165Z
sensor.sigen_plant_consumed_power,1.127000,2026-02-17T08:57:29.185Z
sensor.sigen_plant_consumed_power,1.136000,2026-02-17T08:57:34.178Z
sensor.sigen_plant_consumed_power,1.154000,2026-02-17T08:57:39.165Z
sensor.sigen_plant_consumed_power,1.116000,2026-02-17T08:57:44.175Z
sensor.sigen_plant_consumed_power,1.109000,2026-02-17T08:57:49.185Z
sensor.sigen_plant_consumed_power,1.159000,2026-02-17T08:57:54.186Z
sensor.sigen_plant_consumed_power,1.142000,2026-02-17T08:57:59.175Z
sensor.sigen_plant_consumed_power,1.133000,2026-02-17T08:58:04.178Z
sensor.sigen_plant_consumed_power,1.144000,2026-02-17T08:58:09.225Z
sensor.sigen_plant_consumed_power,1.123000,2026-02-17T08:58:14.165Z
sensor.sigen_plant_consumed_power,1.157000,2026-02-17T08:58:19.165Z
sensor.sigen_plant_consumed_power,1.126000,2026-02-17T08:58:24.185Z
sensor.sigen_plant_consumed_power,1.156000,2026-02-17T08:58:29.176Z
sensor.sigen_plant_consumed_power,1.160000,2026-02-17T08:58:34.186Z
sensor.sigen_plant_consumed_power,1.161000,2026-02-17T08:58:39.194Z
sensor.sigen_plant_consumed_power,1.137000,2026-02-17T08:58:44.221Z
sensor.sigen_plant_consumed_power,1.108000,2026-02-17T08:58:49.175Z
sensor.sigen_plant_consumed_power,1.097000,2026-02-17T08:58:54.177Z
sensor.sigen_plant_consumed_power,1.115000,2026-02-17T08:58:59.185Z
sensor.sigen_plant_consumed_power,1.136000,2026-02-17T08:59:04.166Z
sensor.sigen_plant_consumed_power,1.130000,2026-02-17T08:59:09.175Z
sensor.sigen_plant_consumed_power,1.726000,2026-02-17T08:59:14.376Z
sensor.sigen_plant_consumed_power,1.925000,2026-02-17T08:59:19.175Z
sensor.sigen_plant_consumed_power,1.914000,2026-02-17T08:59:24.195Z
sensor.sigen_plant_consumed_power,1.923000,2026-02-17T08:59:29.197Z
sensor.sigen_plant_consumed_power,1.934000,2026-02-17T08:59:34.188Z
sensor.sigen_plant_consumed_power,1.920000,2026-02-17T08:59:45.208Z
sensor.sigen_plant_consumed_power,1.952000,2026-02-17T08:59:50.167Z
sensor.sigen_plant_consumed_power,1.896000,2026-02-17T08:59:55.192Z
sensor.sigen_plant_consumed_power,1.913000,2026-02-17T09:00:00.256Z
sensor.sigen_plant_consumed_power,1.922000,2026-02-17T09:00:05.206Z
sensor.sigen_plant_consumed_power,1.913000,2026-02-17T09:00:10.177Z
sensor.sigen_plant_consumed_power,1.141000,2026-02-17T09:00:15.262Z
sensor.sigen_plant_consumed_power,1.138000,2026-02-17T09:00:20.186Z
sensor.sigen_plant_consumed_power,1.131000,2026-02-17T09:00:25.206Z
sensor.sigen_plant_consumed_power,1.137000,2026-02-17T09:00:28.128Z
sensor.sigen_plant_consumed_power,1.126000,2026-02-17T09:00:33.186Z
sensor.sigen_plant_consumed_power,1.135000,2026-02-17T09:00:38.172Z
sensor.sigen_plant_consumed_power,1.143000,2026-02-17T09:00:43.176Z
sensor.sigen_plant_consumed_power,1.156000,2026-02-17T09:00:48.187Z
sensor.sigen_plant_consumed_power,0.821000,2026-02-17T09:00:53.166Z
sensor.sigen_plant_consumed_power,0.853000,2026-02-17T09:00:58.188Z
sensor.sigen_plant_consumed_power,0.807000,2026-02-17T09:01:03.178Z
sensor.sigen_plant_consumed_power,0.822000,2026-02-17T09:01:08.166Z
sensor.sigen_plant_consumed_power,0.812000,2026-02-17T09:01:13.177Z
sensor.sigen_plant_consumed_power,0.823000,2026-02-17T09:01:18.177Z
sensor.sigen_plant_consumed_power,0.835000,2026-02-17T09:01:23.176Z
sensor.sigen_plant_consumed_power,0.819000,2026-02-17T09:01:28.181Z
sensor.sigen_plant_consumed_power,0.845000,2026-02-17T09:01:33.186Z
sensor.sigen_plant_consumed_power,0.820000,2026-02-17T09:01:38.179Z
sensor.sigen_plant_consumed_power,0.821000,2026-02-17T09:01:43.188Z
sensor.sigen_plant_consumed_power,0.816000,2026-02-17T09:01:48.177Z
sensor.sigen_plant_consumed_power,0.830000,2026-02-17T09:01:53.166Z
sensor.sigen_plant_consumed_power,0.855000,2026-02-17T09:01:58.169Z
sensor.sigen_plant_consumed_power,0.853000,2026-02-17T09:02:03.170Z
sensor.sigen_plant_consumed_power,0.808000,2026-02-17T09:02:08.216Z
sensor.sigen_plant_consumed_power,0.819000,2026-02-17T09:02:13.176Z
sensor.sigen_plant_consumed_power,0.809000,2026-02-17T09:02:18.178Z
sensor.sigen_plant_consumed_power,0.818000,2026-02-17T09:02:23.180Z
sensor.sigen_plant_consumed_power,0.822000,2026-02-17T09:02:28.212Z
sensor.sigen_plant_consumed_power,0.815000,2026-02-17T09:02:33.206Z
sensor.sigen_plant_consumed_power,0.799000,2026-02-17T09:02:38.176Z
sensor.sigen_plant_consumed_power,0.812000,2026-02-17T09:02:40.477Z
sensor.sigen_plant_consumed_power,0.809000,2026-02-17T09:02:45.209Z
sensor.sigen_plant_consumed_power,0.795000,2026-02-17T09:02:50.181Z
sensor.sigen_plant_consumed_power,0.839000,2026-02-17T09:02:55.199Z
sensor.sigen_plant_consumed_power,0.832000,2026-02-17T09:03:00.267Z
sensor.sigen_plant_consumed_power,0.809000,2026-02-17T09:03:05.177Z
sensor.sigen_plant_consumed_power,0.841000,2026-02-17T09:03:10.167Z
sensor.sigen_plant_consumed_power,0.828000,2026-02-17T09:03:15.187Z
sensor.sigen_plant_consumed_power,0.834000,2026-02-17T09:03:20.171Z
sensor.sigen_plant_consumed_power,0.804000,2026-02-17T09:03:25.209Z
sensor.sigen_plant_consumed_power,0.841000,2026-02-17T09:03:30.187Z
sensor.sigen_plant_consumed_power,0.834000,2026-02-17T09:03:35.191Z
sensor.sigen_plant_consumed_power,0.835000,2026-02-17T09:03:40.187Z
sensor.sigen_plant_consumed_power,0.822000,2026-02-17T09:03:45.188Z
sensor.sigen_plant_consumed_power,0.802000,2026-02-17T09:03:50.227Z
sensor.sigen_plant_consumed_power,0.823000,2026-02-17T09:03:55.170Z
sensor.sigen_plant_consumed_power,0.819000,2026-02-17T09:04:00.288Z
sensor.sigen_plant_consumed_power,0.870000,2026-02-17T09:04:05.188Z
sensor.sigen_plant_consumed_power,0.835000,2026-02-17T09:04:10.187Z
sensor.sigen_plant_consumed_power,0.858000,2026-02-17T09:04:15.169Z
sensor.sigen_plant_consumed_power,0.837000,2026-02-17T09:04:20.209Z
sensor.sigen_plant_consumed_power,0.863000,2026-02-17T09:04:25.187Z
sensor.sigen_plant_consumed_power,0.865000,2026-02-17T09:04:30.197Z
sensor.sigen_plant_consumed_power,0.820000,2026-02-17T09:04:35.197Z
sensor.sigen_plant_consumed_power,0.812000,2026-02-17T09:04:40.177Z
sensor.sigen_plant_consumed_power,0.816000,2026-02-17T09:04:45.197Z
sensor.sigen_plant_consumed_power,0.839000,2026-02-17T09:04:50.180Z
sensor.sigen_plant_consumed_power,0.815000,2026-02-17T09:04:55.219Z
sensor.sigen_plant_consumed_power,0.821000,2026-02-17T09:05:00.277Z
sensor.sigen_plant_consumed_power,0.815000,2026-02-17T09:05:05.208Z
sensor.sigen_plant_consumed_power,0.839000,2026-02-17T09:05:10.177Z
sensor.sigen_plant_consumed_power,0.827000,2026-02-17T09:05:15.209Z
sensor.sigen_plant_consumed_power,0.813000,2026-02-17T09:05:20.188Z
sensor.sigen_plant_consumed_power,0.799000,2026-02-17T09:05:25.187Z
sensor.sigen_plant_consumed_power,0.804000,2026-02-17T09:05:28.167Z
sensor.sigen_plant_consumed_power,0.799000,2026-02-17T09:05:33.188Z
sensor.sigen_plant_consumed_power,0.828000,2026-02-17T09:05:38.198Z
sensor.sigen_plant_consumed_power,0.808000,2026-02-17T09:05:43.187Z
sensor.sigen_plant_consumed_power,0.798000,2026-02-17T09:05:48.218Z
sensor.sigen_plant_consumed_power,0.807000,2026-02-17T09:05:53.176Z
sensor.sigen_plant_consumed_power,0.819000,2026-02-17T09:05:58.228Z
sensor.sigen_plant_consumed_power,0.821000,2026-02-17T09:06:03.192Z
sensor.sigen_plant_consumed_power,0.825000,2026-02-17T09:06:08.328Z
sensor.sigen_plant_consumed_power,0.821000,2026-02-17T09:06:13.167Z
sensor.sigen_plant_consumed_power,0.826000,2026-02-17T09:06:18.191Z
sensor.sigen_plant_consumed_power,0.822000,2026-02-17T09:06:23.178Z
sensor.sigen_plant_consumed_power,0.808000,2026-02-17T09:06:28.183Z
sensor.sigen_plant_consumed_power,0.817000,2026-02-17T09:06:33.189Z
sensor.sigen_plant_consumed_power,0.821000,2026-02-17T09:06:38.168Z
sensor.sigen_plant_consumed_power,0.840000,2026-02-17T09:06:43.178Z
sensor.sigen_plant_consumed_power,0.822000,2026-02-17T09:06:48.189Z
sensor.sigen_plant_consumed_power,0.825000,2026-02-17T09:06:53.174Z
sensor.sigen_plant_consumed_power,0.815000,2026-02-17T09:06:58.196Z
sensor.sigen_plant_consumed_power,0.827000,2026-02-17T09:07:03.202Z
sensor.sigen_plant_consumed_power,0.812000,2026-02-17T09:07:08.168Z
sensor.sigen_plant_consumed_power,0.813000,2026-02-17T09:07:13.178Z
sensor.sigen_plant_consumed_power,0.842000,2026-02-17T09:07:18.189Z
sensor.sigen_plant_consumed_power,0.818000,2026-02-17T09:07:23.172Z
sensor.sigen_plant_consumed_power,0.830000,2026-02-17T09:07:28.192Z
sensor.sigen_plant_consumed_power,0.814000,2026-02-17T09:07:33.188Z
sensor.sigen_plant_consumed_power,0.833000,2026-02-17T09:07:38.179Z
sensor.sigen_plant_consumed_power,0.830000,2026-02-17T09:07:43.168Z
sensor.sigen_plant_consumed_power,0.817000,2026-02-17T09:07:48.189Z
sensor.sigen_plant_consumed_power,0.813000,2026-02-17T09:07:53.170Z
sensor.sigen_plant_consumed_power,0.790000,2026-02-17T09:07:58.168Z
sensor.sigen_plant_consumed_power,0.821000,2026-02-17T09:08:03.180Z
sensor.sigen_plant_consumed_power,0.818000,2026-02-17T09:08:08.198Z
sensor.sigen_plant_consumed_power,0.804000,2026-02-17T09:08:18.199Z
sensor.sigen_plant_consumed_power,0.795000,2026-02-17T09:08:23.211Z
sensor.sigen_plant_consumed_power,0.804000,2026-02-17T09:08:28.220Z
sensor.sigen_plant_consumed_power,0.820000,2026-02-17T09:08:33.190Z
sensor.sigen_plant_consumed_power,0.945000,2026-02-17T09:08:38.180Z
sensor.sigen_plant_consumed_power,0.933000,2026-02-17T09:08:43.179Z
sensor.sigen_plant_consumed_power,0.922000,2026-02-17T09:08:48.170Z
sensor.sigen_plant_consumed_power,0.969000,2026-02-17T09:08:53.200Z
sensor.sigen_plant_consumed_power,0.929000,2026-02-17T09:08:58.190Z
sensor.sigen_plant_consumed_power,0.938000,2026-02-17T09:09:08.170Z
sensor.sigen_plant_consumed_power,0.989000,2026-02-17T09:09:13.209Z
sensor.sigen_plant_consumed_power,0.948000,2026-02-17T09:09:18.184Z
sensor.sigen_plant_consumed_power,0.935000,2026-02-17T09:09:23.193Z
sensor.sigen_plant_consumed_power,0.928000,2026-02-17T09:09:28.179Z
sensor.sigen_plant_consumed_power,0.957000,2026-02-17T09:09:33.180Z
sensor.sigen_plant_consumed_power,0.950000,2026-02-17T09:09:38.182Z
sensor.sigen_plant_consumed_power,0.921000,2026-02-17T09:09:48.186Z
sensor.sigen_plant_consumed_power,0.926000,2026-02-17T09:09:53.179Z
sensor.sigen_plant_consumed_power,0.940000,2026-02-17T09:09:58.213Z
sensor.sigen_plant_consumed_power,0.902000,2026-02-17T09:10:03.179Z
sensor.sigen_plant_consumed_power,0.900000,2026-02-17T09:10:08.189Z
sensor.sigen_plant_consumed_power,0.878000,2026-02-17T09:10:13.189Z
sensor.sigen_plant_consumed_power,0.906000,2026-02-17T09:10:18.192Z
sensor.sigen_plant_consumed_power,0.896000,2026-02-17T09:10:23.231Z
sensor.sigen_plant_consumed_power,0.886000,2026-02-17T09:10:24.080Z
sensor.sigen_plant_consumed_power,0.897000,2026-02-17T09:10:29.274Z
sensor.sigen_plant_consumed_power,0.894000,2026-02-17T09:10:34.209Z
sensor.sigen_plant_consumed_power,0.938000,2026-02-17T09:10:39.192Z
sensor.sigen_plant_consumed_power,0.894000,2026-02-17T09:10:44.180Z
sensor.sigen_plant_consumed_power,0.903000,2026-02-17T09:10:49.190Z
sensor.sigen_plant_consumed_power,0.890000,2026-02-17T09:10:54.189Z
sensor.sigen_plant_consumed_power,0.904000,2026-02-17T09:10:59.180Z
sensor.sigen_plant_consumed_power,0.920000,2026-02-17T09:11:04.190Z
sensor.sigen_plant_consumed_power,0.914000,2026-02-17T09:11:09.172Z
sensor.sigen_plant_consumed_power,0.939000,2026-02-17T09:11:14.179Z
sensor.sigen_plant_consumed_power,0.942000,2026-02-17T09:11:19.220Z
sensor.sigen_plant_consumed_power,0.928000,2026-02-17T09:11:24.201Z
sensor.sigen_plant_consumed_power,0.946000,2026-02-17T09:11:29.213Z
sensor.sigen_plant_consumed_power,0.957000,2026-02-17T09:11:34.211Z
sensor.sigen_plant_consumed_power,0.960000,2026-02-17T09:11:39.181Z
sensor.sigen_plant_consumed_power,0.925000,2026-02-17T09:11:44.193Z
sensor.sigen_plant_consumed_power,0.926000,2026-02-17T09:11:49.180Z
sensor.sigen_plant_consumed_power,0.940000,2026-02-17T09:11:54.181Z
sensor.sigen_plant_consumed_power,0.937000,2026-02-17T09:11:59.200Z
sensor.sigen_plant_consumed_power,0.930000,2026-02-17T09:12:04.190Z
sensor.sigen_plant_consumed_power,0.953000,2026-02-17T09:12:09.183Z
sensor.sigen_plant_consumed_power,0.940000,2026-02-17T09:12:14.181Z
sensor.sigen_plant_consumed_power,0.936000,2026-02-17T09:12:19.171Z
sensor.sigen_plant_consumed_power,0.886000,2026-02-17T09:12:24.200Z
sensor.sigen_plant_consumed_power,0.946000,2026-02-17T09:12:29.170Z
sensor.sigen_plant_consumed_power,0.906000,2026-02-17T09:12:34.190Z
sensor.sigen_plant_consumed_power,0.938000,2026-02-17T09:12:39.196Z
sensor.sigen_plant_consumed_power,0.924000,2026-02-17T09:12:44.180Z
sensor.sigen_plant_consumed_power,0.923000,2026-02-17T09:12:49.201Z
sensor.sigen_plant_consumed_power,0.926000,2026-02-17T09:12:54.190Z
sensor.sigen_plant_consumed_power,0.925000,2026-02-17T09:12:59.180Z
sensor.sigen_plant_consumed_power,0.933000,2026-02-17T09:13:04.193Z
sensor.sigen_plant_consumed_power,0.927000,2026-02-17T09:13:09.170Z
sensor.sigen_plant_consumed_power,0.942000,2026-02-17T09:13:14.191Z
sensor.sigen_plant_consumed_power,0.931000,2026-02-17T09:13:19.200Z
sensor.sigen_plant_consumed_power,0.941000,2026-02-17T09:13:24.170Z
sensor.sigen_plant_consumed_power,0.927000,2026-02-17T09:13:29.171Z
sensor.sigen_plant_consumed_power,0.897000,2026-02-17T09:13:34.200Z
sensor.sigen_plant_consumed_power,0.928000,2026-02-17T09:13:39.194Z
sensor.sigen_plant_consumed_power,0.920000,2026-02-17T09:13:44.197Z
sensor.sigen_plant_consumed_power,0.914000,2026-02-17T09:13:49.181Z
sensor.sigen_plant_consumed_power,0.919000,2026-02-17T09:13:54.180Z
sensor.sigen_plant_consumed_power,0.944000,2026-02-17T09:13:59.192Z
sensor.sigen_plant_consumed_power,0.940000,2026-02-17T09:14:04.192Z
sensor.sigen_plant_consumed_power,0.942000,2026-02-17T09:14:09.172Z
sensor.sigen_plant_consumed_power,0.951000,2026-02-17T09:14:14.181Z
sensor.sigen_plant_consumed_power,0.948000,2026-02-17T09:14:19.172Z
sensor.sigen_plant_consumed_power,0.951000,2026-02-17T09:14:24.190Z
sensor.sigen_plant_consumed_power,0.967000,2026-02-17T09:14:29.180Z
sensor.sigen_plant_consumed_power,0.954000,2026-02-17T09:14:34.212Z
sensor.sigen_plant_consumed_power,0.935000,2026-02-17T09:14:39.193Z
sensor.sigen_plant_consumed_power,0.933000,2026-02-17T09:14:44.191Z
sensor.sigen_plant_consumed_power,0.949000,2026-02-17T09:14:49.202Z
sensor.sigen_plant_consumed_power,0.942000,2026-02-17T09:14:54.191Z
sensor.sigen_plant_consumed_power,0.926000,2026-02-17T09:14:59.165Z
sensor.sigen_plant_consumed_power,0.947000,2026-02-17T09:15:04.171Z
sensor.sigen_plant_consumed_power,0.935000,2026-02-17T09:15:09.171Z
sensor.sigen_plant_consumed_power,0.948000,2026-02-17T09:15:14.171Z
sensor.sigen_plant_consumed_power,0.935000,2026-02-17T09:15:19.181Z
sensor.sigen_plant_consumed_power,0.946000,2026-02-17T09:15:24.070Z
sensor.sigen_plant_consumed_power,0.949000,2026-02-17T09:15:29.200Z
sensor.sigen_plant_consumed_power,0.936000,2026-02-17T09:15:34.161Z
sensor.sigen_plant_consumed_power,0.951000,2026-02-17T09:15:39.219Z
sensor.sigen_plant_consumed_power,0.943000,2026-02-17T09:15:44.180Z
sensor.sigen_plant_consumed_power,0.939000,2026-02-17T09:15:49.212Z
sensor.sigen_plant_consumed_power,0.931000,2026-02-17T09:15:54.181Z
sensor.sigen_plant_consumed_power,0.919000,2026-02-17T09:15:59.178Z
sensor.sigen_plant_consumed_power,0.935000,2026-02-17T09:16:04.181Z
sensor.sigen_plant_consumed_power,0.941000,2026-02-17T09:16:09.171Z
sensor.sigen_plant_consumed_power,0.939000,2026-02-17T09:16:14.163Z
sensor.sigen_plant_consumed_power,0.951000,2026-02-17T09:16:19.171Z
sensor.sigen_plant_consumed_power,0.920000,2026-02-17T09:16:24.172Z
sensor.sigen_plant_consumed_power,0.937000,2026-02-17T09:16:29.173Z
sensor.sigen_plant_consumed_power,0.908000,2026-02-17T09:16:34.181Z
sensor.sigen_plant_consumed_power,0.907000,2026-02-17T09:16:39.163Z
sensor.sigen_plant_consumed_power,0.899000,2026-02-17T09:16:44.172Z
sensor.sigen_plant_consumed_power,0.908000,2026-02-17T09:16:49.181Z
sensor.sigen_plant_consumed_power,0.905000,2026-02-17T09:16:54.192Z
sensor.sigen_plant_consumed_power,0.933000,2026-02-17T09:16:59.175Z
sensor.sigen_plant_consumed_power,0.922000,2026-02-17T09:17:04.184Z
sensor.sigen_plant_consumed_power,0.929000,2026-02-17T09:17:09.182Z
sensor.sigen_plant_consumed_power,0.920000,2026-02-17T09:17:14.182Z
sensor.sigen_plant_consumed_power,0.922000,2026-02-17T09:17:19.172Z
sensor.sigen_plant_consumed_power,0.906000,2026-02-17T09:17:24.167Z
sensor.sigen_plant_consumed_power,0.834000,2026-02-17T09:17:29.162Z
sensor.sigen_plant_consumed_power,0.843000,2026-02-17T09:17:34.211Z
sensor.sigen_plant_consumed_power,0.868000,2026-02-17T09:17:39.183Z
sensor.sigen_plant_consumed_power,0.856000,2026-02-17T09:17:44.172Z
sensor.sigen_plant_consumed_power,0.939000,2026-02-17T09:17:49.172Z
sensor.sigen_plant_consumed_power,2.987000,2026-02-17T09:17:54.164Z
sensor.sigen_plant_consumed_power,2.963000,2026-02-17T09:17:59.162Z
sensor.sigen_plant_consumed_power,2.979000,2026-02-17T09:18:04.163Z
sensor.sigen_plant_consumed_power,2.954000,2026-02-17T09:18:09.312Z
sensor.sigen_plant_consumed_power,2.979000,2026-02-17T09:18:14.192Z
sensor.sigen_plant_consumed_power,2.969000,2026-02-17T09:18:19.182Z
sensor.sigen_plant_consumed_power,2.964000,2026-02-17T09:18:24.176Z
sensor.sigen_plant_consumed_power,2.956000,2026-02-17T09:18:29.173Z
sensor.sigen_plant_consumed_power,2.974000,2026-02-17T09:18:34.193Z
sensor.sigen_plant_consumed_power,2.966000,2026-02-17T09:18:39.182Z
sensor.sigen_plant_consumed_power,2.969000,2026-02-17T09:18:44.173Z
sensor.sigen_plant_consumed_power,2.985000,2026-02-17T09:18:49.204Z
sensor.sigen_plant_consumed_power,2.960000,2026-02-17T09:18:54.172Z
sensor.sigen_plant_consumed_power,2.950000,2026-02-17T09:18:59.172Z
sensor.sigen_plant_consumed_power,2.958000,2026-02-17T09:19:04.213Z
sensor.sigen_plant_consumed_power,2.990000,2026-02-17T09:19:09.182Z
sensor.sigen_plant_consumed_power,2.994000,2026-02-17T09:19:14.212Z
sensor.sigen_plant_consumed_power,2.990000,2026-02-17T09:19:19.163Z
sensor.sigen_plant_consumed_power,2.991000,2026-02-17T09:19:24.173Z
sensor.sigen_plant_consumed_power,2.971000,2026-02-17T09:19:29.199Z
sensor.sigen_plant_consumed_power,2.988000,2026-02-17T09:19:34.214Z
sensor.sigen_plant_consumed_power,2.989000,2026-02-17T09:19:39.173Z
sensor.sigen_plant_consumed_power,2.996000,2026-02-17T09:19:44.172Z
sensor.sigen_plant_consumed_power,2.987000,2026-02-17T09:19:49.183Z
sensor.sigen_plant_consumed_power,2.986000,2026-02-17T09:19:54.163Z
sensor.sigen_plant_consumed_power,2.988000,2026-02-17T09:19:59.163Z
sensor.sigen_plant_consumed_power,2.977000,2026-02-17T09:20:04.184Z
sensor.sigen_plant_consumed_power,2.909000,2026-02-17T09:20:09.193Z
sensor.sigen_plant_consumed_power,2.878000,2026-02-17T09:20:14.163Z
sensor.sigen_plant_consumed_power,2.871000,2026-02-17T09:20:19.183Z
sensor.sigen_plant_consumed_power,2.860000,2026-02-17T09:20:24.185Z
sensor.sigen_plant_consumed_power,2.864000,2026-02-17T09:20:24.952Z
sensor.sigen_plant_consumed_power,2.874000,2026-02-17T09:20:30.209Z
sensor.sigen_plant_consumed_power,2.861000,2026-02-17T09:20:35.182Z
sensor.sigen_plant_consumed_power,2.870000,2026-02-17T09:20:40.192Z
sensor.sigen_plant_consumed_power,2.856000,2026-02-17T09:20:45.180Z
sensor.sigen_plant_consumed_power,2.877000,2026-02-17T09:20:50.163Z
sensor.sigen_plant_consumed_power,2.873000,2026-02-17T09:20:55.184Z
sensor.sigen_plant_consumed_power,2.902000,2026-02-17T09:21:00.230Z
sensor.sigen_plant_consumed_power,2.891000,2026-02-17T09:21:05.176Z
sensor.sigen_plant_consumed_power,2.896000,2026-02-17T09:21:10.174Z
sensor.sigen_plant_consumed_power,2.898000,2026-02-17T09:21:15.173Z
sensor.sigen_plant_consumed_power,2.887000,2026-02-17T09:21:20.174Z
sensor.sigen_plant_consumed_power,0.802000,2026-02-17T09:21:25.173Z
sensor.sigen_plant_consumed_power,0.795000,2026-02-17T09:21:30.167Z
sensor.sigen_plant_consumed_power,0.805000,2026-02-17T09:21:35.206Z
sensor.sigen_plant_consumed_power,0.793000,2026-02-17T09:21:40.174Z
sensor.sigen_plant_consumed_power,0.792000,2026-02-17T09:21:45.174Z
sensor.sigen_plant_consumed_power,0.776000,2026-02-17T09:21:50.183Z
sensor.sigen_plant_consumed_power,0.774000,2026-02-17T09:21:55.174Z
sensor.sigen_plant_consumed_power,0.782000,2026-02-17T09:22:00.273Z
sensor.sigen_plant_consumed_power,0.787000,2026-02-17T09:22:05.176Z
sensor.sigen_plant_consumed_power,0.802000,2026-02-17T09:22:10.184Z
sensor.sigen_plant_consumed_power,0.790000,2026-02-17T09:22:15.173Z
sensor.sigen_plant_consumed_power,0.796000,2026-02-17T09:22:20.193Z
sensor.sigen_plant_consumed_power,0.786000,2026-02-17T09:22:25.183Z
sensor.sigen_plant_consumed_power,0.791000,2026-02-17T09:22:30.184Z
sensor.sigen_plant_consumed_power,0.797000,2026-02-17T09:22:35.183Z
sensor.sigen_plant_consumed_power,0.799000,2026-02-17T09:22:40.163Z
sensor.sigen_plant_consumed_power,0.811000,2026-02-17T09:22:45.175Z
sensor.sigen_plant_consumed_power,0.790000,2026-02-17T09:22:50.173Z
sensor.sigen_plant_consumed_power,0.805000,2026-02-17T09:22:55.184Z
sensor.sigen_plant_consumed_power,0.822000,2026-02-17T09:23:00.234Z
sensor.sigen_plant_consumed_power,0.815000,2026-02-17T09:23:05.176Z
sensor.sigen_plant_consumed_power,0.835000,2026-02-17T09:23:10.186Z
sensor.sigen_plant_consumed_power,0.836000,2026-02-17T09:23:15.165Z
sensor.sigen_plant_consumed_power,0.811000,2026-02-17T09:23:20.174Z
sensor.sigen_plant_consumed_power,0.783000,2026-02-17T09:23:25.175Z
sensor.sigen_plant_consumed_power,0.817000,2026-02-17T09:23:30.194Z
sensor.sigen_plant_consumed_power,0.773000,2026-02-17T09:23:35.174Z
sensor.sigen_plant_consumed_power,0.789000,2026-02-17T09:23:40.184Z
sensor.sigen_plant_consumed_power,0.781000,2026-02-17T09:23:45.166Z
sensor.sigen_plant_consumed_power,0.770000,2026-02-17T09:24:00.247Z
sensor.sigen_plant_consumed_power,0.761000,2026-02-17T09:24:05.170Z
sensor.sigen_plant_consumed_power,0.779000,2026-02-17T09:24:10.174Z
sensor.sigen_plant_consumed_power,0.781000,2026-02-17T09:24:15.184Z
sensor.sigen_plant_consumed_power,0.772000,2026-02-17T09:24:20.184Z
sensor.sigen_plant_consumed_power,0.794000,2026-02-17T09:24:25.184Z
sensor.sigen_plant_consumed_power,0.785000,2026-02-17T09:24:30.164Z
sensor.sigen_plant_consumed_power,0.775000,2026-02-17T09:24:35.174Z
sensor.sigen_plant_consumed_power,0.791000,2026-02-17T09:24:40.164Z
sensor.sigen_plant_consumed_power,0.821000,2026-02-17T09:24:45.184Z
sensor.sigen_plant_consumed_power,0.811000,2026-02-17T09:24:50.164Z
sensor.sigen_plant_consumed_power,0.813000,2026-02-17T09:24:55.184Z
sensor.sigen_plant_consumed_power,0.771000,2026-02-17T09:25:00.276Z
sensor.sigen_plant_consumed_power,0.806000,2026-02-17T09:25:05.167Z
sensor.sigen_plant_consumed_power,0.819000,2026-02-17T09:25:10.175Z
sensor.sigen_plant_consumed_power,0.807000,2026-02-17T09:25:15.164Z
sensor.sigen_plant_consumed_power,0.817000,2026-02-17T09:25:20.175Z
sensor.sigen_plant_consumed_power,0.820000,2026-02-17T09:25:25.168Z
sensor.sigen_plant_consumed_power,0.795000,2026-02-17T09:25:27.124Z
sensor.sigen_plant_consumed_power,0.818000,2026-02-17T09:25:32.174Z
sensor.sigen_plant_consumed_power,0.811000,2026-02-17T09:25:37.194Z
sensor.sigen_plant_consumed_power,0.797000,2026-02-17T09:25:42.174Z
sensor.sigen_plant_consumed_power,0.800000,2026-02-17T09:25:47.176Z
sensor.sigen_plant_consumed_power,0.788000,2026-02-17T09:25:52.189Z
sensor.sigen_plant_consumed_power,0.812000,2026-02-17T09:25:57.209Z
sensor.sigen_plant_consumed_power,0.797000,2026-02-17T09:26:02.174Z
sensor.sigen_plant_consumed_power,0.815000,2026-02-17T09:26:07.174Z
sensor.sigen_plant_consumed_power,0.796000,2026-02-17T09:26:12.185Z
sensor.sigen_plant_consumed_power,0.798000,2026-02-17T09:26:17.206Z
sensor.sigen_plant_consumed_power,0.779000,2026-02-17T09:26:22.165Z
sensor.sigen_plant_consumed_power,0.796000,2026-02-17T09:26:27.165Z
sensor.sigen_plant_consumed_power,0.795000,2026-02-17T09:26:32.185Z
sensor.sigen_plant_consumed_power,0.800000,2026-02-17T09:26:37.166Z
sensor.sigen_plant_consumed_power,0.814000,2026-02-17T09:26:42.178Z
sensor.sigen_plant_consumed_power,0.800000,2026-02-17T09:26:47.177Z
sensor.sigen_plant_consumed_power,0.771000,2026-02-17T09:26:52.175Z
sensor.sigen_plant_consumed_power,0.776000,2026-02-17T09:26:57.217Z
sensor.sigen_plant_consumed_power,0.801000,2026-02-17T09:27:02.175Z
sensor.sigen_plant_consumed_power,0.787000,2026-02-17T09:27:07.175Z
sensor.sigen_plant_consumed_power,0.808000,2026-02-17T09:27:12.175Z
sensor.sigen_plant_consumed_power,0.769000,2026-02-17T09:27:17.185Z
sensor.sigen_plant_consumed_power,0.791000,2026-02-17T09:27:22.176Z
sensor.sigen_plant_consumed_power,0.800000,2026-02-17T09:27:27.185Z
sensor.sigen_plant_consumed_power,0.783000,2026-02-17T09:27:32.175Z
sensor.sigen_plant_consumed_power,0.791000,2026-02-17T09:27:37.186Z
sensor.sigen_plant_consumed_power,0.784000,2026-02-17T09:27:42.170Z
sensor.sigen_plant_consumed_power,0.813000,2026-02-17T09:27:47.205Z
sensor.sigen_plant_consumed_power,0.809000,2026-02-17T09:27:52.225Z
sensor.sigen_plant_consumed_power,0.788000,2026-02-17T09:27:57.185Z
sensor.sigen_plant_consumed_power,0.809000,2026-02-17T09:28:02.165Z
sensor.sigen_plant_consumed_power,0.804000,2026-02-17T09:28:07.187Z
sensor.sigen_plant_consumed_power,0.774000,2026-02-17T09:28:12.186Z
sensor.sigen_plant_consumed_power,0.757000,2026-02-17T09:28:17.189Z
sensor.sigen_plant_consumed_power,0.782000,2026-02-17T09:28:22.165Z
sensor.sigen_plant_consumed_power,0.787000,2026-02-17T09:28:27.175Z
sensor.sigen_plant_consumed_power,0.778000,2026-02-17T09:28:32.198Z
sensor.sigen_plant_consumed_power,0.793000,2026-02-17T09:28:37.187Z
sensor.sigen_plant_consumed_power,0.781000,2026-02-17T09:28:42.186Z
sensor.sigen_plant_consumed_power,0.793000,2026-02-17T09:28:47.176Z
sensor.sigen_plant_consumed_power,0.776000,2026-02-17T09:28:52.185Z
sensor.sigen_plant_consumed_power,0.784000,2026-02-17T09:28:57.186Z
sensor.sigen_plant_consumed_power,0.823000,2026-02-17T09:29:07.166Z
sensor.sigen_plant_consumed_power,0.817000,2026-02-17T09:29:12.196Z
sensor.sigen_plant_consumed_power,0.792000,2026-02-17T09:29:17.196Z
sensor.sigen_plant_consumed_power,0.829000,2026-02-17T09:29:22.186Z
sensor.sigen_plant_consumed_power,0.836000,2026-02-17T09:29:27.206Z
sensor.sigen_plant_consumed_power,0.840000,2026-02-17T09:29:32.167Z
sensor.sigen_plant_consumed_power,0.846000,2026-02-17T09:29:37.176Z
sensor.sigen_plant_consumed_power,0.828000,2026-02-17T09:29:42.184Z
sensor.sigen_plant_consumed_power,0.781000,2026-02-17T09:29:47.166Z
sensor.sigen_plant_consumed_power,0.797000,2026-02-17T09:29:52.186Z
sensor.sigen_plant_consumed_power,0.790000,2026-02-17T09:29:57.177Z
sensor.sigen_plant_consumed_power,0.823000,2026-02-17T09:30:02.166Z
sensor.sigen_plant_consumed_power,0.826000,2026-02-17T09:30:07.196Z
sensor.sigen_plant_consumed_power,0.815000,2026-02-17T09:30:12.197Z
sensor.sigen_plant_consumed_power,0.805000,2026-02-17T09:30:17.168Z
sensor.sigen_plant_consumed_power,0.774000,2026-02-17T09:30:22.176Z
sensor.sigen_plant_consumed_power,0.823000,2026-02-17T09:30:27.056Z
sensor.sigen_plant_consumed_power,0.786000,2026-02-17T09:30:32.166Z
sensor.sigen_plant_consumed_power,0.790000,2026-02-17T09:30:37.167Z
sensor.sigen_plant_consumed_power,0.693000,2026-02-17T09:30:42.165Z
sensor.sigen_plant_consumed_power,0.699000,2026-02-17T09:30:47.185Z
sensor.sigen_plant_consumed_power,0.693000,2026-02-17T09:30:52.186Z
sensor.sigen_plant_consumed_power,0.659000,2026-02-17T09:30:57.178Z
sensor.sigen_plant_consumed_power,0.695000,2026-02-17T09:31:02.218Z
sensor.sigen_plant_consumed_power,0.680000,2026-02-17T09:31:07.170Z
sensor.sigen_plant_consumed_power,0.669000,2026-02-17T09:31:12.166Z
sensor.sigen_plant_consumed_power,0.703000,2026-02-17T09:31:22.176Z
sensor.sigen_plant_consumed_power,0.686000,2026-02-17T09:31:27.196Z
sensor.sigen_plant_consumed_power,0.685000,2026-02-17T09:31:32.187Z
sensor.sigen_plant_consumed_power,0.698000,2026-02-17T09:31:37.188Z
sensor.sigen_plant_consumed_power,0.669000,2026-02-17T09:31:42.180Z
sensor.sigen_plant_consumed_power,0.683000,2026-02-17T09:31:47.187Z
sensor.sigen_plant_consumed_power,0.687000,2026-02-17T09:31:52.187Z
sensor.sigen_plant_consumed_power,0.693000,2026-02-17T09:31:57.190Z
sensor.sigen_plant_consumed_power,0.631000,2026-02-17T09:32:02.187Z
sensor.sigen_plant_consumed_power,0.625000,2026-02-17T09:32:07.167Z
sensor.sigen_plant_consumed_power,0.661000,2026-02-17T09:32:12.188Z
sensor.sigen_plant_consumed_power,0.617000,2026-02-17T09:32:17.167Z
sensor.sigen_plant_consumed_power,0.631000,2026-02-17T09:32:22.177Z
sensor.sigen_plant_consumed_power,0.655000,2026-02-17T09:32:32.173Z
sensor.sigen_plant_consumed_power,0.633000,2026-02-17T09:32:37.169Z
sensor.sigen_plant_consumed_power,0.660000,2026-02-17T09:32:42.177Z
sensor.sigen_plant_consumed_power,0.629000,2026-02-17T09:32:47.167Z
sensor.sigen_plant_consumed_power,0.645000,2026-02-17T09:32:52.177Z
sensor.sigen_plant_consumed_power,0.640000,2026-02-17T09:32:57.187Z
sensor.sigen_plant_consumed_power,1.364000,2026-02-17T09:33:02.171Z
sensor.sigen_plant_consumed_power,0.738000,2026-02-17T09:33:07.208Z
sensor.sigen_plant_consumed_power,0.762000,2026-02-17T09:33:12.167Z
sensor.sigen_plant_consumed_power,0.747000,2026-02-17T09:33:17.190Z
sensor.sigen_plant_consumed_power,0.758000,2026-02-17T09:33:22.197Z
sensor.sigen_plant_consumed_power,0.743000,2026-02-17T09:33:27.227Z
sensor.sigen_plant_consumed_power,0.755000,2026-02-17T09:33:32.179Z
sensor.sigen_plant_consumed_power,0.722000,2026-02-17T09:33:37.218Z
sensor.sigen_plant_consumed_power,0.741000,2026-02-17T09:33:42.168Z
sensor.sigen_plant_consumed_power,0.767000,2026-02-17T09:33:47.239Z
sensor.sigen_plant_consumed_power,0.769000,2026-02-17T09:33:52.168Z
sensor.sigen_plant_consumed_power,0.711000,2026-02-17T09:33:57.228Z
sensor.sigen_plant_consumed_power,0.727000,2026-02-17T09:34:02.169Z
sensor.sigen_plant_consumed_power,0.736000,2026-02-17T09:34:07.290Z
sensor.sigen_plant_consumed_power,0.737000,2026-02-17T09:34:12.202Z
sensor.sigen_plant_consumed_power,0.740000,2026-02-17T09:34:17.177Z
sensor.sigen_plant_consumed_power,0.719000,2026-02-17T09:34:27.189Z
sensor.sigen_plant_consumed_power,0.746000,2026-02-17T09:34:32.179Z
sensor.sigen_plant_consumed_power,0.726000,2026-02-17T09:34:37.178Z
sensor.sigen_plant_consumed_power,0.736000,2026-02-17T09:34:42.178Z
sensor.sigen_plant_consumed_power,0.750000,2026-02-17T09:34:47.223Z
sensor.sigen_plant_consumed_power,0.744000,2026-02-17T09:34:52.178Z
sensor.sigen_plant_consumed_power,0.731000,2026-02-17T09:34:57.168Z
sensor.sigen_plant_consumed_power,0.764000,2026-02-17T09:35:02.169Z
sensor.sigen_plant_consumed_power,0.743000,2026-02-17T09:35:07.168Z
sensor.sigen_plant_consumed_power,0.689000,2026-02-17T09:35:12.188Z
sensor.sigen_plant_consumed_power,0.713000,2026-02-17T09:35:17.178Z
sensor.sigen_plant_consumed_power,0.738000,2026-02-17T09:35:22.168Z
sensor.sigen_plant_consumed_power,0.707000,2026-02-17T09:35:23.478Z
sensor.sigen_plant_consumed_power,0.706000,2026-02-17T09:35:28.169Z
sensor.sigen_plant_consumed_power,0.697000,2026-02-17T09:35:38.179Z
sensor.sigen_plant_consumed_power,0.659000,2026-02-17T09:35:43.177Z
sensor.sigen_plant_consumed_power,0.700000,2026-02-17T09:35:48.188Z
sensor.sigen_plant_consumed_power,0.709000,2026-02-17T09:35:58.179Z
sensor.sigen_plant_consumed_power,0.718000,2026-02-17T09:36:03.212Z
sensor.sigen_plant_consumed_power,0.715000,2026-02-17T09:36:08.178Z
sensor.sigen_plant_consumed_power,0.724000,2026-02-17T09:36:13.210Z
sensor.sigen_plant_consumed_power,0.703000,2026-02-17T09:36:18.199Z
sensor.sigen_plant_consumed_power,0.732000,2026-02-17T09:36:23.176Z
sensor.sigen_plant_consumed_power,0.771000,2026-02-17T09:36:28.180Z
sensor.sigen_plant_consumed_power,0.727000,2026-02-17T09:36:33.179Z
sensor.sigen_plant_consumed_power,0.755000,2026-02-17T09:36:38.210Z
sensor.sigen_plant_consumed_power,0.738000,2026-02-17T09:36:43.180Z
sensor.sigen_plant_consumed_power,0.744000,2026-02-17T09:36:48.248Z
sensor.sigen_plant_consumed_power,0.732000,2026-02-17T09:36:53.200Z
sensor.sigen_plant_consumed_power,0.737000,2026-02-17T09:36:58.230Z
sensor.sigen_plant_consumed_power,0.741000,2026-02-17T09:37:03.180Z
sensor.sigen_plant_consumed_power,0.754000,2026-02-17T09:37:13.189Z
sensor.sigen_plant_consumed_power,0.715000,2026-02-17T09:37:18.179Z
sensor.sigen_plant_consumed_power,0.725000,2026-02-17T09:37:23.182Z
sensor.sigen_plant_consumed_power,0.741000,2026-02-17T09:37:28.189Z
sensor.sigen_plant_consumed_power,0.735000,2026-02-17T09:37:33.180Z
sensor.sigen_plant_consumed_power,0.727000,2026-02-17T09:37:38.199Z
sensor.sigen_plant_consumed_power,0.753000,2026-02-17T09:37:43.189Z
sensor.sigen_plant_consumed_power,0.751000,2026-02-17T09:37:48.173Z
sensor.sigen_plant_consumed_power,0.732000,2026-02-17T09:37:53.169Z
sensor.sigen_plant_consumed_power,0.738000,2026-02-17T09:37:58.189Z
sensor.sigen_plant_consumed_power,0.757000,2026-02-17T09:38:03.191Z
sensor.sigen_plant_consumed_power,0.742000,2026-02-17T09:38:08.199Z
sensor.sigen_plant_consumed_power,0.771000,2026-02-17T09:38:13.189Z
sensor.sigen_plant_consumed_power,0.711000,2026-02-17T09:38:18.180Z
sensor.sigen_plant_consumed_power,0.715000,2026-02-17T09:38:23.189Z
sensor.sigen_plant_consumed_power,0.711000,2026-02-17T09:38:28.212Z
sensor.sigen_plant_consumed_power,0.719000,2026-02-17T09:38:33.189Z
sensor.sigen_plant_consumed_power,0.737000,2026-02-17T09:38:38.222Z
sensor.sigen_plant_consumed_power,0.731000,2026-02-17T09:38:43.180Z
sensor.sigen_plant_consumed_power,0.729000,2026-02-17T09:38:48.199Z
sensor.sigen_plant_consumed_power,0.717000,2026-02-17T09:38:53.249Z
sensor.sigen_plant_consumed_power,0.726000,2026-02-17T09:38:58.190Z
sensor.sigen_plant_consumed_power,0.738000,2026-02-17T09:39:03.189Z
sensor.sigen_plant_consumed_power,0.741000,2026-02-17T09:39:08.181Z
sensor.sigen_plant_consumed_power,0.735000,2026-02-17T09:39:13.173Z
sensor.sigen_plant_consumed_power,0.715000,2026-02-17T09:39:18.192Z
sensor.sigen_plant_consumed_power,0.753000,2026-02-17T09:39:23.169Z
sensor.sigen_plant_consumed_power,0.722000,2026-02-17T09:39:28.181Z
sensor.sigen_plant_consumed_power,0.738000,2026-02-17T09:39:33.201Z
sensor.sigen_plant_consumed_power,0.748000,2026-02-17T09:39:38.191Z
sensor.sigen_plant_consumed_power,0.736000,2026-02-17T09:39:43.181Z
sensor.sigen_plant_consumed_power,0.751000,2026-02-17T09:39:48.211Z
sensor.sigen_plant_consumed_power,0.764000,2026-02-17T09:39:53.180Z
sensor.sigen_plant_consumed_power,0.731000,2026-02-17T09:39:58.190Z
sensor.sigen_plant_consumed_power,0.717000,2026-02-17T09:40:03.180Z
sensor.sigen_plant_consumed_power,0.725000,2026-02-17T09:40:08.190Z
sensor.sigen_plant_consumed_power,0.777000,2026-02-17T09:40:13.175Z
sensor.sigen_plant_consumed_power,0.723000,2026-02-17T09:40:18.190Z
sensor.sigen_plant_consumed_power,0.751000,2026-02-17T09:40:23.170Z
sensor.sigen_plant_consumed_power,0.757000,2026-02-17T09:40:27.490Z
sensor.sigen_plant_consumed_power,0.726000,2026-02-17T09:40:32.189Z
sensor.sigen_plant_consumed_power,0.716000,2026-02-17T09:40:37.189Z
sensor.sigen_plant_consumed_power,0.733000,2026-02-17T09:40:42.190Z
sensor.sigen_plant_consumed_power,0.713000,2026-02-17T09:40:47.189Z
sensor.sigen_plant_consumed_power,0.734000,2026-02-17T09:40:52.171Z
sensor.sigen_plant_consumed_power,0.726000,2026-02-17T09:40:57.170Z
sensor.sigen_plant_consumed_power,0.719000,2026-02-17T09:41:02.173Z
sensor.sigen_plant_consumed_power,0.707000,2026-02-17T09:41:07.170Z
sensor.sigen_plant_consumed_power,0.734000,2026-02-17T09:41:12.223Z
sensor.sigen_plant_consumed_power,0.749000,2026-02-17T09:41:17.190Z
sensor.sigen_plant_consumed_power,0.719000,2026-02-17T09:41:22.182Z
sensor.sigen_plant_consumed_power,0.711000,2026-02-17T09:41:27.170Z
sensor.sigen_plant_consumed_power,0.732000,2026-02-17T09:41:32.180Z
sensor.sigen_plant_consumed_power,0.734000,2026-02-17T09:41:37.182Z
sensor.sigen_plant_consumed_power,0.711000,2026-02-17T09:41:42.181Z
sensor.sigen_plant_consumed_power,0.713000,2026-02-17T09:41:47.201Z
sensor.sigen_plant_consumed_power,0.721000,2026-02-17T09:41:52.170Z
sensor.sigen_plant_consumed_power,0.715000,2026-02-17T09:42:02.160Z
sensor.sigen_plant_consumed_power,0.707000,2026-02-17T09:42:07.180Z
sensor.sigen_plant_consumed_power,0.727000,2026-02-17T09:42:12.192Z
sensor.sigen_plant_consumed_power,0.743000,2026-02-17T09:42:17.187Z
sensor.sigen_plant_consumed_power,0.727000,2026-02-17T09:42:22.172Z
sensor.sigen_plant_consumed_power,0.731000,2026-02-17T09:42:27.160Z
sensor.sigen_plant_consumed_power,0.721000,2026-02-17T09:42:32.171Z
sensor.sigen_plant_consumed_power,0.719000,2026-02-17T09:42:37.190Z
sensor.sigen_plant_consumed_power,0.745000,2026-02-17T09:42:42.164Z
sensor.sigen_plant_consumed_power,0.721000,2026-02-17T09:42:47.172Z
sensor.sigen_plant_consumed_power,0.722000,2026-02-17T09:42:52.205Z
sensor.sigen_plant_consumed_power,0.708000,2026-02-17T09:42:57.192Z
sensor.sigen_plant_consumed_power,0.721000,2026-02-17T09:43:02.191Z
sensor.sigen_plant_consumed_power,0.728000,2026-02-17T09:43:07.183Z
sensor.sigen_plant_consumed_power,0.723000,2026-02-17T09:43:12.171Z
sensor.sigen_plant_consumed_power,0.781000,2026-02-17T09:43:17.161Z
sensor.sigen_plant_consumed_power,0.767000,2026-02-17T09:43:22.211Z
sensor.sigen_plant_consumed_power,0.757000,2026-02-17T09:43:27.181Z
sensor.sigen_plant_consumed_power,0.762000,2026-02-17T09:43:32.181Z
sensor.sigen_plant_consumed_power,0.775000,2026-02-17T09:43:37.191Z
sensor.sigen_plant_consumed_power,0.756000,2026-02-17T09:43:42.192Z
sensor.sigen_plant_consumed_power,0.753000,2026-02-17T09:43:47.171Z
sensor.sigen_plant_consumed_power,0.738000,2026-02-17T09:43:52.194Z
sensor.sigen_plant_consumed_power,0.749000,2026-02-17T09:43:57.202Z
sensor.sigen_plant_consumed_power,0.774000,2026-02-17T09:44:02.161Z
sensor.sigen_plant_consumed_power,0.781000,2026-02-17T09:44:07.191Z
sensor.sigen_plant_consumed_power,0.754000,2026-02-17T09:44:12.174Z
sensor.sigen_plant_consumed_power,0.784000,2026-02-17T09:44:17.161Z
sensor.sigen_plant_consumed_power,0.760000,2026-02-17T09:44:22.192Z
sensor.sigen_plant_consumed_power,0.762000,2026-02-17T09:44:27.181Z
sensor.sigen_plant_consumed_power,0.759000,2026-02-17T09:44:32.183Z
sensor.sigen_plant_consumed_power,0.751000,2026-02-17T09:44:37.191Z
sensor.sigen_plant_consumed_power,0.734000,2026-02-17T09:44:42.175Z
sensor.sigen_plant_consumed_power,0.765000,2026-02-17T09:44:47.181Z
sensor.sigen_plant_consumed_power,0.777000,2026-02-17T09:44:52.161Z
sensor.sigen_plant_consumed_power,0.760000,2026-02-17T09:44:57.181Z
sensor.sigen_plant_consumed_power,0.752000,2026-02-17T09:45:02.164Z
sensor.sigen_plant_consumed_power,0.743000,2026-02-17T09:45:07.191Z
sensor.sigen_plant_consumed_power,0.768000,2026-02-17T09:45:12.179Z
sensor.sigen_plant_consumed_power,0.742000,2026-02-17T09:45:17.172Z
sensor.sigen_plant_consumed_power,0.769000,2026-02-17T09:45:22.181Z
sensor.sigen_plant_consumed_power,0.760000,2026-02-17T09:45:24.792Z
sensor.sigen_plant_consumed_power,0.762000,2026-02-17T09:45:29.190Z
sensor.sigen_plant_consumed_power,0.788000,2026-02-17T09:45:34.171Z
sensor.sigen_plant_consumed_power,0.746000,2026-02-17T09:45:39.191Z
sensor.sigen_plant_consumed_power,0.748000,2026-02-17T09:45:44.181Z
sensor.sigen_plant_consumed_power,0.728000,2026-02-17T09:45:49.181Z
sensor.sigen_plant_consumed_power,0.723000,2026-02-17T09:45:54.164Z
sensor.sigen_plant_consumed_power,0.724000,2026-02-17T09:45:59.162Z
sensor.sigen_plant_consumed_power,0.711000,2026-02-17T09:46:04.162Z
sensor.sigen_plant_consumed_power,0.738000,2026-02-17T09:46:09.184Z
sensor.sigen_plant_consumed_power,0.764000,2026-02-17T09:46:14.184Z
sensor.sigen_plant_consumed_power,0.749000,2026-02-17T09:46:19.172Z
sensor.sigen_plant_consumed_power,0.702000,2026-02-17T09:46:24.163Z
sensor.sigen_plant_consumed_power,0.725000,2026-02-17T09:46:29.162Z
sensor.sigen_plant_consumed_power,0.717000,2026-02-17T09:46:34.182Z
sensor.sigen_plant_consumed_power,0.733000,2026-02-17T09:46:39.182Z
sensor.sigen_plant_consumed_power,0.743000,2026-02-17T09:46:44.182Z
sensor.sigen_plant_consumed_power,0.724000,2026-02-17T09:46:49.192Z
sensor.sigen_plant_consumed_power,0.775000,2026-02-17T09:46:54.188Z
sensor.sigen_plant_consumed_power,0.777000,2026-02-17T09:46:59.173Z
sensor.sigen_plant_consumed_power,0.754000,2026-02-17T09:47:04.207Z
sensor.sigen_plant_consumed_power,0.765000,2026-02-17T09:47:09.192Z
sensor.sigen_plant_consumed_power,0.735000,2026-02-17T09:47:14.183Z
sensor.sigen_plant_consumed_power,0.741000,2026-02-17T09:47:19.215Z
sensor.sigen_plant_consumed_power,0.743000,2026-02-17T09:47:24.162Z
sensor.sigen_plant_consumed_power,0.772000,2026-02-17T09:47:29.172Z
sensor.sigen_plant_consumed_power,0.740000,2026-02-17T09:47:34.172Z
sensor.sigen_plant_consumed_power,0.741000,2026-02-17T09:47:39.172Z
sensor.sigen_plant_consumed_power,0.793000,2026-02-17T09:47:44.392Z
sensor.sigen_plant_consumed_power,0.772000,2026-02-17T09:47:49.214Z
sensor.sigen_plant_consumed_power,0.731000,2026-02-17T09:47:54.252Z
sensor.sigen_plant_consumed_power,0.745000,2026-02-17T09:47:59.286Z
sensor.sigen_plant_consumed_power,0.754000,2026-02-17T09:48:04.194Z
sensor.sigen_plant_consumed_power,0.771000,2026-02-17T09:48:09.172Z
sensor.sigen_plant_consumed_power,0.753000,2026-02-17T09:48:14.162Z
sensor.sigen_plant_consumed_power,0.793000,2026-02-17T09:48:19.176Z
sensor.sigen_plant_consumed_power,0.765000,2026-02-17T09:48:24.174Z
sensor.sigen_plant_consumed_power,1.040000,2026-02-17T09:48:29.175Z
sensor.sigen_plant_consumed_power,1.074000,2026-02-17T09:48:34.375Z
sensor.sigen_plant_consumed_power,1.075000,2026-02-17T09:48:39.204Z
sensor.sigen_plant_consumed_power,1.115000,2026-02-17T09:48:44.173Z
sensor.sigen_plant_consumed_power,1.107000,2026-02-17T09:48:49.187Z
sensor.sigen_plant_consumed_power,1.097000,2026-02-17T09:48:54.203Z
sensor.sigen_plant_consumed_power,1.115000,2026-02-17T09:48:59.200Z
sensor.sigen_plant_consumed_power,1.102000,2026-02-17T09:49:04.173Z
sensor.sigen_plant_consumed_power,1.100000,2026-02-17T09:49:09.173Z
sensor.sigen_plant_consumed_power,1.105000,2026-02-17T09:49:14.173Z
sensor.sigen_plant_consumed_power,1.099000,2026-02-17T09:49:19.188Z
sensor.sigen_plant_consumed_power,1.113000,2026-02-17T09:49:24.173Z
sensor.sigen_plant_consumed_power,1.110000,2026-02-17T09:49:29.167Z
sensor.sigen_plant_consumed_power,1.097000,2026-02-17T09:49:34.183Z
sensor.sigen_plant_consumed_power,1.085000,2026-02-17T09:49:39.173Z
sensor.sigen_plant_consumed_power,1.101000,2026-02-17T09:49:44.183Z
sensor.sigen_plant_consumed_power,1.092000,2026-02-17T09:49:49.185Z
sensor.sigen_plant_consumed_power,1.111000,2026-02-17T09:49:54.215Z
sensor.sigen_plant_consumed_power,1.109000,2026-02-17T09:49:59.185Z
sensor.sigen_plant_consumed_power,1.089000,2026-02-17T09:50:04.183Z
sensor.sigen_plant_consumed_power,1.112000,2026-02-17T09:50:09.187Z
sensor.sigen_plant_consumed_power,1.088000,2026-02-17T09:50:14.203Z
sensor.sigen_plant_consumed_power,1.084000,2026-02-17T09:50:19.163Z
sensor.sigen_plant_consumed_power,1.488000,2026-02-17T09:50:24.035Z
sensor.sigen_plant_consumed_power,1.220000,2026-02-17T09:50:29.167Z
sensor.sigen_plant_consumed_power,1.211000,2026-02-17T09:50:34.173Z
sensor.sigen_plant_consumed_power,1.221000,2026-02-17T09:50:39.195Z
sensor.sigen_plant_consumed_power,1.208000,2026-02-17T09:50:44.195Z
sensor.sigen_plant_consumed_power,1.206000,2026-02-17T09:50:49.178Z
sensor.sigen_plant_consumed_power,1.186000,2026-02-17T09:50:54.163Z
sensor.sigen_plant_consumed_power,1.198000,2026-02-17T09:50:59.176Z
sensor.sigen_plant_consumed_power,1.207000,2026-02-17T09:51:04.185Z
sensor.sigen_plant_consumed_power,1.205000,2026-02-17T09:51:09.163Z
sensor.sigen_plant_consumed_power,1.195000,2026-02-17T09:51:14.165Z
sensor.sigen_plant_consumed_power,1.212000,2026-02-17T09:51:19.173Z
sensor.sigen_plant_consumed_power,1.190000,2026-02-17T09:51:24.234Z
sensor.sigen_plant_consumed_power,1.210000,2026-02-17T09:51:29.173Z
sensor.sigen_plant_consumed_power,1.208000,2026-02-17T09:51:34.165Z
sensor.sigen_plant_consumed_power,1.219000,2026-02-17T09:51:39.174Z
sensor.sigen_plant_consumed_power,1.198000,2026-02-17T09:51:44.177Z
sensor.sigen_plant_consumed_power,1.205000,2026-02-17T09:51:49.176Z
sensor.sigen_plant_consumed_power,1.200000,2026-02-17T09:51:54.173Z
sensor.sigen_plant_consumed_power,1.217000,2026-02-17T09:51:59.174Z
sensor.sigen_plant_consumed_power,1.198000,2026-02-17T09:52:04.175Z
sensor.sigen_plant_consumed_power,1.187000,2026-02-17T09:52:09.184Z
sensor.sigen_plant_consumed_power,1.191000,2026-02-17T09:52:14.164Z
sensor.sigen_plant_consumed_power,1.201000,2026-02-17T09:52:19.198Z
sensor.sigen_plant_consumed_power,1.219000,2026-02-17T09:52:24.174Z
sensor.sigen_plant_consumed_power,1.237000,2026-02-17T09:52:29.184Z
sensor.sigen_plant_consumed_power,1.176000,2026-02-17T09:52:34.175Z
sensor.sigen_plant_consumed_power,1.181000,2026-02-17T09:52:39.168Z
sensor.sigen_plant_consumed_power,1.174000,2026-02-17T09:52:44.164Z
sensor.sigen_plant_consumed_power,1.188000,2026-02-17T09:52:49.174Z
sensor.sigen_plant_consumed_power,1.185000,2026-02-17T09:52:54.184Z
sensor.sigen_plant_consumed_power,1.178000,2026-02-17T09:52:59.175Z
sensor.sigen_plant_consumed_power,1.189000,2026-02-17T09:53:04.175Z
sensor.sigen_plant_consumed_power,1.204000,2026-02-17T09:53:09.184Z
sensor.sigen_plant_consumed_power,1.182000,2026-02-17T09:53:14.165Z
sensor.sigen_plant_consumed_power,1.199000,2026-02-17T09:53:19.185Z
sensor.sigen_plant_consumed_power,1.189000,2026-02-17T09:53:24.197Z
sensor.sigen_plant_consumed_power,1.183000,2026-02-17T09:53:29.186Z
sensor.sigen_plant_consumed_power,1.158000,2026-02-17T09:53:34.196Z
sensor.sigen_plant_consumed_power,1.192000,2026-02-17T09:53:39.184Z
sensor.sigen_plant_consumed_power,1.200000,2026-02-17T09:53:44.198Z
sensor.sigen_plant_consumed_power,1.166000,2026-02-17T09:53:49.184Z
sensor.sigen_plant_consumed_power,1.182000,2026-02-17T09:53:54.174Z
sensor.sigen_plant_consumed_power,1.186000,2026-02-17T09:53:59.164Z
sensor.sigen_plant_consumed_power,1.203000,2026-02-17T09:54:04.206Z
sensor.sigen_plant_consumed_power,1.185000,2026-02-17T09:54:09.177Z
sensor.sigen_plant_consumed_power,1.187000,2026-02-17T09:54:14.194Z
sensor.sigen_plant_consumed_power,1.176000,2026-02-17T09:54:19.184Z
sensor.sigen_plant_consumed_power,1.174000,2026-02-17T09:54:24.194Z
sensor.sigen_plant_consumed_power,1.196000,2026-02-17T09:54:29.164Z
sensor.sigen_plant_consumed_power,1.200000,2026-02-17T09:54:34.194Z
sensor.sigen_plant_consumed_power,1.198000,2026-02-17T09:54:39.183Z
sensor.sigen_plant_consumed_power,1.178000,2026-02-17T09:54:44.205Z
sensor.sigen_plant_consumed_power,1.206000,2026-02-17T09:54:49.195Z
sensor.sigen_plant_consumed_power,1.209000,2026-02-17T09:54:54.245Z
sensor.sigen_plant_consumed_power,1.214000,2026-02-17T09:54:59.195Z
sensor.sigen_plant_consumed_power,1.328000,2026-02-17T09:55:04.275Z
sensor.sigen_plant_consumed_power,1.304000,2026-02-17T09:55:09.165Z
sensor.sigen_plant_consumed_power,1.287000,2026-02-17T09:55:14.165Z
sensor.sigen_plant_consumed_power,1.284000,2026-02-17T09:55:19.174Z
sensor.sigen_plant_consumed_power,1.306000,2026-02-17T09:55:23.675Z
sensor.sigen_plant_consumed_power,1.257000,2026-02-17T09:55:28.194Z
sensor.sigen_plant_consumed_power,1.295000,2026-02-17T09:55:33.174Z
sensor.sigen_plant_consumed_power,1.292000,2026-02-17T09:55:38.174Z
sensor.sigen_plant_consumed_power,1.258000,2026-02-17T09:55:43.164Z
sensor.sigen_plant_consumed_power,1.284000,2026-02-17T09:55:48.165Z
sensor.sigen_plant_consumed_power,1.258000,2026-02-17T09:55:53.175Z
sensor.sigen_plant_consumed_power,1.231000,2026-02-17T09:55:58.175Z
sensor.sigen_plant_consumed_power,1.250000,2026-02-17T09:56:03.175Z
sensor.sigen_plant_consumed_power,1.228000,2026-02-17T09:56:08.196Z
sensor.sigen_plant_consumed_power,1.250000,2026-02-17T09:56:13.195Z
sensor.sigen_plant_consumed_power,1.271000,2026-02-17T09:56:18.175Z
sensor.sigen_plant_consumed_power,1.249000,2026-02-17T09:56:23.195Z
sensor.sigen_plant_consumed_power,1.284000,2026-02-17T09:56:28.188Z
sensor.sigen_plant_consumed_power,1.269000,2026-02-17T09:56:33.185Z
sensor.sigen_plant_consumed_power,1.292000,2026-02-17T09:56:38.187Z
sensor.sigen_plant_consumed_power,1.287000,2026-02-17T09:56:43.185Z
sensor.sigen_plant_consumed_power,1.275000,2026-02-17T09:56:48.186Z
sensor.sigen_plant_consumed_power,1.284000,2026-02-17T09:56:53.195Z
sensor.sigen_plant_consumed_power,1.297000,2026-02-17T09:56:58.177Z
sensor.sigen_plant_consumed_power,1.304000,2026-02-17T09:57:03.198Z
